"Time of Day","Process Name","PID","Operation","Path","Result","Detail"
"7:12:28.0517764 PM","svchost.exe","2128","ReadFile","C:\Windows\System32\StateRepository.Core.dll","SUCCESS","Offset: 690,688, Length: 15,872, I/O Flags: Non-cached, Paging I/O, Synchronous Paging I/O, Priority: Normal"
"7:12:28.0523924 PM","svchost.exe","2128","ReadFile","C:\Windows\System32\StateRepository.Core.dll","SUCCESS","Offset: 678,400, Length: 12,288, I/O Flags: Non-cached, Paging I/O, Synchronous Paging I/O, Priority: Normal"
"7:12:28.0531440 PM","svchost.exe","2128","ReadFile","C:\Windows\System32\StateRepository.Core.dll","SUCCESS","Offset: 635,904, Length: 16,384, I/O Flags: Non-cached, Paging I/O, Synchronous Paging I/O, Priority: Normal"
"7:12:28.0538910 PM","svchost.exe","2128","ReadFile","C:\Windows\System32\Windows.StateRepository.dll","SUCCESS","Offset: 5,473,280, Length: 16,384, I/O Flags: Non-cached, Paging I/O, Synchronous Paging I/O, Priority: Normal"
"7:12:28.0544039 PM","Procmon64.exe","1132","RegQueryValue","HKLM\System\CurrentControlSet\Control\WMI\Security\d6dc3afb-1bc9-11f1-81dc-000c2970d9af","NAME NOT FOUND","Length: 528"
"7:12:28.0545198 PM","Procmon64.exe","1132","RegQueryValue","HKLM\System\CurrentControlSet\Control\WMI\Security\9e814aad-3204-11d2-9a82-006008a86939","SUCCESS","Type: REG_BINARY, Length: 184, Data: 01 00 04 80 14 00 00 00 24 00 00 00 00 00 00 00"
"7:12:28.0545846 PM","svchost.exe","2128","LockFile","C:\ProgramData\Microsoft\Windows\AppRepository\StateRepository-Machine.srd-shm","SUCCESS","Exclusive: False, Offset: 123, Length: 1, Fail Immediately: True"
"7:12:28.0546387 PM","svchost.exe","2128","QueryStandardInformationFile","C:\ProgramData\Microsoft\Windows\AppRepository\StateRepository-Machine.srd","SUCCESS","AllocationSize: 3,145,728, EndOfFile: 3,145,728, NumberOfLinks: 1, DeletePending: False, Directory: False"
"7:12:28.0547066 PM","svchost.exe","2128","UnlockFileSingle","C:\ProgramData\Microsoft\Windows\AppRepository\StateRepository-Machine.srd-shm","SUCCESS","Offset: 123, Length: 1"
"7:12:28.0553621 PM","svchost.exe","2128","LockFile","C:\ProgramData\Microsoft\Windows\AppRepository\StateRepository-Machine.srd-shm","SUCCESS","Exclusive: False, Offset: 123, Length: 1, Fail Immediately: True"
"7:12:28.0553759 PM","svchost.exe","2128","QueryStandardInformationFile","C:\ProgramData\Microsoft\Windows\AppRepository\StateRepository-Machine.srd","SUCCESS","AllocationSize: 3,145,728, EndOfFile: 3,145,728, NumberOfLinks: 1, DeletePending: False, Directory: False"
"7:12:28.0553981 PM","svchost.exe","2128","UnlockFileSingle","C:\ProgramData\Microsoft\Windows\AppRepository\StateRepository-Machine.srd-shm","SUCCESS","Offset: 123, Length: 1"
"7:12:28.0554164 PM","System","4","Thread Create","","SUCCESS","Thread ID: 6608"
"7:12:28.0564432 PM","svchost.exe","2772","ReadFile","C:\Windows\System32\winsqlite3.dll","SUCCESS","Offset: 864,256, Length: 15,872, I/O Flags: Non-cached, Paging I/O, Synchronous Paging I/O, Priority: Normal"
"7:12:28.0571548 PM","svchost.exe","2772","ReadFile","C:\Windows\System32\winsqlite3.dll","SUCCESS","Offset: 799,232, Length: 16,384, I/O Flags: Non-cached, Paging I/O, Synchronous Paging I/O, Priority: Normal"
"7:12:28.0575671 PM","svchost.exe","2772","ReadFile","C:\Windows\System32\winsqlite3.dll","SUCCESS","Offset: 851,968, Length: 12,288, I/O Flags: Non-cached, Paging I/O, Synchronous Paging I/O, Priority: Normal"
"7:12:28.0578287 PM","Explorer.EXE","4184","RegOpenKey","HKLM\SYSTEM\CurrentControlSet\Control\Session Manager","REPARSE","Desired Access: Query Value, Enumerate Sub Keys"
"7:12:28.0578930 PM","Explorer.EXE","4184","RegOpenKey","HKLM\System\CurrentControlSet\Control\Session Manager","SUCCESS","Desired Access: Query Value, Enumerate Sub Keys"
"7:12:28.0579221 PM","Explorer.EXE","4184","RegQueryValue","HKLM\System\CurrentControlSet\Control\Session Manager\ResourcePolicies","NAME NOT FOUND","Length: 24"
"7:12:28.0579386 PM","Explorer.EXE","4184","RegCloseKey","HKLM\System\CurrentControlSet\Control\Session Manager","SUCCESS",""
"7:12:28.0580199 PM","svchost.exe","2772","ReadFile","C:\Windows\System32\cdp.dll","SUCCESS","Offset: 4,232,704, Length: 16,384, I/O Flags: Non-cached, Paging I/O, Synchronous Paging I/O, Priority: Normal"
"7:12:28.0581263 PM","Explorer.EXE","4184","RegQueryKey","HKLM","SUCCESS","Query: HandleTags, HandleTags: 0x0"
"7:12:28.0581396 PM","Explorer.EXE","4184","RegOpenKey","HKLM\Software\Microsoft\Windows\CurrentVersion\Explorer","SUCCESS","Desired Access: Query Value"
"7:12:28.0581670 PM","Explorer.EXE","4184","RegQueryValue","HKLM\SOFTWARE\Microsoft\Windows\CurrentVersion\Explorer\GlobalAssocChangedCounter","SUCCESS","Type: REG_DWORD, Length: 4, Data: 2"
"7:12:28.0581804 PM","Explorer.EXE","4184","RegCloseKey","HKLM\SOFTWARE\Microsoft\Windows\CurrentVersion\Explorer","SUCCESS",""
"7:12:28.0581922 PM","Explorer.EXE","4184","RegQueryKey","HKCU","SUCCESS","Query: HandleTags, HandleTags: 0x0"
"7:12:28.0581991 PM","Explorer.EXE","4184","RegOpenKey","HKCU\Software\Microsoft\Windows\CurrentVersion\Explorer","SUCCESS","Desired Access: Query Value"
"7:12:28.0582136 PM","Explorer.EXE","4184","RegQueryValue","HKCU\SOFTWARE\Microsoft\Windows\CurrentVersion\Explorer\GlobalAssocChangedCounter","SUCCESS","Type: REG_DWORD, Length: 4, Data: 6"
"7:12:28.0582284 PM","Explorer.EXE","4184","RegCloseKey","HKCU\SOFTWARE\Microsoft\Windows\CurrentVersion\Explorer","SUCCESS",""
"7:12:28.0582795 PM","Explorer.EXE","4184","RegQueryKey","HKCU\Software\Classes","SUCCESS","Query: Name"
"7:12:28.0582932 PM","Explorer.EXE","4184","RegQueryKey","HKCU\Software\Classes","SUCCESS","Query: HandleTags, HandleTags: 0x0"
"7:12:28.0582990 PM","Explorer.EXE","4184","RegQueryKey","HKCU\Software\Classes","SUCCESS","Query: HandleTags, HandleTags: 0x0"
"7:12:28.0583065 PM","Explorer.EXE","4184","RegOpenKey","HKCU\Software\Classes\CLSID\{2155FEE3-2419-4373-B102-6843707EB41F}","NAME NOT FOUND","Desired Access: Read"
"7:12:28.0583266 PM","Explorer.EXE","4184","RegOpenKey","HKCR\CLSID\{2155FEE3-2419-4373-B102-6843707EB41F}","SUCCESS","Desired Access: Read"
"7:12:28.0583458 PM","Explorer.EXE","4184","RegQueryKey","HKCR\CLSID\{2155fee3-2419-4373-b102-6843707eb41f}","SUCCESS","Query: Name"
"7:12:28.0583523 PM","Explorer.EXE","4184","RegOpenKey","HKLM\SYSTEM\CurrentControlSet\Control\Session Manager","REPARSE","Desired Access: Query Value, Enumerate Sub Keys"
"7:12:28.0583551 PM","Explorer.EXE","4184","RegQueryKey","HKCR\CLSID\{2155fee3-2419-4373-b102-6843707eb41f}","SUCCESS","Query: HandleTags, HandleTags: 0x0"
"7:12:28.0583679 PM","Explorer.EXE","4184","RegOpenKey","HKCU\Software\Classes\CLSID\{2155fee3-2419-4373-b102-6843707eb41f}\TreatAs","NAME NOT FOUND","Desired Access: Query Value"
"7:12:28.0583697 PM","Explorer.EXE","4184","RegOpenKey","HKLM\System\CurrentControlSet\Control\Session Manager","SUCCESS","Desired Access: Query Value, Enumerate Sub Keys"
"7:12:28.0583769 PM","Explorer.EXE","4184","RegQueryKey","HKCR\CLSID\{2155fee3-2419-4373-b102-6843707eb41f}","SUCCESS","Query: HandleTags, HandleTags: 0x0"
"7:12:28.0583838 PM","Explorer.EXE","4184","RegQueryValue","HKLM\System\CurrentControlSet\Control\Session Manager\ResourcePolicies","NAME NOT FOUND","Length: 24"
"7:12:28.0583864 PM","Explorer.EXE","4184","RegOpenKey","HKCR\CLSID\{2155fee3-2419-4373-b102-6843707eb41f}\TreatAs","NAME NOT FOUND","Desired Access: Query Value"
"7:12:28.0583987 PM","Explorer.EXE","4184","RegQueryKey","HKCR\CLSID\{2155fee3-2419-4373-b102-6843707eb41f}","SUCCESS","Query: Name"
"7:12:28.0583990 PM","Explorer.EXE","4184","RegCloseKey","HKLM\System\CurrentControlSet\Control\Session Manager","SUCCESS",""
"7:12:28.0584147 PM","Explorer.EXE","4184","RegQueryKey","HKCR\CLSID\{2155fee3-2419-4373-b102-6843707eb41f}","SUCCESS","Query: Name"
"7:12:28.0584222 PM","Explorer.EXE","4184","RegQueryKey","HKCR\CLSID\{2155fee3-2419-4373-b102-6843707eb41f}","SUCCESS","Query: HandleTags, HandleTags: 0x0"
"7:12:28.0584357 PM","Explorer.EXE","4184","RegOpenKey","HKCU\Software\Classes\CLSID\{2155fee3-2419-4373-b102-6843707eb41f}","NAME NOT FOUND","Desired Access: Maximum Allowed"
"7:12:28.0584451 PM","Explorer.EXE","4184","RegQueryValue","HKCR\CLSID\{2155fee3-2419-4373-b102-6843707eb41f}\ActivateOnHostFlags","NAME NOT FOUND","Length: 16"
"7:12:28.0584535 PM","Explorer.EXE","4184","RegQueryKey","HKCR\CLSID\{2155fee3-2419-4373-b102-6843707eb41f}","SUCCESS","Query: Name"
"7:12:28.0585503 PM","svchost.exe","2772","ReadFile","C:\Windows\System32\cdp.dll","SUCCESS","Offset: 4,216,320, Length: 16,384, I/O Flags: Non-cached, Paging I/O, Synchronous Paging I/O, Priority: Normal"
"7:12:28.0586013 PM","Explorer.EXE","4184","RegQueryKey","HKCR\CLSID\{2155fee3-2419-4373-b102-6843707eb41f}","SUCCESS","Query: HandleTags, HandleTags: 0x0"
"7:12:28.0586316 PM","Explorer.EXE","4184","RegOpenKey","HKCU\Software\Classes\CLSID\{2155fee3-2419-4373-b102-6843707eb41f}","NAME NOT FOUND","Desired Access: Maximum Allowed"
"7:12:28.0586453 PM","Explorer.EXE","4184","RegQueryValue","HKCR\CLSID\{2155fee3-2419-4373-b102-6843707eb41f}\(Default)","BUFFER OVERFLOW","Length: 12"
"7:12:28.0586549 PM","Explorer.EXE","4184","RegQueryKey","HKCR\CLSID\{2155fee3-2419-4373-b102-6843707eb41f}","SUCCESS","Query: Name"
"7:12:28.0586643 PM","Explorer.EXE","4184","RegQueryKey","HKCR\CLSID\{2155fee3-2419-4373-b102-6843707eb41f}","SUCCESS","Query: HandleTags, HandleTags: 0x0"
"7:12:28.0586734 PM","Explorer.EXE","4184","RegOpenKey","HKCU\Software\Classes\CLSID\{2155fee3-2419-4373-b102-6843707eb41f}","NAME NOT FOUND","Desired Access: Maximum Allowed"
"7:12:28.0586806 PM","Explorer.EXE","4184","RegQueryValue","HKCR\CLSID\{2155fee3-2419-4373-b102-6843707eb41f}\(Default)","SUCCESS","Type: REG_SZ, Length: 42, Data: CLSID_LocalIconCache"
"7:12:28.0586891 PM","Explorer.EXE","4184","RegQueryKey","HKCR\CLSID\{2155fee3-2419-4373-b102-6843707eb41f}","SUCCESS","Query: Name"
"7:12:28.0587005 PM","Explorer.EXE","4184","RegQueryKey","HKCR\CLSID\{2155fee3-2419-4373-b102-6843707eb41f}","SUCCESS","Query: HandleTags, HandleTags: 0x0"
"7:12:28.0587137 PM","Explorer.EXE","4184","RegOpenKey","HKCU\Software\Classes\CLSID\{2155fee3-2419-4373-b102-6843707eb41f}\InprocServer32","NAME NOT FOUND","Desired Access: Read"
"7:12:28.0587217 PM","Explorer.EXE","4184","RegQueryKey","HKCR\CLSID\{2155fee3-2419-4373-b102-6843707eb41f}","SUCCESS","Query: HandleTags, HandleTags: 0x0"
"7:12:28.0587288 PM","Explorer.EXE","4184","RegOpenKey","HKCR\CLSID\{2155fee3-2419-4373-b102-6843707eb41f}\InprocServer32","SUCCESS","Desired Access: Read"
"7:12:28.0587434 PM","Explorer.EXE","4184","RegQueryKey","HKCR\CLSID\{2155fee3-2419-4373-b102-6843707eb41f}\InProcServer32","SUCCESS","Query: Name"
"7:12:28.0587500 PM","Explorer.EXE","4184","RegOpenKey","HKLM\SYSTEM\CurrentControlSet\Control\Session Manager","REPARSE","Desired Access: Query Value, Enumerate Sub Keys"
"7:12:28.0587522 PM","Explorer.EXE","4184","RegQueryKey","HKCR\CLSID\{2155fee3-2419-4373-b102-6843707eb41f}\InProcServer32","SUCCESS","Query: HandleTags, HandleTags: 0x0"
"7:12:28.0587614 PM","Explorer.EXE","4184","RegOpenKey","HKCU\Software\Classes\CLSID\{2155fee3-2419-4373-b102-6843707eb41f}\InProcServer32","NAME NOT FOUND","Desired Access: Maximum Allowed"
"7:12:28.0587668 PM","Explorer.EXE","4184","RegOpenKey","HKLM\System\CurrentControlSet\Control\Session Manager","SUCCESS","Desired Access: Query Value, Enumerate Sub Keys"
"7:12:28.0587697 PM","Explorer.EXE","4184","RegQueryValue","HKCR\CLSID\{2155fee3-2419-4373-b102-6843707eb41f}\InProcServer32\InprocServer32","NAME NOT FOUND","Length: 12"
"7:12:28.0587768 PM","Explorer.EXE","4184","RegQueryKey","HKCR\CLSID\{2155fee3-2419-4373-b102-6843707eb41f}\InProcServer32","SUCCESS","Query: Name"
"7:12:28.0587807 PM","Explorer.EXE","4184","RegQueryValue","HKLM\System\CurrentControlSet\Control\Session Manager\ResourcePolicies","NAME NOT FOUND","Length: 24"
"7:12:28.0587851 PM","Explorer.EXE","4184","RegQueryKey","HKCR\CLSID\{2155fee3-2419-4373-b102-6843707eb41f}\InProcServer32","SUCCESS","Query: HandleTags, HandleTags: 0x0"
"7:12:28.0587935 PM","Explorer.EXE","4184","RegCloseKey","HKLM\System\CurrentControlSet\Control\Session Manager","SUCCESS",""
"7:12:28.0587939 PM","Explorer.EXE","4184","RegOpenKey","HKCU\Software\Classes\CLSID\{2155fee3-2419-4373-b102-6843707eb41f}\InProcServer32","NAME NOT FOUND","Desired Access: Maximum Allowed"
"7:12:28.0588022 PM","Explorer.EXE","4184","RegQueryValue","HKCR\CLSID\{2155fee3-2419-4373-b102-6843707eb41f}\InProcServer32\(Default)","BUFFER OVERFLOW","Length: 12"
"7:12:28.0588103 PM","Explorer.EXE","4184","RegQueryKey","HKCR\CLSID\{2155fee3-2419-4373-b102-6843707eb41f}\InProcServer32","SUCCESS","Query: Name"
"7:12:28.0588177 PM","Explorer.EXE","4184","RegQueryKey","HKCR\CLSID\{2155fee3-2419-4373-b102-6843707eb41f}\InProcServer32","SUCCESS","Query: HandleTags, HandleTags: 0x0"
"7:12:28.0588253 PM","Explorer.EXE","4184","RegOpenKey","HKCU\Software\Classes\CLSID\{2155fee3-2419-4373-b102-6843707eb41f}\InProcServer32","NAME NOT FOUND","Desired Access: Maximum Allowed"
"7:12:28.0588323 PM","Explorer.EXE","4184","RegQueryValue","HKCR\CLSID\{2155fee3-2419-4373-b102-6843707eb41f}\InProcServer32\(Default)","SUCCESS","Type: REG_SZ, Length: 70, Data: C:\Windows\System32\thumbcache.dll"
"7:12:28.0588778 PM","Explorer.EXE","4184","RegQueryKey","HKCR\CLSID\{2155fee3-2419-4373-b102-6843707eb41f}\InProcServer32","SUCCESS","Query: Name"
"7:12:28.0588891 PM","Explorer.EXE","4184","RegQueryKey","HKCR\CLSID\{2155fee3-2419-4373-b102-6843707eb41f}\InProcServer32","SUCCESS","Query: HandleTags, HandleTags: 0x0"
"7:12:28.0588997 PM","Explorer.EXE","4184","RegOpenKey","HKCU\Software\Classes\CLSID\{2155fee3-2419-4373-b102-6843707eb41f}\InProcServer32","NAME NOT FOUND","Desired Access: Maximum Allowed"
"7:12:28.0589094 PM","Explorer.EXE","4184","RegQueryValue","HKCR\CLSID\{2155fee3-2419-4373-b102-6843707eb41f}\InProcServer32\ThreadingModel","SUCCESS","Type: REG_SZ, Length: 10, Data: Both"
"7:12:28.0589246 PM","Explorer.EXE","4184","RegCloseKey","HKCR\CLSID\{2155fee3-2419-4373-b102-6843707eb41f}\InProcServer32","SUCCESS",""
"7:12:28.0589326 PM","Explorer.EXE","4184","RegQueryKey","HKCR\CLSID\{2155fee3-2419-4373-b102-6843707eb41f}","SUCCESS","Query: Name"
"7:12:28.0589415 PM","Explorer.EXE","4184","RegQueryKey","HKCR\CLSID\{2155fee3-2419-4373-b102-6843707eb41f}","SUCCESS","Query: HandleTags, HandleTags: 0x0"
"7:12:28.0589561 PM","Explorer.EXE","4184","RegOpenKey","HKCU\Software\Classes\CLSID\{2155fee3-2419-4373-b102-6843707eb41f}\InprocHandler32","NAME NOT FOUND","Desired Access: Query Value"
"7:12:28.0589641 PM","Explorer.EXE","4184","RegQueryKey","HKCR\CLSID\{2155fee3-2419-4373-b102-6843707eb41f}","SUCCESS","Query: HandleTags, HandleTags: 0x0"
"7:12:28.0589706 PM","Explorer.EXE","4184","RegOpenKey","HKCR\CLSID\{2155fee3-2419-4373-b102-6843707eb41f}\InprocHandler32","NAME NOT FOUND","Desired Access: Query Value"
"7:12:28.0589778 PM","Explorer.EXE","4184","RegQueryKey","HKCR\CLSID\{2155fee3-2419-4373-b102-6843707eb41f}","SUCCESS","Query: Name"
"7:12:28.0590533 PM","svchost.exe","2772","ReadFile","C:\Windows\System32\cdp.dll","SUCCESS","Offset: 4,642,304, Length: 16,384, I/O Flags: Non-cached, Paging I/O, Synchronous Paging I/O, Priority: Normal"
"7:12:28.0591050 PM","Explorer.EXE","4184","RegQueryKey","HKCR\CLSID\{2155fee3-2419-4373-b102-6843707eb41f}","SUCCESS","Query: HandleTags, HandleTags: 0x0"
"7:12:28.0591195 PM","Explorer.EXE","4184","RegOpenKey","HKCU\Software\Classes\CLSID\{2155fee3-2419-4373-b102-6843707eb41f}\InprocHandler","NAME NOT FOUND","Desired Access: Query Value"
"7:12:28.0591296 PM","Explorer.EXE","4184","RegQueryKey","HKCR\CLSID\{2155fee3-2419-4373-b102-6843707eb41f}","SUCCESS","Query: HandleTags, HandleTags: 0x0"
"7:12:28.0591370 PM","Explorer.EXE","4184","RegOpenKey","HKCR\CLSID\{2155fee3-2419-4373-b102-6843707eb41f}\InprocHandler","NAME NOT FOUND","Desired Access: Query Value"
"7:12:28.0591490 PM","Explorer.EXE","4184","RegCloseKey","HKCR\CLSID\{2155fee3-2419-4373-b102-6843707eb41f}","SUCCESS",""
"7:12:28.0592001 PM","Explorer.EXE","4184","RegQueryKey","HKCU","SUCCESS","Query: HandleTags, HandleTags: 0x0"
"7:12:28.0592078 PM","Explorer.EXE","4184","RegOpenKey","HKCU\SOFTWARE\Microsoft\Windows\CurrentVersion\ThumbnailCache","NAME NOT FOUND","Desired Access: Query Value"
"7:12:28.0593738 PM","Explorer.EXE","4184","CreateFile","C:\Users\12220186","NAME COLLISION","Desired Access: Read Data/List Directory, Synchronize, Disposition: Create, Options: Directory, Synchronous IO Non-Alert, Open Reparse Point, Attributes: N, ShareMode: Read, Write, AllocationSize: 0"
"7:12:28.0595231 PM","Explorer.EXE","4184","QueryOpen","C:\Users\12220186","FAST IO DISALLOWED",""
"7:12:28.0595308 PM","svchost.exe","2772","LockFile","C:\Users\12220186\AppData\Local\ConnectedDevicesPlatform\L.12220186\ActivitiesCache.db-shm","SUCCESS","Exclusive: False, Offset: 124, Length: 1, Fail Immediately: True"
"7:12:28.0595738 PM","Explorer.EXE","4184","CreateFile","C:\Users\12220186","SUCCESS","Desired Access: Read Attributes, Disposition: Open, Options: Open Reparse Point, Attributes: n/a, ShareMode: Read, Write, Delete, AllocationSize: n/a, OpenResult: Opened"
"7:12:28.0595989 PM","Explorer.EXE","4184","QueryBasicInformationFile","C:\Users\12220186","SUCCESS","CreationTime: 3/9/2026 3:54:39 PM, LastAccessTime: 3/9/2026 7:12:26 PM, LastWriteTime: 3/9/2026 6:43:25 PM, ChangeTime: 3/9/2026 6:43:25 PM, FileAttributes: D"
"7:12:28.0596083 PM","Explorer.EXE","4184","CloseFile","C:\Users\12220186","SUCCESS",""
"7:12:28.0596233 PM","Explorer.EXE","4184","IRP_MJ_CLOSE","C:\Users\12220186","SUCCESS",""
"7:12:28.0596335 PM","svchost.exe","2772","UnlockFileSingle","C:\Users\12220186\AppData\Local\ConnectedDevicesPlatform\L.12220186\ActivitiesCache.db-shm","SUCCESS","Offset: 124, Length: 1"
"7:12:28.0596903 PM","Explorer.EXE","4184","CreateFile","C:\Users\12220186\AppData\Local","NAME COLLISION","Desired Access: Read Data/List Directory, Synchronize, Disposition: Create, Options: Directory, Synchronous IO Non-Alert, Open Reparse Point, Attributes: N, ShareMode: Read, Write, AllocationSize: 0"
"7:12:28.0597019 PM","svchost.exe","2772","LockFile","C:\Users\12220186\AppData\Local\ConnectedDevicesPlatform\L.12220186\ActivitiesCache.db-shm","SUCCESS","Exclusive: False, Offset: 124, Length: 1, Fail Immediately: True"
"7:12:28.0597098 PM","svchost.exe","2772","LockFile","C:\Users\12220186\AppData\Local\ConnectedDevicesPlatform\L.12220186\ActivitiesCache.db-shm","SUCCESS","Exclusive: True, Offset: 120, Length: 1, Fail Immediately: True"
"7:12:28.0597486 PM","Explorer.EXE","4184","QueryOpen","C:\Users\12220186\AppData\Local","FAST IO DISALLOWED",""
"7:12:28.0597595 PM","svchost.exe","2772","WriteFile","C:\Users\12220186\AppData\Local\ConnectedDevicesPlatform\L.12220186\ActivitiesCache.db-wal","SUCCESS","Offset: 2,739,832, Length: 24"
"7:12:28.0597780 PM","svchost.exe","2772","WriteFile","C:\Users\12220186\AppData\Local\ConnectedDevicesPlatform\L.12220186\ActivitiesCache.db-wal","SUCCESS","Offset: 2,739,856, Length: 4,096"
"7:12:28.0597830 PM","Explorer.EXE","4184","CreateFile","C:\Users\12220186\AppData\Local","SUCCESS","Desired Access: Read Attributes, Disposition: Open, Options: Open Reparse Point, Attributes: n/a, ShareMode: Read, Write, Delete, AllocationSize: n/a, OpenResult: Opened"
"7:12:28.0597904 PM","svchost.exe","2772","WriteFile","C:\Users\12220186\AppData\Local\ConnectedDevicesPlatform\L.12220186\ActivitiesCache.db-wal","SUCCESS","Offset: 2,743,952, Length: 24"
"7:12:28.0597974 PM","svchost.exe","2772","WriteFile","C:\Users\12220186\AppData\Local\ConnectedDevicesPlatform\L.12220186\ActivitiesCache.db-wal","SUCCESS","Offset: 2,743,976, Length: 4,096"
"7:12:28.0598014 PM","Explorer.EXE","4184","QueryBasicInformationFile","C:\Users\12220186\AppData\Local","SUCCESS","CreationTime: 3/9/2026 3:54:39 PM, LastAccessTime: 3/9/2026 7:09:24 PM, LastWriteTime: 3/9/2026 5:41:55 PM, ChangeTime: 3/9/2026 5:41:55 PM, FileAttributes: D"
"7:12:28.0598081 PM","svchost.exe","2772","UnlockFileSingle","C:\Users\12220186\AppData\Local\ConnectedDevicesPlatform\L.12220186\ActivitiesCache.db-shm","SUCCESS","Offset: 120, Length: 1"
"7:12:28.0598089 PM","Explorer.EXE","4184","CloseFile","C:\Users\12220186\AppData\Local","SUCCESS",""
"7:12:28.0598153 PM","svchost.exe","2772","UnlockFileSingle","C:\Users\12220186\AppData\Local\ConnectedDevicesPlatform\L.12220186\ActivitiesCache.db-shm","SUCCESS","Offset: 124, Length: 1"
"7:12:28.0598180 PM","Explorer.EXE","4184","IRP_MJ_CLOSE","C:\Users\12220186\AppData\Local","SUCCESS",""
"7:12:28.0598297 PM","svchost.exe","2772","LockFile","C:\Users\12220186\AppData\Local\ConnectedDevicesPlatform\L.12220186\ActivitiesCache.db-shm","SUCCESS","Exclusive: True, Offset: 124, Length: 1, Fail Immediately: True"
"7:12:28.0598354 PM","svchost.exe","2772","UnlockFileSingle","C:\Users\12220186\AppData\Local\ConnectedDevicesPlatform\L.12220186\ActivitiesCache.db-shm","SUCCESS","Offset: 124, Length: 1"
"7:12:28.0598403 PM","svchost.exe","2772","LockFile","C:\Users\12220186\AppData\Local\ConnectedDevicesPlatform\L.12220186\ActivitiesCache.db-shm","SUCCESS","Exclusive: False, Offset: 124, Length: 1, Fail Immediately: True"
"7:12:28.0598531 PM","svchost.exe","2772","UnlockFileSingle","C:\Users\12220186\AppData\Local\ConnectedDevicesPlatform\L.12220186\ActivitiesCache.db-shm","SUCCESS","Offset: 124, Length: 1"
"7:12:28.0598815 PM","svchost.exe","2772","LockFile","C:\Users\12220186\AppData\Local\ConnectedDevicesPlatform\L.12220186\ActivitiesCache.db-shm","SUCCESS","Exclusive: False, Offset: 124, Length: 1, Fail Immediately: True"
"7:12:28.0598878 PM","svchost.exe","2772","LockFile","C:\Users\12220186\AppData\Local\ConnectedDevicesPlatform\L.12220186\ActivitiesCache.db-shm","SUCCESS","Exclusive: True, Offset: 120, Length: 1, Fail Immediately: True"
"7:12:28.0599227 PM","svchost.exe","2772","WriteFile","C:\Users\12220186\AppData\Local\ConnectedDevicesPlatform\L.12220186\ActivitiesCache.db-wal","SUCCESS","Offset: 2,748,072, Length: 24"
"7:12:28.0599328 PM","svchost.exe","2772","WriteFile","C:\Users\12220186\AppData\Local\ConnectedDevicesPlatform\L.12220186\ActivitiesCache.db-wal","SUCCESS","Offset: 2,748,096, Length: 4,096"
"7:12:28.0599453 PM","svchost.exe","2772","WriteFile","C:\Users\12220186\AppData\Local\ConnectedDevicesPlatform\L.12220186\ActivitiesCache.db-wal","SUCCESS","Offset: 2,752,192, Length: 24"
"7:12:28.0599517 PM","svchost.exe","2772","WriteFile","C:\Users\12220186\AppData\Local\ConnectedDevicesPlatform\L.12220186\ActivitiesCache.db-wal","FAST IO DISALLOWED","Offset: 2,752,216, Length: 4,096"
"7:12:28.0599601 PM","svchost.exe","2772","WriteFile","C:\Users\12220186\AppData\Local\ConnectedDevicesPlatform\L.12220186\ActivitiesCache.db-wal","SUCCESS","Offset: 2,752,216, Length: 4,096, Priority: Normal"
"7:12:28.0599664 PM","Explorer.EXE","4184","CreateFile","C:\Users\12220186\AppData\Local\Microsoft\Windows\Explorer","NAME COLLISION","Desired Access: Read Data/List Directory, Synchronize, Disposition: Create, Options: Directory, Synchronous IO Non-Alert, Open Reparse Point, Attributes: N, ShareMode: Read, Write, AllocationSize: 0"
"7:12:28.0600204 PM","svchost.exe","2772","WriteFile","C:\Users\12220186\AppData\Local\ConnectedDevicesPlatform\L.12220186\ActivitiesCache.db-wal","SUCCESS","Offset: 2,756,312, Length: 24"
"7:12:28.0600282 PM","svchost.exe","2772","WriteFile","C:\Users\12220186\AppData\Local\ConnectedDevicesPlatform\L.12220186\ActivitiesCache.db-wal","SUCCESS","Offset: 2,756,336, Length: 4,096"
"7:12:28.0600360 PM","svchost.exe","2772","WriteFile","C:\Users\12220186\AppData\Local\ConnectedDevicesPlatform\L.12220186\ActivitiesCache.db-wal","SUCCESS","Offset: 2,760,432, Length: 24"
"7:12:28.0600425 PM","svchost.exe","2772","WriteFile","C:\Users\12220186\AppData\Local\ConnectedDevicesPlatform\L.12220186\ActivitiesCache.db-wal","SUCCESS","Offset: 2,760,456, Length: 4,096"
"7:12:28.0600508 PM","svchost.exe","2772","WriteFile","C:\Users\12220186\AppData\Local\ConnectedDevicesPlatform\L.12220186\ActivitiesCache.db-wal","SUCCESS","Offset: 2,764,552, Length: 24"
"7:12:28.0600573 PM","svchost.exe","2772","WriteFile","C:\Users\12220186\AppData\Local\ConnectedDevicesPlatform\L.12220186\ActivitiesCache.db-wal","SUCCESS","Offset: 2,764,576, Length: 4,096"
"7:12:28.0600722 PM","svchost.exe","2772","UnlockFileSingle","C:\Users\12220186\AppData\Local\ConnectedDevicesPlatform\L.12220186\ActivitiesCache.db-shm","SUCCESS","Offset: 120, Length: 1"
"7:12:28.0600791 PM","svchost.exe","2772","UnlockFileSingle","C:\Users\12220186\AppData\Local\ConnectedDevicesPlatform\L.12220186\ActivitiesCache.db-shm","SUCCESS","Offset: 124, Length: 1"
"7:12:28.0601530 PM","svchost.exe","2772","LockFile","C:\Users\12220186\AppData\Local\ConnectedDevicesPlatform\L.12220186\ActivitiesCache.db-shm","SUCCESS","Exclusive: True, Offset: 124, Length: 1, Fail Immediately: True"
"7:12:28.0601602 PM","svchost.exe","2772","UnlockFileSingle","C:\Users\12220186\AppData\Local\ConnectedDevicesPlatform\L.12220186\ActivitiesCache.db-shm","SUCCESS","Offset: 124, Length: 1"
"7:12:28.0601657 PM","svchost.exe","2772","LockFile","C:\Users\12220186\AppData\Local\ConnectedDevicesPlatform\L.12220186\ActivitiesCache.db-shm","SUCCESS","Exclusive: False, Offset: 124, Length: 1, Fail Immediately: True"
"7:12:28.0601717 PM","svchost.exe","2772","LockFile","C:\Users\12220186\AppData\Local\ConnectedDevicesPlatform\L.12220186\ActivitiesCache.db-shm","SUCCESS","Exclusive: True, Offset: 120, Length: 1, Fail Immediately: True"
"7:12:28.0601957 PM","svchost.exe","2772","WriteFile","C:\Users\12220186\AppData\Local\ConnectedDevicesPlatform\L.12220186\ActivitiesCache.db-wal","SUCCESS","Offset: 2,768,672, Length: 24"
"7:12:28.0602051 PM","svchost.exe","2772","WriteFile","C:\Users\12220186\AppData\Local\ConnectedDevicesPlatform\L.12220186\ActivitiesCache.db-wal","SUCCESS","Offset: 2,768,696, Length: 4,096"
"7:12:28.0602149 PM","svchost.exe","2772","UnlockFileSingle","C:\Users\12220186\AppData\Local\ConnectedDevicesPlatform\L.12220186\ActivitiesCache.db-shm","SUCCESS","Offset: 120, Length: 1"
"7:12:28.0602208 PM","svchost.exe","2772","UnlockFileSingle","C:\Users\12220186\AppData\Local\ConnectedDevicesPlatform\L.12220186\ActivitiesCache.db-shm","SUCCESS","Offset: 124, Length: 1"
"7:12:28.0602381 PM","svchost.exe","2772","LockFile","C:\Users\12220186\AppData\Local\ConnectedDevicesPlatform\L.12220186\ActivitiesCache.db-shm","SUCCESS","Exclusive: True, Offset: 124, Length: 1, Fail Immediately: True"
"7:12:28.0602393 PM","Explorer.EXE","4184","QueryOpen","C:\Users\12220186\AppData\Local\Microsoft\Windows\Explorer\IconCacheToDelete","FAST IO DISALLOWED",""
"7:12:28.0602434 PM","svchost.exe","2772","UnlockFileSingle","C:\Users\12220186\AppData\Local\ConnectedDevicesPlatform\L.12220186\ActivitiesCache.db-shm","SUCCESS","Offset: 124, Length: 1"
"7:12:28.0602485 PM","svchost.exe","2772","LockFile","C:\Users\12220186\AppData\Local\ConnectedDevicesPlatform\L.12220186\ActivitiesCache.db-shm","SUCCESS","Exclusive: False, Offset: 124, Length: 1, Fail Immediately: True"
"7:12:28.0602539 PM","svchost.exe","2772","LockFile","C:\Users\12220186\AppData\Local\ConnectedDevicesPlatform\L.12220186\ActivitiesCache.db-shm","SUCCESS","Exclusive: True, Offset: 120, Length: 1, Fail Immediately: True"
"7:12:28.0602810 PM","svchost.exe","2772","WriteFile","C:\Users\12220186\AppData\Local\ConnectedDevicesPlatform\L.12220186\ActivitiesCache.db-wal","SUCCESS","Offset: 2,772,792, Length: 24"
"7:12:28.0602816 PM","Explorer.EXE","4184","CreateFile","C:\Users\12220186\AppData\Local\Microsoft\Windows\Explorer\IconCacheToDelete","NAME NOT FOUND","Desired Access: Read Attributes, Disposition: Open, Options: Open Reparse Point, Attributes: n/a, ShareMode: Read, Write, Delete, AllocationSize: n/a"
"7:12:28.0602890 PM","svchost.exe","2772","WriteFile","C:\Users\12220186\AppData\Local\ConnectedDevicesPlatform\L.12220186\ActivitiesCache.db-wal","SUCCESS","Offset: 2,772,816, Length: 4,096"
"7:12:28.0602975 PM","svchost.exe","2772","UnlockFileSingle","C:\Users\12220186\AppData\Local\ConnectedDevicesPlatform\L.12220186\ActivitiesCache.db-shm","SUCCESS","Offset: 120, Length: 1"
"7:12:28.0603034 PM","svchost.exe","2772","UnlockFileSingle","C:\Users\12220186\AppData\Local\ConnectedDevicesPlatform\L.12220186\ActivitiesCache.db-shm","SUCCESS","Offset: 124, Length: 1"
"7:12:28.0603066 PM","Explorer.EXE","4184","RegQueryKey","HKCU","SUCCESS","Query: HandleTags, HandleTags: 0x0"
"7:12:28.0603184 PM","Explorer.EXE","4184","RegOpenKey","HKCU\SOFTWARE\Microsoft\Windows\CurrentVersion\ThumbnailCache","NAME NOT FOUND","Desired Access: Read"
"7:12:28.0603812 PM","Explorer.EXE","4184","CreateFile","C:\Users\12220186\AppData\Local\Microsoft\Windows\Explorer\iconcache_idx.db","SUCCESS","Desired Access: Generic Read/Write, Disposition: Open, Options: Synchronous IO Non-Alert, Non-Directory File, Random Access, Attributes: n/a, ShareMode: Read, Write, Delete, AllocationSize: n/a, OpenResult: Opened"
"7:12:28.0603853 PM","svchost.exe","2772","LockFile","C:\Users\12220186\AppData\Local\ConnectedDevicesPlatform\L.12220186\ActivitiesCache.db-shm","SUCCESS","Exclusive: True, Offset: 124, Length: 1, Fail Immediately: True"
"7:12:28.0603986 PM","svchost.exe","2772","UnlockFileSingle","C:\Users\12220186\AppData\Local\ConnectedDevicesPlatform\L.12220186\ActivitiesCache.db-shm","SUCCESS","Offset: 124, Length: 1"
"7:12:28.0604051 PM","svchost.exe","2772","LockFile","C:\Users\12220186\AppData\Local\ConnectedDevicesPlatform\L.12220186\ActivitiesCache.db-shm","SUCCESS","Exclusive: False, Offset: 124, Length: 1, Fail Immediately: True"
"7:12:28.0605107 PM","svchost.exe","2772","UnlockFileSingle","C:\Users\12220186\AppData\Local\ConnectedDevicesPlatform\L.12220186\ActivitiesCache.db-shm","SUCCESS","Offset: 124, Length: 1"
"7:12:28.0606172 PM","Explorer.EXE","4184","SetStorageReservedIdInformation","C:\Users\12220186\AppData\Local\Microsoft\Windows\Explorer\iconcache_idx.db","SUCCESS",""
"7:12:28.0606594 PM","Explorer.EXE","4184","QueryStandardInformationFile","C:\Users\12220186\AppData\Local\Microsoft\Windows\Explorer\iconcache_idx.db","SUCCESS","AllocationSize: 32,768, EndOfFile: 29,232, NumberOfLinks: 1, DeletePending: False, Directory: False"
"7:12:28.0606684 PM","svchost.exe","2772","LockFile","C:\Users\12220186\AppData\Local\ConnectedDevicesPlatform\L.12220186\ActivitiesCache.db-shm","SUCCESS","Exclusive: False, Offset: 124, Length: 1, Fail Immediately: True"
"7:12:28.0606832 PM","svchost.exe","2772","UnlockFileSingle","C:\Users\12220186\AppData\Local\ConnectedDevicesPlatform\L.12220186\ActivitiesCache.db-shm","SUCCESS","Offset: 124, Length: 1"
"7:12:28.0607291 PM","Explorer.EXE","4184","CreateFileMapping","C:\Users\12220186\AppData\Local\Microsoft\Windows\Explorer\iconcache_idx.db","FILE LOCKED WITH WRITERS","SyncType: SyncTypeCreateSection, PageProtection: PAGE_EXECUTE_READWRITE|PAGE_NOCACHE"
"7:12:28.0607429 PM","Explorer.EXE","4184","QueryStandardInformationFile","C:\Users\12220186\AppData\Local\Microsoft\Windows\Explorer\iconcache_idx.db","SUCCESS","AllocationSize: 32,768, EndOfFile: 29,232, NumberOfLinks: 1, DeletePending: False, Directory: False"
"7:12:28.0607504 PM","Explorer.EXE","4184","FASTIO_RELEASE_FOR_SECTION_SYNCHRONIZATION","C:\Users\12220186\AppData\Local\Microsoft\Windows\Explorer\iconcache_idx.db","SUCCESS",""
"7:12:28.0607572 PM","Explorer.EXE","4184","CreateFileMapping","C:\Users\12220186\AppData\Local\Microsoft\Windows\Explorer\iconcache_idx.db","SUCCESS","SyncType: SyncTypeOther"
"7:12:28.0607624 PM","Explorer.EXE","4184","FASTIO_RELEASE_FOR_SECTION_SYNCHRONIZATION","C:\Users\12220186\AppData\Local\Microsoft\Windows\Explorer\iconcache_idx.db","SUCCESS",""
"7:12:28.0609167 PM","Explorer.EXE","4184","QueryOpen","C:\Users\12220186\AppData\Local\Microsoft\Windows\Explorer\iconcache_16.db","FAST IO DISALLOWED",""
"7:12:28.0609543 PM","Explorer.EXE","4184","CreateFile","C:\Users\12220186\AppData\Local\Microsoft\Windows\Explorer\iconcache_16.db","SUCCESS","Desired Access: Read Attributes, Disposition: Open, Options: Open Reparse Point, Attributes: n/a, ShareMode: Read, Write, Delete, AllocationSize: n/a, OpenResult: Opened"
"7:12:28.0609701 PM","Explorer.EXE","4184","QueryBasicInformationFile","C:\Users\12220186\AppData\Local\Microsoft\Windows\Explorer\iconcache_16.db","SUCCESS","CreationTime: 3/9/2026 3:55:55 PM, LastAccessTime: 3/9/2026 6:44:24 PM, LastWriteTime: 3/9/2026 3:55:55 PM, ChangeTime: 3/9/2026 3:55:55 PM, FileAttributes: ANCI"
"7:12:28.0609781 PM","Explorer.EXE","4184","CloseFile","C:\Users\12220186\AppData\Local\Microsoft\Windows\Explorer\iconcache_16.db","SUCCESS",""
"7:12:28.0609937 PM","Explorer.EXE","4184","IRP_MJ_CLOSE","C:\Users\12220186\AppData\Local\Microsoft\Windows\Explorer\iconcache_16.db","SUCCESS",""
"7:12:28.0610847 PM","Explorer.EXE","4184","CreateFile","C:\Users\12220186\AppData\Local\Microsoft\Windows\Explorer","SUCCESS","Desired Access: Synchronize, Disposition: Open, Options: Directory, Synchronous IO Non-Alert, Open For Free Space Query, Attributes: n/a, ShareMode: None, AllocationSize: n/a, OpenResult: Opened"
"7:12:28.0611082 PM","Explorer.EXE","4184","QuerySizeInformationVolume","C:\Users\12220186\AppData\Local\Microsoft\Windows\Explorer","SUCCESS","TotalAllocationUnits: 20,801,075, AvailableAllocationUnits: 13,698,612, SectorsPerAllocationUnit: 8, BytesPerSector: 512"
"7:12:28.0611179 PM","Explorer.EXE","4184","CloseFile","C:\Users\12220186\AppData\Local\Microsoft\Windows\Explorer","SUCCESS",""
"7:12:28.0611273 PM","Explorer.EXE","4184","IRP_MJ_CLOSE","C:\Users\12220186\AppData\Local\Microsoft\Windows\Explorer","SUCCESS",""
"7:12:28.0611857 PM","Idle","0","Process Profiling","","SUCCESS","User Time: 0.0000000 seconds, Kernel Time: 12131.3906250 seconds, Private Bytes: 61,440, Working Set: 8,192"
"7:12:28.0611860 PM","System","4","Process Profiling","","SUCCESS","User Time: 0.0000000 seconds, Kernel Time: 60.3437500 seconds, Private Bytes: 200,704, Working Set: 155,648"
"7:12:28.0611981 PM","Registry","92","Process Profiling","","SUCCESS","User Time: 0.0000000 seconds, Kernel Time: 0.7343750 seconds, Private Bytes: 2,236,416, Working Set: 56,913,920"
"7:12:28.0614015 PM","Explorer.EXE","4184","QueryStandardInformationFile","C:\Users\12220186\AppData\Local\Microsoft\Windows\Explorer\iconcache_idx.db","SUCCESS","AllocationSize: 32,768, EndOfFile: 29,232, NumberOfLinks: 1, DeletePending: False, Directory: False"
"7:12:28.0615088 PM","Explorer.EXE","4184","CreateFile","C:\Users\12220186\AppData\Local\Microsoft\Windows\Explorer\iconcache_16.db","SUCCESS","Desired Access: Generic Read/Write, Disposition: Open, Options: Synchronous IO Non-Alert, Non-Directory File, Random Access, Attributes: n/a, ShareMode: Read, Write, Delete, AllocationSize: n/a, OpenResult: Opened"
"7:12:28.0615351 PM","Explorer.EXE","4184","SetStorageReservedIdInformation","C:\Users\12220186\AppData\Local\Microsoft\Windows\Explorer\iconcache_16.db","SUCCESS",""
"7:12:28.0615442 PM","Explorer.EXE","4184","QueryStandardInformationFile","C:\Users\12220186\AppData\Local\Microsoft\Windows\Explorer\iconcache_16.db","SUCCESS","AllocationSize: 1,048,576, EndOfFile: 1,048,576, NumberOfLinks: 1, DeletePending: False, Directory: False"
"7:12:28.0615538 PM","Explorer.EXE","4184","CreateFileMapping","C:\Users\12220186\AppData\Local\Microsoft\Windows\Explorer\iconcache_16.db","FILE LOCKED WITH WRITERS","SyncType: SyncTypeCreateSection, PageProtection: PAGE_EXECUTE_READWRITE|PAGE_NOCACHE"
"7:12:28.0615616 PM","Explorer.EXE","4184","QueryStandardInformationFile","C:\Users\12220186\AppData\Local\Microsoft\Windows\Explorer\iconcache_16.db","SUCCESS","AllocationSize: 1,048,576, EndOfFile: 1,048,576, NumberOfLinks: 1, DeletePending: False, Directory: False"
"7:12:28.0615674 PM","Explorer.EXE","4184","FASTIO_RELEASE_FOR_SECTION_SYNCHRONIZATION","C:\Users\12220186\AppData\Local\Microsoft\Windows\Explorer\iconcache_16.db","SUCCESS",""
"7:12:28.0615742 PM","Explorer.EXE","4184","CreateFileMapping","C:\Users\12220186\AppData\Local\Microsoft\Windows\Explorer\iconcache_16.db","SUCCESS","SyncType: SyncTypeOther"
"7:12:28.0615793 PM","Explorer.EXE","4184","FASTIO_RELEASE_FOR_SECTION_SYNCHRONIZATION","C:\Users\12220186\AppData\Local\Microsoft\Windows\Explorer\iconcache_16.db","SUCCESS",""
"7:12:28.0615849 PM","Explorer.EXE","4184","QueryStandardInformationFile","C:\Users\12220186\AppData\Local\Microsoft\Windows\Explorer\iconcache_16.db","SUCCESS","AllocationSize: 1,048,576, EndOfFile: 1,048,576, NumberOfLinks: 1, DeletePending: False, Directory: False"
"7:12:28.0615901 PM","Explorer.EXE","4184","QueryStandardInformationFile","C:\Users\12220186\AppData\Local\Microsoft\Windows\Explorer\iconcache_16.db","SUCCESS","AllocationSize: 1,048,576, EndOfFile: 1,048,576, NumberOfLinks: 1, DeletePending: False, Directory: False"
"7:12:28.0616427 PM","Explorer.EXE","4184","CloseFile","C:\Users\12220186\AppData\Local\Microsoft\Windows\Explorer\iconcache_16.db","SUCCESS",""
"7:12:28.0616572 PM","Explorer.EXE","4184","IRP_MJ_CLOSE","C:\Users\12220186\AppData\Local\Microsoft\Windows\Explorer\iconcache_16.db","SUCCESS",""
"7:12:28.0616814 PM","Explorer.EXE","4184","QueryStandardInformationFile","C:\Users\12220186\AppData\Local\Microsoft\Windows\Explorer\iconcache_idx.db","SUCCESS","AllocationSize: 32,768, EndOfFile: 29,232, NumberOfLinks: 1, DeletePending: False, Directory: False"
"7:12:28.0617202 PM","Explorer.EXE","4184","QueryStandardInformationFile","C:\Users\12220186\AppData\Local\Microsoft\Windows\Explorer\iconcache_idx.db","SUCCESS","AllocationSize: 32,768, EndOfFile: 29,232, NumberOfLinks: 1, DeletePending: False, Directory: False"
"7:12:28.0631055 PM","Procmon64.exe","1132","Thread Create","","SUCCESS","Thread ID: 520"
"7:12:28.0632271 PM","Procmon64.exe","1132","Thread Create","","SUCCESS","Thread ID: 2404"
"7:12:28.0632596 PM","Procmon64.exe","1132","Thread Create","","SUCCESS","Thread ID: 2968"
"7:12:28.0632887 PM","Procmon64.exe","1132","Thread Create","","SUCCESS","Thread ID: 5416"
"7:12:28.0633130 PM","Procmon64.exe","1132","Thread Create","","SUCCESS","Thread ID: 7876"
"7:12:28.0633392 PM","Procmon64.exe","1132","Thread Create","","SUCCESS","Thread ID: 7736"
"7:12:28.0644763 PM","Procmon64.exe","1132","RegOpenKey","HKLM\HARDWARE\DESCRIPTION\System\CentralProcessor\0","SUCCESS","Desired Access: Read"
"7:12:28.0664898 PM","ctfmon.exe","3980","RegQueryKey","HKLM","SUCCESS","Query: HandleTags, HandleTags: 0x0"
"7:12:28.0665129 PM","ctfmon.exe","3980","RegOpenKey","HKLM\Software\Microsoft\Input\Settings","SUCCESS","Desired Access: Read"
"7:12:28.0665383 PM","ctfmon.exe","3980","RegQueryKey","HKCU","SUCCESS","Query: HandleTags, HandleTags: 0x0"
"7:12:28.0665471 PM","ctfmon.exe","3980","RegOpenKey","HKCU\Software\Microsoft\Input\Settings","NAME NOT FOUND","Desired Access: Read"
"7:12:28.0665969 PM","ctfmon.exe","3980","RegQueryKey","HKLM\SOFTWARE\Microsoft\Input\Settings","SUCCESS","Query: HandleTags, HandleTags: 0x0"
"7:12:28.0666106 PM","ctfmon.exe","3980","RegOpenKey","HKLM\SOFTWARE\Microsoft\Input\Settings\proc_1\loc_0409\im_1","SUCCESS","Desired Access: Query Value"
"7:12:28.0666355 PM","ctfmon.exe","3980","RegQueryValue","HKLM\SOFTWARE\Microsoft\Input\Settings\proc_1\loc_0409\im_1\IsUserAwareOfExpressiveInputShellHotKey","SUCCESS","Type: REG_DWORD, Length: 4, Data: 0"
"7:12:28.0666503 PM","ctfmon.exe","3980","RegCloseKey","HKLM\SOFTWARE\Microsoft\Input\Settings\proc_1\loc_0409\im_1","SUCCESS",""
"7:12:28.0666594 PM","ctfmon.exe","3980","RegCloseKey","HKLM\SOFTWARE\Microsoft\Input\Settings","SUCCESS",""
"7:12:28.0666682 PM","ctfmon.exe","3980","RegQueryKey","HKLM","SUCCESS","Query: HandleTags, HandleTags: 0x0"
"7:12:28.0666761 PM","ctfmon.exe","3980","RegOpenKey","HKLM\Software\Microsoft\Input\Settings","SUCCESS","Desired Access: Read"
"7:12:28.0666868 PM","ctfmon.exe","3980","RegQueryKey","HKCU","SUCCESS","Query: HandleTags, HandleTags: 0x0"
"7:12:28.0666945 PM","ctfmon.exe","3980","RegOpenKey","HKCU\Software\Microsoft\Input\Settings","NAME NOT FOUND","Desired Access: Read"
"7:12:28.0667066 PM","ctfmon.exe","3980","RegQueryKey","HKLM\SOFTWARE\Microsoft\Input\Settings","SUCCESS","Query: HandleTags, HandleTags: 0x0"
"7:12:28.0667161 PM","ctfmon.exe","3980","RegOpenKey","HKLM\SOFTWARE\Microsoft\Input\Settings\proc_1\loc_0409\im_1","SUCCESS","Desired Access: Query Value"
"7:12:28.0667264 PM","ctfmon.exe","3980","RegQueryValue","HKLM\SOFTWARE\Microsoft\Input\Settings\proc_1\loc_0409\im_1\DisableExpressiveInputShellHotkey","NAME NOT FOUND","Length: 144"
"7:12:28.0667365 PM","ctfmon.exe","3980","RegCloseKey","HKLM\SOFTWARE\Microsoft\Input\Settings\proc_1\loc_0409\im_1","SUCCESS",""
"7:12:28.0667452 PM","ctfmon.exe","3980","RegQueryKey","HKLM\SOFTWARE\Microsoft\Input\Settings","SUCCESS","Query: HandleTags, HandleTags: 0x0"
"7:12:28.0667526 PM","ctfmon.exe","3980","RegOpenKey","HKLM\SOFTWARE\Microsoft\Input\Settings\proc_1\loc_0409","SUCCESS","Desired Access: Query Value"
"7:12:28.0667621 PM","ctfmon.exe","3980","RegQueryValue","HKLM\SOFTWARE\Microsoft\Input\Settings\proc_1\loc_0409\DisableExpressiveInputShellHotkey","NAME NOT FOUND","Length: 144"
"7:12:28.0667703 PM","ctfmon.exe","3980","RegCloseKey","HKLM\SOFTWARE\Microsoft\Input\Settings\proc_1\loc_0409","SUCCESS",""
"7:12:28.0667853 PM","ctfmon.exe","3980","RegQueryKey","HKLM\SOFTWARE\Microsoft\Input\Settings","SUCCESS","Query: HandleTags, HandleTags: 0x0"
"7:12:28.0667930 PM","ctfmon.exe","3980","RegOpenKey","HKLM\SOFTWARE\Microsoft\Input\Settings\proc_1","SUCCESS","Desired Access: Query Value"
"7:12:28.0668023 PM","ctfmon.exe","3980","RegQueryValue","HKLM\SOFTWARE\Microsoft\Input\Settings\proc_1\DisableExpressiveInputShellHotkey","NAME NOT FOUND","Length: 144"
"7:12:28.0668114 PM","ctfmon.exe","3980","RegCloseKey","HKLM\SOFTWARE\Microsoft\Input\Settings\proc_1","SUCCESS",""
"7:12:28.0668185 PM","ctfmon.exe","3980","RegQueryValue","HKLM\SOFTWARE\Microsoft\Input\Settings\DisableExpressiveInputShellHotkey","NAME NOT FOUND","Length: 144"
"7:12:28.0668281 PM","ctfmon.exe","3980","RegCloseKey","HKLM\SOFTWARE\Microsoft\Input\Settings","SUCCESS",""
"7:12:28.0668371 PM","ctfmon.exe","3980","RegQueryKey","HKCU","SUCCESS","Query: HandleTags, HandleTags: 0x0"
"7:12:28.0668444 PM","ctfmon.exe","3980","RegOpenKey","HKCU\SOFTWARE\Microsoft\Input\Settings","NAME NOT FOUND","Desired Access: Query Value"
"7:12:28.0669528 PM","Explorer.EXE","4184","ReadFile","C:\Windows\System32\UIAnimation.dll","SUCCESS","Offset: 212,480, Length: 13,312, I/O Flags: Non-cached, Paging I/O, Synchronous Paging I/O, Priority: Normal"
"7:12:28.0670619 PM","ctfmon.exe","3980","RegQueryKey","HKLM","SUCCESS","Query: HandleTags, HandleTags: 0x0"
"7:12:28.0670789 PM","ctfmon.exe","3980","RegOpenKey","HKLM\Software\Microsoft\Input\Locales\loc_0409","SUCCESS","Desired Access: Read"
"7:12:28.0671001 PM","ctfmon.exe","3980","RegQueryValue","HKLM\SOFTWARE\Microsoft\Input\Locales\loc_0409\Processor","SUCCESS","Type: REG_DWORD, Length: 4, Data: 1"
"7:12:28.0671119 PM","ctfmon.exe","3980","RegCloseKey","HKLM\SOFTWARE\Microsoft\Input\Locales\loc_0409","SUCCESS",""
"7:12:28.0672227 PM","ctfmon.exe","3980","QueryNameInformationFile","C:\Users\12220186\Downloads\ProcessMonitor\Procmon64.exe","SUCCESS","Name: \Users\12220186\Downloads\ProcessMonitor\Procmon64.exe"
"7:12:28.0673414 PM","ctfmon.exe","3980","ReadFile","C:\Windows\System32\CoreUIComponents.dll","SUCCESS","Offset: 2,660,352, Length: 16,384, I/O Flags: Non-cached, Paging I/O, Synchronous Paging I/O, Priority: Normal"
"7:12:28.0674529 PM","Procmon64.exe","1132","RegQueryValue","HKLM\HARDWARE\DESCRIPTION\System\CentralProcessor\0\~MHz","SUCCESS","Type: REG_DWORD, Length: 4, Data: 3094"
"7:12:28.0674629 PM","Procmon64.exe","1132","RegCloseKey","HKLM\HARDWARE\DESCRIPTION\System\CentralProcessor\0","SUCCESS",""
"7:12:28.0674779 PM","Procmon64.exe","1132","RegOpenKey","HKLM\System\CurrentControlSet\Control\TimeZoneInformation","REPARSE","Desired Access: Read, Maximum Allowed"
"7:12:28.0674897 PM","Procmon64.exe","1132","RegOpenKey","HKLM\System\CurrentControlSet\Control\TimeZoneInformation","SUCCESS","Desired Access: Read, Maximum Allowed"
"7:12:28.0675194 PM","Procmon64.exe","1132","RegQueryValue","HKLM\System\CurrentControlSet\Control\TimeZoneInformation\Bias","SUCCESS","Type: REG_DWORD, Length: 4, Data: 4294967176"
"7:12:28.0675268 PM","Procmon64.exe","1132","RegQueryValue","HKLM\System\CurrentControlSet\Control\TimeZoneInformation\StandardName","SUCCESS","Type: REG_SZ, Length: 52, Data: Middle East Standard Time"
"7:12:28.0675332 PM","Procmon64.exe","1132","RegQueryValue","HKLM\System\CurrentControlSet\Control\TimeZoneInformation\StandardBias","SUCCESS","Type: REG_DWORD, Length: 4, Data: 0"
"7:12:28.0675422 PM","Procmon64.exe","1132","RegQueryValue","HKLM\System\CurrentControlSet\Control\TimeZoneInformation\StandardStart","SUCCESS","Type: REG_BINARY, Length: 16, Data: 00 00 0A 00 05 00 17 00 3B 00 3B 00 E7 03 06 00"
"7:12:28.0675477 PM","Procmon64.exe","1132","RegQueryValue","HKLM\System\CurrentControlSet\Control\TimeZoneInformation\DaylightName","SUCCESS","Type: REG_SZ, Length: 52, Data: Middle East Daylight Time"
"7:12:28.0675526 PM","Procmon64.exe","1132","RegQueryValue","HKLM\System\CurrentControlSet\Control\TimeZoneInformation\DaylightBias","SUCCESS","Type: REG_DWORD, Length: 4, Data: 4294967236"
"7:12:28.0675577 PM","Procmon64.exe","1132","RegQueryValue","HKLM\System\CurrentControlSet\Control\TimeZoneInformation\DaylightStart","SUCCESS","Type: REG_BINARY, Length: 16, Data: 00 00 03 00 05 00 17 00 3B 00 3B 00 E7 03 06 00"
"7:12:28.0675888 PM","Procmon64.exe","1132","RegCloseKey","HKLM\System\CurrentControlSet\Control\TimeZoneInformation","SUCCESS",""
"7:12:28.0676547 PM","Procmon64.exe","1132","Thread Create","","SUCCESS","Thread ID: 3300"
"7:12:28.0676954 PM","Procmon64.exe","1132","RegOpenKey","HKLM\HARDWARE\DESCRIPTION\System\CentralProcessor\0","SUCCESS","Desired Access: Read"
"7:12:28.0677062 PM","Procmon64.exe","1132","RegQueryValue","HKLM\HARDWARE\DESCRIPTION\System\CentralProcessor\0\~MHz","SUCCESS","Type: REG_DWORD, Length: 4, Data: 3094"
"7:12:28.0677135 PM","Procmon64.exe","1132","RegCloseKey","HKLM\HARDWARE\DESCRIPTION\System\CentralProcessor\0","SUCCESS",""
"7:12:28.0677203 PM","Procmon64.exe","1132","RegOpenKey","HKLM\System\CurrentControlSet\Control\TimeZoneInformation","REPARSE","Desired Access: Read, Maximum Allowed"
"7:12:28.0677274 PM","Procmon64.exe","1132","RegOpenKey","HKLM\System\CurrentControlSet\Control\TimeZoneInformation","SUCCESS","Desired Access: Read, Maximum Allowed"
"7:12:28.0677393 PM","Procmon64.exe","1132","RegQueryValue","HKLM\System\CurrentControlSet\Control\TimeZoneInformation\Bias","SUCCESS","Type: REG_DWORD, Length: 4, Data: 4294967176"
"7:12:28.0677451 PM","Procmon64.exe","1132","RegQueryValue","HKLM\System\CurrentControlSet\Control\TimeZoneInformation\StandardName","SUCCESS","Type: REG_SZ, Length: 52, Data: Middle East Standard Time"
"7:12:28.0677503 PM","Procmon64.exe","1132","RegQueryValue","HKLM\System\CurrentControlSet\Control\TimeZoneInformation\StandardBias","SUCCESS","Type: REG_DWORD, Length: 4, Data: 0"
"7:12:28.0677554 PM","Procmon64.exe","1132","RegQueryValue","HKLM\System\CurrentControlSet\Control\TimeZoneInformation\StandardStart","SUCCESS","Type: REG_BINARY, Length: 16, Data: 00 00 0A 00 05 00 17 00 3B 00 3B 00 E7 03 06 00"
"7:12:28.0677602 PM","Procmon64.exe","1132","RegQueryValue","HKLM\System\CurrentControlSet\Control\TimeZoneInformation\DaylightName","SUCCESS","Type: REG_SZ, Length: 52, Data: Middle East Daylight Time"
"7:12:28.0677651 PM","Procmon64.exe","1132","RegQueryValue","HKLM\System\CurrentControlSet\Control\TimeZoneInformation\DaylightBias","SUCCESS","Type: REG_DWORD, Length: 4, Data: 4294967236"
"7:12:28.0677698 PM","Procmon64.exe","1132","RegQueryValue","HKLM\System\CurrentControlSet\Control\TimeZoneInformation\DaylightStart","SUCCESS","Type: REG_BINARY, Length: 16, Data: 00 00 03 00 05 00 17 00 3B 00 3B 00 E7 03 06 00"
"7:12:28.0677923 PM","Procmon64.exe","1132","RegCloseKey","HKLM\System\CurrentControlSet\Control\TimeZoneInformation","SUCCESS",""
"7:12:28.0684416 PM","ctfmon.exe","3980","RegQueryKey","HKLM","SUCCESS","Query: HandleTags, HandleTags: 0x0"
"7:12:28.0684670 PM","ctfmon.exe","3980","RegOpenKey","HKLM\Software\Microsoft\Input\Locales\loc_0409","SUCCESS","Desired Access: Read"
"7:12:28.0684909 PM","ctfmon.exe","3980","RegQueryValue","HKLM\SOFTWARE\Microsoft\Input\Locales\loc_0409\Processor","SUCCESS","Type: REG_DWORD, Length: 4, Data: 1"
"7:12:28.0685040 PM","ctfmon.exe","3980","RegCloseKey","HKLM\SOFTWARE\Microsoft\Input\Locales\loc_0409","SUCCESS",""
"7:12:28.0686782 PM","ctfmon.exe","3980","RegQueryKey","HKCU","SUCCESS","Query: HandleTags, HandleTags: 0x0"
"7:12:28.0686956 PM","ctfmon.exe","3980","RegOpenKey","HKCU\Software\Microsoft\InputPersonalization","SUCCESS","Desired Access: Query Value"
"7:12:28.0687162 PM","ctfmon.exe","3980","RegQueryValue","HKCU\SOFTWARE\Microsoft\InputPersonalization\RestrictImplicitTextCollection","SUCCESS","Type: REG_DWORD, Length: 4, Data: 0"
"7:12:28.0687270 PM","ctfmon.exe","3980","RegCloseKey","HKCU\SOFTWARE\Microsoft\InputPersonalization","SUCCESS",""
"7:12:28.0687398 PM","ctfmon.exe","3980","RegQueryKey","HKCU","SUCCESS","Query: HandleTags, HandleTags: 0x0"
"7:12:28.0687481 PM","ctfmon.exe","3980","RegOpenKey","HKCU\SOFTWARE\Microsoft\Input\Settings","NAME NOT FOUND","Desired Access: Read"
"7:12:28.0687616 PM","ctfmon.exe","3980","RegQueryKey","HKLM","SUCCESS","Query: HandleTags, HandleTags: 0x0"
"7:12:28.0687691 PM","ctfmon.exe","3980","RegOpenKey","HKLM\SOFTWARE\Microsoft\Input\Settings","SUCCESS","Desired Access: Read"
"7:12:28.0687807 PM","ctfmon.exe","3980","RegQueryValue","HKLM\SOFTWARE\Microsoft\Input\Settings\InsightsEnabled","SUCCESS","Type: REG_DWORD, Length: 4, Data: 1"
"7:12:28.0687905 PM","ctfmon.exe","3980","RegCloseKey","HKLM\SOFTWARE\Microsoft\Input\Settings","SUCCESS",""
"7:12:28.0687984 PM","ctfmon.exe","3980","RegQueryKey","HKCU","SUCCESS","Query: HandleTags, HandleTags: 0x0"
"7:12:28.0688058 PM","ctfmon.exe","3980","RegOpenKey","HKCU\Software\Microsoft\Input\TypingInsights","SUCCESS","Desired Access: Read"
"7:12:28.0688176 PM","ctfmon.exe","3980","RegQueryValue","HKCU\SOFTWARE\Microsoft\Input\TypingInsights\Insights","SUCCESS","Type: REG_BINARY, Length: 28, Data: 02 00 00 00 07 1D E8 C1 31 CC 83 60 A3 D6 D9 C1"
"7:12:28.0688266 PM","ctfmon.exe","3980","RegCloseKey","HKCU\SOFTWARE\Microsoft\Input\TypingInsights","SUCCESS",""
"7:12:28.0689275 PM","ctfmon.exe","3980","RegQueryKey","HKCU","SUCCESS","Query: HandleTags, HandleTags: 0x0"
"7:12:28.0689488 PM","ctfmon.exe","3980","RegCreateKey","HKCU\Software\Microsoft\Input\TypingInsights","SUCCESS","Desired Access: Write, Disposition: REG_OPENED_EXISTING_KEY"
"7:12:28.0689620 PM","System","4","CreateFile","C:\Windows\System32\LogFiles\WMI\RtBackup\EtwRTPROCMON TRACE.etl","SUCCESS","Desired Access: Generic Read, Write Data/Add File, Delete, Disposition: OverwriteIf, Options: Synchronous IO Non-Alert, Attributes: N, ShareMode: Read, Delete, AllocationSize: 0, OpenResult: Created"
"7:12:28.0689759 PM","ctfmon.exe","3980","RegSetValue","HKCU\SOFTWARE\Microsoft\Input\TypingInsights\Insights","SUCCESS","Type: REG_BINARY, Length: 28, Data: 02 00 00 00 07 1D E8 C1 31 CC 83 60 A3 D6 D9 C1"
"7:12:28.0689976 PM","ctfmon.exe","3980","RegCloseKey","HKCU\SOFTWARE\Microsoft\Input\TypingInsights","SUCCESS",""
"7:12:28.0690665 PM","ctfmon.exe","3980","RegQueryKey","HKCU","SUCCESS","Query: HandleTags, HandleTags: 0x0"
"7:12:28.0690829 PM","ctfmon.exe","3980","RegOpenKey","HKCU\SOFTWARE\Microsoft\Input\Settings","NAME NOT FOUND","Desired Access: Read"
"7:12:28.0690982 PM","ctfmon.exe","3980","RegQueryKey","HKLM","SUCCESS","Query: HandleTags, HandleTags: 0x0"
"7:12:28.0691063 PM","ctfmon.exe","3980","RegOpenKey","HKLM\SOFTWARE\Microsoft\Input\Settings","SUCCESS","Desired Access: Read"
"7:12:28.0691186 PM","ctfmon.exe","3980","RegQueryValue","HKLM\SOFTWARE\Microsoft\Input\Settings\UserStatsEnabled","NAME NOT FOUND","Length: 16"
"7:12:28.0691303 PM","ctfmon.exe","3980","RegCloseKey","HKLM\SOFTWARE\Microsoft\Input\Settings","SUCCESS",""
"7:12:28.0692864 PM","Explorer.EXE","4184","RegOpenKey","HKCU","SUCCESS","Desired Access: Query Value"
"7:12:28.0693098 PM","ctfmon.exe","3980","RegQueryKey","HKLM","SUCCESS","Query: HandleTags, HandleTags: 0x0"
"7:12:28.0693255 PM","Explorer.EXE","4184","RegCloseKey","HKCU","SUCCESS",""
"7:12:28.0693263 PM","ctfmon.exe","3980","RegOpenKey","HKLM\Software\Microsoft\Input\Locales\loc_0409","SUCCESS","Desired Access: Read"
"7:12:28.0693549 PM","ctfmon.exe","3980","RegQueryValue","HKLM\SOFTWARE\Microsoft\Input\Locales\loc_0409\Processor","SUCCESS","Type: REG_DWORD, Length: 4, Data: 1"
"7:12:28.0693731 PM","ctfmon.exe","3980","RegCloseKey","HKLM\SOFTWARE\Microsoft\Input\Locales\loc_0409","SUCCESS",""
"7:12:28.0694212 PM","ctfmon.exe","3980","RegQueryKey","HKLM","SUCCESS","Query: HandleTags, HandleTags: 0x0"
"7:12:28.0694363 PM","ctfmon.exe","3980","RegOpenKey","HKLM\Software\Microsoft\Input\Settings","SUCCESS","Desired Access: Read"
"7:12:28.0694532 PM","ctfmon.exe","3980","RegQueryKey","HKCU","SUCCESS","Query: HandleTags, HandleTags: 0x0"
"7:12:28.0694643 PM","ctfmon.exe","3980","RegOpenKey","HKCU\Software\Microsoft\Input\Settings","NAME NOT FOUND","Desired Access: Read"
"7:12:28.0694828 PM","ctfmon.exe","3980","RegQueryKey","HKLM\SOFTWARE\Microsoft\Input\Settings","SUCCESS","Query: HandleTags, HandleTags: 0x0"
"7:12:28.0695233 PM","ctfmon.exe","3980","RegOpenKey","HKLM\SOFTWARE\Microsoft\Input\Settings\proc_1\loc_0409\im_1","SUCCESS","Desired Access: Query Value"
"7:12:28.0695512 PM","ctfmon.exe","3980","RegQueryValue","HKLM\SOFTWARE\Microsoft\Input\Settings\proc_1\loc_0409\im_1\IsUserAwareOfExpressiveInputShellHotKey","SUCCESS","Type: REG_DWORD, Length: 4, Data: 0"
"7:12:28.0695696 PM","ctfmon.exe","3980","RegCloseKey","HKLM\SOFTWARE\Microsoft\Input\Settings\proc_1\loc_0409\im_1","SUCCESS",""
"7:12:28.0695815 PM","ctfmon.exe","3980","RegCloseKey","HKLM\SOFTWARE\Microsoft\Input\Settings","SUCCESS",""
"7:12:28.0695948 PM","ctfmon.exe","3980","RegQueryKey","HKLM","SUCCESS","Query: HandleTags, HandleTags: 0x0"
"7:12:28.0696076 PM","ctfmon.exe","3980","RegOpenKey","HKLM\Software\Microsoft\Input\Settings","SUCCESS","Desired Access: Read"
"7:12:28.0696212 PM","ctfmon.exe","3980","RegQueryKey","HKCU","SUCCESS","Query: HandleTags, HandleTags: 0x0"
"7:12:28.0696321 PM","ctfmon.exe","3980","RegOpenKey","HKCU\Software\Microsoft\Input\Settings","NAME NOT FOUND","Desired Access: Read"
"7:12:28.0696483 PM","ctfmon.exe","3980","RegQueryKey","HKLM\SOFTWARE\Microsoft\Input\Settings","SUCCESS","Query: HandleTags, HandleTags: 0x0"
"7:12:28.0696585 PM","ctfmon.exe","3980","RegOpenKey","HKLM\SOFTWARE\Microsoft\Input\Settings\proc_1\loc_0409\im_1","SUCCESS","Desired Access: Query Value"
"7:12:28.0696722 PM","ctfmon.exe","3980","RegQueryValue","HKLM\SOFTWARE\Microsoft\Input\Settings\proc_1\loc_0409\im_1\DisableExpressiveInputShellHotkey","NAME NOT FOUND","Length: 144"
"7:12:28.0696859 PM","ctfmon.exe","3980","RegCloseKey","HKLM\SOFTWARE\Microsoft\Input\Settings\proc_1\loc_0409\im_1","SUCCESS",""
"7:12:28.0696974 PM","ctfmon.exe","3980","RegQueryKey","HKLM\SOFTWARE\Microsoft\Input\Settings","SUCCESS","Query: HandleTags, HandleTags: 0x0"
"7:12:28.0697078 PM","ctfmon.exe","3980","RegOpenKey","HKLM\SOFTWARE\Microsoft\Input\Settings\proc_1\loc_0409","SUCCESS","Desired Access: Query Value"
"7:12:28.0697174 PM","ctfmon.exe","3980","RegQueryValue","HKLM\SOFTWARE\Microsoft\Input\Settings\proc_1\loc_0409\DisableExpressiveInputShellHotkey","NAME NOT FOUND","Length: 144"
"7:12:28.0697256 PM","ctfmon.exe","3980","RegCloseKey","HKLM\SOFTWARE\Microsoft\Input\Settings\proc_1\loc_0409","SUCCESS",""
"7:12:28.0697330 PM","ctfmon.exe","3980","RegQueryKey","HKLM\SOFTWARE\Microsoft\Input\Settings","SUCCESS","Query: HandleTags, HandleTags: 0x0"
"7:12:28.0697402 PM","ctfmon.exe","3980","RegOpenKey","HKLM\SOFTWARE\Microsoft\Input\Settings\proc_1","SUCCESS","Desired Access: Query Value"
"7:12:28.0697482 PM","ctfmon.exe","3980","RegQueryValue","HKLM\SOFTWARE\Microsoft\Input\Settings\proc_1\DisableExpressiveInputShellHotkey","NAME NOT FOUND","Length: 144"
"7:12:28.0697572 PM","ctfmon.exe","3980","RegCloseKey","HKLM\SOFTWARE\Microsoft\Input\Settings\proc_1","SUCCESS",""
"7:12:28.0697640 PM","ctfmon.exe","3980","RegQueryValue","HKLM\SOFTWARE\Microsoft\Input\Settings\DisableExpressiveInputShellHotkey","NAME NOT FOUND","Length: 144"
"7:12:28.0697730 PM","ctfmon.exe","3980","RegCloseKey","HKLM\SOFTWARE\Microsoft\Input\Settings","SUCCESS",""
"7:12:28.0697809 PM","ctfmon.exe","3980","RegQueryKey","HKCU","SUCCESS","Query: HandleTags, HandleTags: 0x0"
"7:12:28.0697879 PM","ctfmon.exe","3980","RegOpenKey","HKCU\SOFTWARE\Microsoft\Input\Settings","NAME NOT FOUND","Desired Access: Query Value"
"7:12:28.0700026 PM","Procmon64.exe","1132","RegOpenKey","HKLM\HARDWARE\DESCRIPTION\System\CentralProcessor\0","SUCCESS","Desired Access: Read"
"7:12:28.0700783 PM","ctfmon.exe","3980","RegQueryKey","HKCU","SUCCESS","Query: HandleTags, HandleTags: 0x0"
"7:12:28.0700931 PM","ctfmon.exe","3980","RegOpenKey","HKCU\Software\Microsoft\Input\Settings","NAME NOT FOUND","Desired Access: Query Value"
"7:12:28.0701058 PM","ctfmon.exe","3980","RegQueryKey","HKLM","SUCCESS","Query: HandleTags, HandleTags: 0x0"
"7:12:28.0701130 PM","ctfmon.exe","3980","RegOpenKey","HKLM\Software\Microsoft\Input\Settings","SUCCESS","Desired Access: Query Value"
"7:12:28.0701248 PM","ctfmon.exe","3980","RegQueryValue","HKLM\SOFTWARE\Microsoft\Input\Settings\MultilingualEnabled","SUCCESS","Type: REG_DWORD, Length: 4, Data: 0"
"7:12:28.0701354 PM","ctfmon.exe","3980","RegCloseKey","HKLM\SOFTWARE\Microsoft\Input\Settings","SUCCESS",""
"7:12:28.0701733 PM","ctfmon.exe","3980","RegQueryKey","HKCU","SUCCESS","Query: HandleTags, HandleTags: 0x0"
"7:12:28.0701807 PM","ctfmon.exe","3980","RegOpenKey","HKCU\SOFTWARE\Microsoft\Input\Settings","NAME NOT FOUND","Desired Access: Read"
"7:12:28.0701899 PM","ctfmon.exe","3980","RegQueryKey","HKLM","SUCCESS","Query: HandleTags, HandleTags: 0x0"
"7:12:28.0701967 PM","ctfmon.exe","3980","RegOpenKey","HKLM\SOFTWARE\Microsoft\Input\Settings","SUCCESS","Desired Access: Read"
"7:12:28.0702053 PM","ctfmon.exe","3980","RegQueryValue","HKLM\SOFTWARE\Microsoft\Input\Settings\UserStatsEnabled","NAME NOT FOUND","Length: 16"
"7:12:28.0702143 PM","ctfmon.exe","3980","RegCloseKey","HKLM\SOFTWARE\Microsoft\Input\Settings","SUCCESS",""
"7:12:28.0702225 PM","ctfmon.exe","3980","RegQueryKey","HKCU","SUCCESS","Query: HandleTags, HandleTags: 0x0"
"7:12:28.0702293 PM","ctfmon.exe","3980","RegOpenKey","HKCU\SOFTWARE\Microsoft\Input\Settings","NAME NOT FOUND","Desired Access: Read"
"7:12:28.0702403 PM","ctfmon.exe","3980","RegQueryKey","HKLM","SUCCESS","Query: HandleTags, HandleTags: 0x0"
"7:12:28.0702470 PM","ctfmon.exe","3980","RegOpenKey","HKLM\SOFTWARE\Microsoft\Input\Settings","SUCCESS","Desired Access: Read"
"7:12:28.0702546 PM","ctfmon.exe","3980","RegQueryValue","HKLM\SOFTWARE\Microsoft\Input\Settings\UserStatsEnabled","NAME NOT FOUND","Length: 16"
"7:12:28.0702630 PM","ctfmon.exe","3980","RegCloseKey","HKLM\SOFTWARE\Microsoft\Input\Settings","SUCCESS",""
"7:12:28.0702715 PM","ctfmon.exe","3980","RegQueryKey","HKLM","SUCCESS","Query: HandleTags, HandleTags: 0x0"
"7:12:28.0702779 PM","ctfmon.exe","3980","RegOpenKey","HKLM\Software\Microsoft\Input\Settings","SUCCESS","Desired Access: Read"
"7:12:28.0702863 PM","ctfmon.exe","3980","RegQueryKey","HKCU","SUCCESS","Query: HandleTags, HandleTags: 0x0"
"7:12:28.0702933 PM","ctfmon.exe","3980","RegOpenKey","HKCU\Software\Microsoft\Input\Settings","NAME NOT FOUND","Desired Access: Read"
"7:12:28.0703033 PM","ctfmon.exe","3980","RegQueryKey","HKLM\SOFTWARE\Microsoft\Input\Settings","SUCCESS","Query: HandleTags, HandleTags: 0x0"
"7:12:28.0703099 PM","ctfmon.exe","3980","RegOpenKey","HKLM\SOFTWARE\Microsoft\Input\Settings\is_0\loc_0409","NAME NOT FOUND","Desired Access: Query Value"
"7:12:28.0703206 PM","ctfmon.exe","3980","RegQueryKey","HKLM","SUCCESS","Query: HandleTags, HandleTags: 0x0"
"7:12:28.0703216 PM","ctfmon.exe","3980","RegQueryKey","HKLM\SOFTWARE\Microsoft\Input\Settings","SUCCESS","Query: HandleTags, HandleTags: 0x0"
"7:12:28.0703307 PM","ctfmon.exe","3980","RegOpenKey","HKLM\SOFTWARE\Microsoft\Input\Settings\is_0","SUCCESS","Desired Access: Query Value"
"7:12:28.0703338 PM","ctfmon.exe","3980","RegOpenKey","HKLM\Software\Microsoft\Input\Locales\loc_0409","SUCCESS","Desired Access: Read"
"7:12:28.0703412 PM","ctfmon.exe","3980","RegQueryValue","HKLM\SOFTWARE\Microsoft\Input\Settings\is_0\KEYBOARDMODE","NAME NOT FOUND","Length: 144"
"7:12:28.0703495 PM","ctfmon.exe","3980","RegQueryValue","HKLM\SOFTWARE\Microsoft\Input\Locales\loc_0409\Processor","SUCCESS","Type: REG_DWORD, Length: 4, Data: 1"
"7:12:28.0703632 PM","ctfmon.exe","3980","RegCloseKey","HKLM\SOFTWARE\Microsoft\Input\Settings\is_0","SUCCESS",""
"7:12:28.0703874 PM","ctfmon.exe","3980","RegCloseKey","HKLM\SOFTWARE\Microsoft\Input\Locales\loc_0409","SUCCESS",""
"7:12:28.0703915 PM","ctfmon.exe","3980","RegQueryValue","HKLM\SOFTWARE\Microsoft\Input\Settings\KEYBOARDMODE","SUCCESS","Type: REG_DWORD, Length: 4, Data: 0"
"7:12:28.0704028 PM","ctfmon.exe","3980","RegCloseKey","HKLM\SOFTWARE\Microsoft\Input\Settings","SUCCESS",""
"7:12:28.0704142 PM","ctfmon.exe","3980","RegQueryKey","HKLM","SUCCESS","Query: HandleTags, HandleTags: 0x0"
"7:12:28.0704231 PM","ctfmon.exe","3980","RegOpenKey","HKLM\Software\Microsoft\Input\Locales\loc_0409","SUCCESS","Desired Access: Query Value"
"7:12:28.0704358 PM","ctfmon.exe","3980","RegQueryValue","HKLM\SOFTWARE\Microsoft\Input\Locales\loc_0409\UseFluency","SUCCESS","Type: REG_DWORD, Length: 4, Data: 2"
"7:12:28.0704452 PM","ctfmon.exe","3980","RegCloseKey","HKLM\SOFTWARE\Microsoft\Input\Locales\loc_0409","SUCCESS",""
"7:12:28.0704559 PM","ctfmon.exe","3980","RegQueryKey","HKLM","SUCCESS","Query: HandleTags, HandleTags: 0x0"
"7:12:28.0704754 PM","ctfmon.exe","3980","RegQueryKey","HKLM","SUCCESS","Query: HandleTags, HandleTags: 0x0"
"7:12:28.0704799 PM","ctfmon.exe","3980","RegOpenKey","HKLM\Software\Microsoft\Input\Locales\loc_0409","SUCCESS","Desired Access: Read"
"7:12:28.0704901 PM","ctfmon.exe","3980","RegOpenKey","HKLM\Software\Microsoft\Input\Locales\loc_0409","SUCCESS","Desired Access: Query Value"
"7:12:28.0704934 PM","ctfmon.exe","3980","RegQueryValue","HKLM\SOFTWARE\Microsoft\Input\Locales\loc_0409\Processor","SUCCESS","Type: REG_DWORD, Length: 4, Data: 1"
"7:12:28.0705060 PM","ctfmon.exe","3980","RegQueryValue","HKLM\SOFTWARE\Microsoft\Input\Locales\loc_0409\Dictionary File","SUCCESS","Type: REG_SZ, Length: 34, Data: mssp7en-US.lex:1"
"7:12:28.0705093 PM","ctfmon.exe","3980","RegCloseKey","HKLM\SOFTWARE\Microsoft\Input\Locales\loc_0409","SUCCESS",""
"7:12:28.0705245 PM","ctfmon.exe","3980","RegCloseKey","HKLM\SOFTWARE\Microsoft\Input\Locales\loc_0409","SUCCESS",""
"7:12:28.0705428 PM","ctfmon.exe","3980","RegQueryKey","HKLM","SUCCESS","Query: HandleTags, HandleTags: 0x0"
"7:12:28.0705525 PM","ctfmon.exe","3980","RegOpenKey","HKLM\Software\Microsoft\Input\Locales\loc_0409","SUCCESS","Desired Access: Query Value"
"7:12:28.0705622 PM","ctfmon.exe","3980","RegQueryValue","HKLM\SOFTWARE\Microsoft\Input\Locales\loc_0409\VersionUser","NAME NOT FOUND","Length: 16"
"7:12:28.0705712 PM","ctfmon.exe","3980","RegCloseKey","HKLM\SOFTWARE\Microsoft\Input\Locales\loc_0409","SUCCESS",""
"7:12:28.0705784 PM","ctfmon.exe","3980","RegQueryKey","HKLM","SUCCESS","Query: HandleTags, HandleTags: 0x0"
"7:12:28.0705861 PM","ctfmon.exe","3980","RegOpenKey","HKLM\Software\Microsoft\Input\Locales\loc_0409","SUCCESS","Desired Access: Query Value"
"7:12:28.0705940 PM","ctfmon.exe","3980","RegQueryValue","HKLM\SOFTWARE\Microsoft\Input\Locales\loc_0409\VersionOEM","SUCCESS","Type: REG_DWORD, Length: 4, Data: 1"
"7:12:28.0706027 PM","ctfmon.exe","3980","RegCloseKey","HKLM\SOFTWARE\Microsoft\Input\Locales\loc_0409","SUCCESS",""
"7:12:28.0707897 PM","Explorer.EXE","4184","RegOpenKey","HKCU","SUCCESS","Desired Access: Query Value"
"7:12:28.0708087 PM","ctfmon.exe","3980","QueryOpen","C:\Windows\System32\en-US\mssp7en-US.lex","FAST IO DISALLOWED",""
"7:12:28.0708129 PM","Explorer.EXE","4184","RegCloseKey","HKCU","SUCCESS",""
"7:12:28.0708644 PM","ctfmon.exe","3980","CreateFile","C:\Windows\System32\en-US\mssp7en-US.lex","NAME NOT FOUND","Desired Access: Read Attributes, Disposition: Open, Options: Open Reparse Point, Attributes: n/a, ShareMode: Read, Write, Delete, AllocationSize: n/a"
"7:12:28.0709660 PM","Explorer.EXE","4184","RegOpenKey","HKCU","SUCCESS","Desired Access: Query Value"
"7:12:28.0709887 PM","Explorer.EXE","4184","RegCloseKey","HKCU","SUCCESS",""
"7:12:28.0709981 PM","ctfmon.exe","3980","QueryOpen","C:\Windows\Globalization\ELS\SpellDictionaries\MsSp7en-US.lex","FAST IO DISALLOWED",""
"7:12:28.0710399 PM","ctfmon.exe","3980","CreateFile","C:\Windows\Globalization\ELS\SpellDictionaries\MsSp7en-US.lex","SUCCESS","Desired Access: Read Attributes, Disposition: Open, Options: Open Reparse Point, Attributes: n/a, ShareMode: Read, Write, Delete, AllocationSize: n/a, OpenResult: Opened"
"7:12:28.0710569 PM","ctfmon.exe","3980","QueryBasicInformationFile","C:\Windows\Globalization\ELS\SpellDictionaries\MsSp7en-US.lex","SUCCESS","CreationTime: 12/7/2019 11:52:01 AM, LastAccessTime: 3/9/2026 5:42:45 PM, LastWriteTime: 12/6/2019 6:33:00 PM, ChangeTime: 3/10/2026 1:47:50 AM, FileAttributes: A"
"7:12:28.0710621 PM","Explorer.EXE","4184","RegOpenKey","HKCU","SUCCESS","Desired Access: Query Value"
"7:12:28.0710696 PM","ctfmon.exe","3980","CloseFile","C:\Windows\Globalization\ELS\SpellDictionaries\MsSp7en-US.lex","SUCCESS",""
"7:12:28.0710747 PM","Explorer.EXE","4184","RegCloseKey","HKCU","SUCCESS",""
"7:12:28.0710839 PM","ctfmon.exe","3980","IRP_MJ_CLOSE","C:\Windows\Globalization\ELS\SpellDictionaries\MsSp7en-US.lex","SUCCESS",""
"7:12:28.0711008 PM","ctfmon.exe","3980","RegQueryKey","HKLM","SUCCESS","Query: HandleTags, HandleTags: 0x0"
"7:12:28.0711098 PM","ctfmon.exe","3980","RegOpenKey","HKLM\Software\Microsoft\Input\Settings","SUCCESS","Desired Access: Read"
"7:12:28.0711223 PM","ctfmon.exe","3980","RegQueryKey","HKCU","SUCCESS","Query: HandleTags, HandleTags: 0x0"
"7:12:28.0711293 PM","ctfmon.exe","3980","RegOpenKey","HKCU\Software\Microsoft\Input\Settings","NAME NOT FOUND","Desired Access: Read"
"7:12:28.0711416 PM","ctfmon.exe","3980","RegQueryKey","HKLM\SOFTWARE\Microsoft\Input\Settings","SUCCESS","Query: HandleTags, HandleTags: 0x0"
"7:12:28.0711486 PM","ctfmon.exe","3980","RegOpenKey","HKLM\SOFTWARE\Microsoft\Input\Settings\proc_1\loc_0409\im_1","SUCCESS","Desired Access: Query Value"
"7:12:28.0711597 PM","ctfmon.exe","3980","RegQueryValue","HKLM\SOFTWARE\Microsoft\Input\Settings\proc_1\loc_0409\im_1\TRANSLITERATION","NAME NOT FOUND","Length: 144"
"7:12:28.0711700 PM","ctfmon.exe","3980","RegCloseKey","HKLM\SOFTWARE\Microsoft\Input\Settings\proc_1\loc_0409\im_1","SUCCESS",""
"7:12:28.0711780 PM","ctfmon.exe","3980","RegQueryKey","HKLM\SOFTWARE\Microsoft\Input\Settings","SUCCESS","Query: HandleTags, HandleTags: 0x0"
"7:12:28.0711846 PM","ctfmon.exe","3980","RegOpenKey","HKLM\SOFTWARE\Microsoft\Input\Settings\proc_1\loc_0409","SUCCESS","Desired Access: Query Value"
"7:12:28.0711929 PM","ctfmon.exe","3980","RegQueryValue","HKLM\SOFTWARE\Microsoft\Input\Settings\proc_1\loc_0409\TRANSLITERATION","NAME NOT FOUND","Length: 144"
"7:12:28.0712007 PM","ctfmon.exe","3980","RegCloseKey","HKLM\SOFTWARE\Microsoft\Input\Settings\proc_1\loc_0409","SUCCESS",""
"7:12:28.0712088 PM","ctfmon.exe","3980","RegQueryKey","HKLM\SOFTWARE\Microsoft\Input\Settings","SUCCESS","Query: HandleTags, HandleTags: 0x0"
"7:12:28.0712156 PM","ctfmon.exe","3980","RegOpenKey","HKLM\SOFTWARE\Microsoft\Input\Settings\proc_1","SUCCESS","Desired Access: Query Value"
"7:12:28.0712231 PM","ctfmon.exe","3980","RegQueryValue","HKLM\SOFTWARE\Microsoft\Input\Settings\proc_1\TRANSLITERATION","NAME NOT FOUND","Length: 144"
"7:12:28.0712315 PM","ctfmon.exe","3980","RegCloseKey","HKLM\SOFTWARE\Microsoft\Input\Settings\proc_1","SUCCESS",""
"7:12:28.0712381 PM","ctfmon.exe","3980","RegQueryValue","HKLM\SOFTWARE\Microsoft\Input\Settings\TRANSLITERATION","NAME NOT FOUND","Length: 144"
"7:12:28.0712419 PM","Explorer.EXE","4184","RegOpenKey","HKCU","SUCCESS","Desired Access: Query Value"
"7:12:28.0712465 PM","ctfmon.exe","3980","RegCloseKey","HKLM\SOFTWARE\Microsoft\Input\Settings","SUCCESS",""
"7:12:28.0712543 PM","ctfmon.exe","3980","RegQueryKey","HKLM","SUCCESS","Query: HandleTags, HandleTags: 0x0"
"7:12:28.0712545 PM","Explorer.EXE","4184","RegCloseKey","HKCU","SUCCESS",""
"7:12:28.0712613 PM","ctfmon.exe","3980","RegOpenKey","HKLM\Software\Microsoft\Input\Settings","SUCCESS","Desired Access: Read"
"7:12:28.0712698 PM","ctfmon.exe","3980","RegQueryKey","HKCU","SUCCESS","Query: HandleTags, HandleTags: 0x0"
"7:12:28.0712765 PM","ctfmon.exe","3980","RegOpenKey","HKCU\Software\Microsoft\Input\Settings","NAME NOT FOUND","Desired Access: Read"
"7:12:28.0712849 PM","ctfmon.exe","3980","RegQueryKey","HKLM\SOFTWARE\Microsoft\Input\Settings","SUCCESS","Query: HandleTags, HandleTags: 0x0"
"7:12:28.0712913 PM","ctfmon.exe","3980","RegOpenKey","HKLM\SOFTWARE\Microsoft\Input\Settings\proc_1\loc_0409\im_1","SUCCESS","Desired Access: Query Value"
"7:12:28.0712992 PM","ctfmon.exe","3980","RegQueryValue","HKLM\SOFTWARE\Microsoft\Input\Settings\proc_1\loc_0409\im_1\TRANSLITERATIONONTHEFLY","NAME NOT FOUND","Length: 144"
"7:12:28.0713075 PM","ctfmon.exe","3980","RegCloseKey","HKLM\SOFTWARE\Microsoft\Input\Settings\proc_1\loc_0409\im_1","SUCCESS",""
"7:12:28.0713150 PM","ctfmon.exe","3980","RegQueryKey","HKLM\SOFTWARE\Microsoft\Input\Settings","SUCCESS","Query: HandleTags, HandleTags: 0x0"
"7:12:28.0713217 PM","ctfmon.exe","3980","RegOpenKey","HKLM\SOFTWARE\Microsoft\Input\Settings\proc_1\loc_0409","SUCCESS","Desired Access: Query Value"
"7:12:28.0713292 PM","ctfmon.exe","3980","RegQueryValue","HKLM\SOFTWARE\Microsoft\Input\Settings\proc_1\loc_0409\TRANSLITERATIONONTHEFLY","NAME NOT FOUND","Length: 144"
"7:12:28.0713361 PM","ctfmon.exe","3980","RegCloseKey","HKLM\SOFTWARE\Microsoft\Input\Settings\proc_1\loc_0409","SUCCESS",""
"7:12:28.0713428 PM","ctfmon.exe","3980","RegQueryKey","HKLM\SOFTWARE\Microsoft\Input\Settings","SUCCESS","Query: HandleTags, HandleTags: 0x0"
"7:12:28.0713497 PM","ctfmon.exe","3980","RegOpenKey","HKLM\SOFTWARE\Microsoft\Input\Settings\proc_1","SUCCESS","Desired Access: Query Value"
"7:12:28.0713580 PM","ctfmon.exe","3980","RegQueryValue","HKLM\SOFTWARE\Microsoft\Input\Settings\proc_1\TRANSLITERATIONONTHEFLY","NAME NOT FOUND","Length: 144"
"7:12:28.0713663 PM","ctfmon.exe","3980","RegCloseKey","HKLM\SOFTWARE\Microsoft\Input\Settings\proc_1","SUCCESS",""
"7:12:28.0713726 PM","ctfmon.exe","3980","RegQueryValue","HKLM\SOFTWARE\Microsoft\Input\Settings\TRANSLITERATIONONTHEFLY","NAME NOT FOUND","Length: 144"
"7:12:28.0714256 PM","ctfmon.exe","3980","RegCloseKey","HKLM\SOFTWARE\Microsoft\Input\Settings","SUCCESS",""
"7:12:28.0714471 PM","Explorer.EXE","4184","RegQueryKey","HKCU\Software\Classes","SUCCESS","Query: Name"
"7:12:28.0714526 PM","ctfmon.exe","3980","RegQueryKey","HKLM","SUCCESS","Query: HandleTags, HandleTags: 0x0"
"7:12:28.0714743 PM","ctfmon.exe","3980","RegOpenKey","HKLM\Software\Microsoft\Input\Settings","SUCCESS","Desired Access: Read"
"7:12:28.0714787 PM","Explorer.EXE","4184","RegQueryKey","HKCU\Software\Classes","SUCCESS","Query: HandleTags, HandleTags: 0x0"
"7:12:28.0714876 PM","ctfmon.exe","3980","RegQueryKey","HKCU","SUCCESS","Query: HandleTags, HandleTags: 0x0"
"7:12:28.0714897 PM","Explorer.EXE","4184","RegQueryKey","HKCU\Software\Classes","SUCCESS","Query: HandleTags, HandleTags: 0x0"
"7:12:28.0715369 PM","ctfmon.exe","3980","RegOpenKey","HKCU\Software\Microsoft\Input\Settings","NAME NOT FOUND","Desired Access: Read"
"7:12:28.0715474 PM","Explorer.EXE","4184","RegOpenKey","HKCU\Software\Classes\CLSID\{56AD4C5D-B908-4F85-8FF1-7940C29B3BCF}\Instance","NAME NOT FOUND","Desired Access: Read"
"7:12:28.0715564 PM","ctfmon.exe","3980","RegQueryKey","HKLM\SOFTWARE\Microsoft\Input\Settings","SUCCESS","Query: HandleTags, HandleTags: 0x0"
"7:12:28.0715661 PM","Explorer.EXE","4184","RegOpenKey","HKCR\CLSID\{56AD4C5D-B908-4F85-8FF1-7940C29B3BCF}\Instance","NAME NOT FOUND","Desired Access: Read"
"7:12:28.0715667 PM","ctfmon.exe","3980","RegOpenKey","HKLM\SOFTWARE\Microsoft\Input\Settings\proc_1\loc_0409\im_1","SUCCESS","Desired Access: Query Value"
"7:12:28.0716161 PM","ctfmon.exe","3980","RegQueryValue","HKLM\SOFTWARE\Microsoft\Input\Settings\proc_1\loc_0409\im_1\USEDANDA","NAME NOT FOUND","Length: 144"
"7:12:28.0716274 PM","ctfmon.exe","3980","RegCloseKey","HKLM\SOFTWARE\Microsoft\Input\Settings\proc_1\loc_0409\im_1","SUCCESS",""
"7:12:28.0716373 PM","ctfmon.exe","3980","RegQueryKey","HKLM\SOFTWARE\Microsoft\Input\Settings","SUCCESS","Query: HandleTags, HandleTags: 0x0"
"7:12:28.0716452 PM","ctfmon.exe","3980","RegOpenKey","HKLM\SOFTWARE\Microsoft\Input\Settings\proc_1\loc_0409","SUCCESS","Desired Access: Query Value"
"7:12:28.0716548 PM","ctfmon.exe","3980","RegQueryValue","HKLM\SOFTWARE\Microsoft\Input\Settings\proc_1\loc_0409\USEDANDA","NAME NOT FOUND","Length: 144"
"7:12:28.0716623 PM","ctfmon.exe","3980","RegCloseKey","HKLM\SOFTWARE\Microsoft\Input\Settings\proc_1\loc_0409","SUCCESS",""
"7:12:28.0716694 PM","ctfmon.exe","3980","RegQueryKey","HKLM\SOFTWARE\Microsoft\Input\Settings","SUCCESS","Query: HandleTags, HandleTags: 0x0"
"7:12:28.0717081 PM","ctfmon.exe","3980","RegOpenKey","HKLM\SOFTWARE\Microsoft\Input\Settings\proc_1","SUCCESS","Desired Access: Query Value"
"7:12:28.0717205 PM","ctfmon.exe","3980","RegQueryValue","HKLM\SOFTWARE\Microsoft\Input\Settings\proc_1\USEDANDA","NAME NOT FOUND","Length: 144"
"7:12:28.0717321 PM","ctfmon.exe","3980","RegCloseKey","HKLM\SOFTWARE\Microsoft\Input\Settings\proc_1","SUCCESS",""
"7:12:28.0717391 PM","ctfmon.exe","3980","RegQueryValue","HKLM\SOFTWARE\Microsoft\Input\Settings\USEDANDA","NAME NOT FOUND","Length: 144"
"7:12:28.0717477 PM","ctfmon.exe","3980","RegCloseKey","HKLM\SOFTWARE\Microsoft\Input\Settings","SUCCESS",""
"7:12:28.0717557 PM","ctfmon.exe","3980","RegQueryKey","HKLM","SUCCESS","Query: HandleTags, HandleTags: 0x0"
"7:12:28.0717860 PM","ctfmon.exe","3980","RegOpenKey","HKLM\Software\Microsoft\Input\Settings","SUCCESS","Desired Access: Read"
"7:12:28.0718042 PM","ctfmon.exe","3980","RegQueryKey","HKCU","SUCCESS","Query: HandleTags, HandleTags: 0x0"
"7:12:28.0718156 PM","ctfmon.exe","3980","RegOpenKey","HKCU\Software\Microsoft\Input\Settings","NAME NOT FOUND","Desired Access: Read"
"7:12:28.0718271 PM","ctfmon.exe","3980","RegQueryKey","HKLM\SOFTWARE\Microsoft\Input\Settings","SUCCESS","Query: HandleTags, HandleTags: 0x0"
"7:12:28.0718337 PM","ctfmon.exe","3980","RegOpenKey","HKLM\SOFTWARE\Microsoft\Input\Settings\is_0\loc_0409","NAME NOT FOUND","Desired Access: Query Value"
"7:12:28.0718435 PM","ctfmon.exe","3980","RegQueryKey","HKLM\SOFTWARE\Microsoft\Input\Settings","SUCCESS","Query: HandleTags, HandleTags: 0x0"
"7:12:28.0718505 PM","ctfmon.exe","3980","RegOpenKey","HKLM\SOFTWARE\Microsoft\Input\Settings\is_0","SUCCESS","Desired Access: Query Value"
"7:12:28.0718907 PM","ctfmon.exe","3980","RegQueryValue","HKLM\SOFTWARE\Microsoft\Input\Settings\is_0\SUPPRESSCONVERSION","NAME NOT FOUND","Length: 144"
"7:12:28.0719005 PM","ctfmon.exe","3980","RegCloseKey","HKLM\SOFTWARE\Microsoft\Input\Settings\is_0","SUCCESS",""
"7:12:28.0719078 PM","ctfmon.exe","3980","RegQueryValue","HKLM\SOFTWARE\Microsoft\Input\Settings\SUPPRESSCONVERSION","NAME NOT FOUND","Length: 144"
"7:12:28.0719161 PM","ctfmon.exe","3980","RegCloseKey","HKLM\SOFTWARE\Microsoft\Input\Settings","SUCCESS",""
"7:12:28.0719245 PM","ctfmon.exe","3980","RegQueryKey","HKLM","SUCCESS","Query: HandleTags, HandleTags: 0x0"
"7:12:28.0719325 PM","ctfmon.exe","3980","RegOpenKey","HKLM\Software\Microsoft\Input\Settings","SUCCESS","Desired Access: Read"
"7:12:28.0719422 PM","ctfmon.exe","3980","RegQueryKey","HKCU","SUCCESS","Query: HandleTags, HandleTags: 0x0"
"7:12:28.0719802 PM","ctfmon.exe","3980","RegOpenKey","HKCU\Software\Microsoft\Input\Settings","NAME NOT FOUND","Desired Access: Read"
"7:12:28.0719940 PM","ctfmon.exe","3980","RegQueryKey","HKLM\SOFTWARE\Microsoft\Input\Settings","SUCCESS","Query: HandleTags, HandleTags: 0x0"
"7:12:28.0720008 PM","ctfmon.exe","3980","RegOpenKey","HKLM\SOFTWARE\Microsoft\Input\Settings\proc_1\loc_0409\im_1","SUCCESS","Desired Access: Query Value"
"7:12:28.0720115 PM","ctfmon.exe","3980","RegQueryValue","HKLM\SOFTWARE\Microsoft\Input\Settings\proc_1\loc_0409\im_1\RULEBASEDCONVERSION","NAME NOT FOUND","Length: 144"
"7:12:28.0720211 PM","ctfmon.exe","3980","RegCloseKey","HKLM\SOFTWARE\Microsoft\Input\Settings\proc_1\loc_0409\im_1","SUCCESS",""
"7:12:28.0720293 PM","ctfmon.exe","3980","RegQueryKey","HKLM\SOFTWARE\Microsoft\Input\Settings","SUCCESS","Query: HandleTags, HandleTags: 0x0"
"7:12:28.0720560 PM","lsass.exe","664","ReadFile","C:\Windows\System32\lsasrv.dll","SUCCESS","Offset: 1,596,416, Length: 16,384, I/O Flags: Non-cached, Paging I/O, Synchronous Paging I/O, Priority: Normal"
"7:12:28.0720762 PM","ctfmon.exe","3980","RegOpenKey","HKLM\SOFTWARE\Microsoft\Input\Settings\proc_1\loc_0409","SUCCESS","Desired Access: Query Value"
"7:12:28.0720884 PM","ctfmon.exe","3980","RegQueryValue","HKLM\SOFTWARE\Microsoft\Input\Settings\proc_1\loc_0409\RULEBASEDCONVERSION","NAME NOT FOUND","Length: 144"
"7:12:28.0720971 PM","ctfmon.exe","3980","RegCloseKey","HKLM\SOFTWARE\Microsoft\Input\Settings\proc_1\loc_0409","SUCCESS",""
"7:12:28.0721059 PM","ctfmon.exe","3980","RegQueryKey","HKLM\SOFTWARE\Microsoft\Input\Settings","SUCCESS","Query: HandleTags, HandleTags: 0x0"
"7:12:28.0721148 PM","ctfmon.exe","3980","RegOpenKey","HKLM\SOFTWARE\Microsoft\Input\Settings\proc_1","SUCCESS","Desired Access: Query Value"
"7:12:28.0721229 PM","ctfmon.exe","3980","RegQueryValue","HKLM\SOFTWARE\Microsoft\Input\Settings\proc_1\RULEBASEDCONVERSION","NAME NOT FOUND","Length: 144"
"7:12:28.0721646 PM","ctfmon.exe","3980","RegCloseKey","HKLM\SOFTWARE\Microsoft\Input\Settings\proc_1","SUCCESS",""
"7:12:28.0721729 PM","ctfmon.exe","3980","RegQueryValue","HKLM\SOFTWARE\Microsoft\Input\Settings\RULEBASEDCONVERSION","NAME NOT FOUND","Length: 144"
"7:12:28.0721816 PM","ctfmon.exe","3980","RegCloseKey","HKLM\SOFTWARE\Microsoft\Input\Settings","SUCCESS",""
"7:12:28.0721904 PM","ctfmon.exe","3980","RegQueryKey","HKCU","SUCCESS","Query: HandleTags, HandleTags: 0x0"
"7:12:28.0721991 PM","ctfmon.exe","3980","RegOpenKey","HKCU\Software\Microsoft\Input\Settings","NAME NOT FOUND","Desired Access: Query Value"
"7:12:28.0722101 PM","ctfmon.exe","3980","RegQueryKey","HKLM","SUCCESS","Query: HandleTags, HandleTags: 0x0"
"7:12:28.0722472 PM","ctfmon.exe","3980","RegOpenKey","HKLM\Software\Microsoft\Input\Settings","SUCCESS","Desired Access: Query Value"
"7:12:28.0722598 PM","ctfmon.exe","3980","RegQueryValue","HKLM\SOFTWARE\Microsoft\Input\Settings\PredictionDisabled","NAME NOT FOUND","Length: 144"
"7:12:28.0722702 PM","ctfmon.exe","3980","RegCloseKey","HKLM\SOFTWARE\Microsoft\Input\Settings","SUCCESS",""
"7:12:28.0722806 PM","ctfmon.exe","3980","RegQueryKey","HKCU","SUCCESS","Query: HandleTags, HandleTags: 0x0"
"7:12:28.0722878 PM","ctfmon.exe","3980","RegOpenKey","HKCU\Software\Microsoft\TabletTip\1.7","SUCCESS","Desired Access: Query Value"
"7:12:28.0723012 PM","ctfmon.exe","3980","RegQueryValue","HKCU\SOFTWARE\Microsoft\TabletTip\1.7\EnablePredictionSpaceInsertion","NAME NOT FOUND","Length: 16"
"7:12:28.0723333 PM","ctfmon.exe","3980","RegCloseKey","HKCU\SOFTWARE\Microsoft\TabletTip\1.7","SUCCESS",""
"7:12:28.0723537 PM","Explorer.EXE","4184","RegQueryKey","HKCU\Software\Classes","SUCCESS","Query: Name"
"7:12:28.0723604 PM","ctfmon.exe","3980","RegQueryKey","HKLM","SUCCESS","Query: HandleTags, HandleTags: 0x0"
"7:12:28.0723852 PM","ctfmon.exe","3980","RegOpenKey","HKLM\Software\Microsoft\Input\Settings","SUCCESS","Desired Access: Read"
"7:12:28.0724048 PM","ctfmon.exe","3980","RegQueryKey","HKCU","SUCCESS","Query: HandleTags, HandleTags: 0x0"
"7:12:28.0724118 PM","ctfmon.exe","3980","RegOpenKey","HKCU\Software\Microsoft\Input\Settings","NAME NOT FOUND","Desired Access: Read"
"7:12:28.0724255 PM","ctfmon.exe","3980","RegQueryKey","HKLM\SOFTWARE\Microsoft\Input\Settings","SUCCESS","Query: HandleTags, HandleTags: 0x0"
"7:12:28.0724653 PM","ctfmon.exe","3980","RegOpenKey","HKLM\SOFTWARE\Microsoft\Input\Settings\proc_1\loc_0409\im_1","SUCCESS","Desired Access: Query Value"
"7:12:28.0724791 PM","ctfmon.exe","3980","RegQueryValue","HKLM\SOFTWARE\Microsoft\Input\Settings\proc_1\loc_0409\im_1\HASTRAILER","SUCCESS","Type: REG_DWORD, Length: 4, Data: 1"
"7:12:28.0724898 PM","ctfmon.exe","3980","RegCloseKey","HKLM\SOFTWARE\Microsoft\Input\Settings\proc_1\loc_0409\im_1","SUCCESS",""
"7:12:28.0724977 PM","ctfmon.exe","3980","RegCloseKey","HKLM\SOFTWARE\Microsoft\Input\Settings","SUCCESS",""
"7:12:28.0724986 PM","Procmon64.exe","1132","Thread Exit","","SUCCESS","Thread ID: 5416, User Time: 0.0000000, Kernel Time: 0.0000000"
"7:12:28.0725179 PM","ctfmon.exe","3980","RegQueryKey","HKLM","SUCCESS","Query: HandleTags, HandleTags: 0x0"
"7:12:28.0725251 PM","ctfmon.exe","3980","RegOpenKey","HKLM\Software\Microsoft\Input\Settings","SUCCESS","Desired Access: Read"
"7:12:28.0725695 PM","ctfmon.exe","3980","RegQueryKey","HKCU","SUCCESS","Query: HandleTags, HandleTags: 0x0"
"7:12:28.0725778 PM","ctfmon.exe","3980","RegOpenKey","HKCU\Software\Microsoft\Input\Settings","NAME NOT FOUND","Desired Access: Read"
"7:12:28.0725898 PM","ctfmon.exe","3980","RegQueryKey","HKLM\SOFTWARE\Microsoft\Input\Settings","SUCCESS","Query: HandleTags, HandleTags: 0x0"
"7:12:28.0726387 PM","ctfmon.exe","3980","RegOpenKey","HKLM\SOFTWARE\Microsoft\Input\Settings\is_0\loc_0409","NAME NOT FOUND","Desired Access: Query Value"
"7:12:28.0726572 PM","ctfmon.exe","3980","RegQueryKey","HKLM\SOFTWARE\Microsoft\Input\Settings","SUCCESS","Query: HandleTags, HandleTags: 0x0"
"7:12:28.0726658 PM","ctfmon.exe","3980","RegOpenKey","HKLM\SOFTWARE\Microsoft\Input\Settings\is_0","SUCCESS","Desired Access: Query Value"
"7:12:28.0726769 PM","ctfmon.exe","3980","RegQueryValue","HKLM\SOFTWARE\Microsoft\Input\Settings\is_0\HASTRAILER","SUCCESS","Type: REG_DWORD, Length: 4, Data: 1"
"7:12:28.0727175 PM","ctfmon.exe","3980","RegCloseKey","HKLM\SOFTWARE\Microsoft\Input\Settings\is_0","SUCCESS",""
"7:12:28.0727256 PM","ctfmon.exe","3980","RegCloseKey","HKLM\SOFTWARE\Microsoft\Input\Settings","SUCCESS",""
"7:12:28.0727534 PM","ctfmon.exe","3980","RegQueryKey","HKLM","SUCCESS","Query: HandleTags, HandleTags: 0x0"
"7:12:28.0727883 PM","lsass.exe","664","ReadFile","C:\Windows\System32\lsasrv.dll","SUCCESS","Offset: 1,580,032, Length: 16,384, I/O Flags: Non-cached, Paging I/O, Synchronous Paging I/O, Priority: Normal"
"7:12:28.0728489 PM","ctfmon.exe","3980","RegOpenKey","HKLM\Software\Microsoft\PolicyManager\default\TextInput\AllowKeyboardTextSuggestions","SUCCESS","Desired Access: Read"
"7:12:28.0728749 PM","ctfmon.exe","3980","RegSetInfoKey","HKLM\SOFTWARE\Microsoft\PolicyManager\default\TextInput\AllowKeyboardTextSuggestions","SUCCESS","KeySetInformationClass: KeySetHandleTagsInformation, Length: 0"
"7:12:28.0728834 PM","ctfmon.exe","3980","RegQueryValue","HKLM\SOFTWARE\Microsoft\PolicyManager\default\TextInput\AllowKeyboardTextSuggestions\PolicyType","SUCCESS","Type: REG_DWORD, Length: 4, Data: 4"
"7:12:28.0729248 PM","ctfmon.exe","3980","RegQueryValue","HKLM\SOFTWARE\Microsoft\PolicyManager\default\TextInput\AllowKeyboardTextSuggestions\Behavior","SUCCESS","Type: REG_DWORD, Length: 4, Data: 32"
"7:12:28.0729338 PM","ctfmon.exe","3980","RegQueryValue","HKLM\SOFTWARE\Microsoft\PolicyManager\default\TextInput\AllowKeyboardTextSuggestions\MergeAlgorithm","SUCCESS","Type: REG_DWORD, Length: 4, Data: 1"
"7:12:28.0729412 PM","ctfmon.exe","3980","RegQueryValue","HKLM\SOFTWARE\Microsoft\PolicyManager\default\TextInput\AllowKeyboardTextSuggestions\RegKeyPathRedirectMapped","NAME NOT FOUND","Length: 16"
"7:12:28.0729483 PM","ctfmon.exe","3980","RegQueryValue","HKLM\SOFTWARE\Microsoft\PolicyManager\default\TextInput\AllowKeyboardTextSuggestions\RegKeyPathRedirect","NAME NOT FOUND","Length: 12"
"7:12:28.0729555 PM","ctfmon.exe","3980","RegQueryValue","HKLM\SOFTWARE\Microsoft\PolicyManager\default\TextInput\AllowKeyboardTextSuggestions\grouppolicyname","NAME NOT FOUND","Length: 12"
"7:12:28.0729906 PM","ctfmon.exe","3980","RegQueryValue","HKLM\SOFTWARE\Microsoft\PolicyManager\default\TextInput\AllowKeyboardTextSuggestions\ADMXMetadataUser","NAME NOT FOUND","Length: 12"
"7:12:28.0729992 PM","ctfmon.exe","3980","RegQueryValue","HKLM\SOFTWARE\Microsoft\PolicyManager\default\TextInput\AllowKeyboardTextSuggestions\ADMXMetadataDevice","NAME NOT FOUND","Length: 12"
"7:12:28.0730063 PM","ctfmon.exe","3980","RegQueryValue","HKLM\SOFTWARE\Microsoft\PolicyManager\default\TextInput\AllowKeyboardTextSuggestions\ADMXMetadataBoth","NAME NOT FOUND","Length: 12"
"7:12:28.0730518 PM","ctfmon.exe","3980","RegQueryValue","HKLM\SOFTWARE\Microsoft\PolicyManager\default\TextInput\AllowKeyboardTextSuggestions\30Value","NAME NOT FOUND","Length: 12"
"7:12:28.0730620 PM","ctfmon.exe","3980","RegQueryValue","HKLM\SOFTWARE\Microsoft\PolicyManager\default\TextInput\AllowKeyboardTextSuggestions\Value","SUCCESS","Type: REG_DWORD, Length: 4, Data: 1"
"7:12:28.0730721 PM","ctfmon.exe","3980","RegCloseKey","HKLM\SOFTWARE\Microsoft\PolicyManager\default\TextInput\AllowKeyboardTextSuggestions","SUCCESS",""
"7:12:28.0731227 PM","ctfmon.exe","3980","RegQueryKey","HKLM","SUCCESS","Query: HandleTags, HandleTags: 0x0"
"7:12:28.0731366 PM","ctfmon.exe","3980","RegOpenKey","HKLM\Software\Microsoft\PolicyManager\current\Device\TextInput","NAME NOT FOUND","Desired Access: Read"
"7:12:28.0731553 PM","ctfmon.exe","3980","RegQueryKey","HKCU","SUCCESS","Query: HandleTags, HandleTags: 0x0"
"7:12:28.0731623 PM","ctfmon.exe","3980","RegOpenKey","HKCU\Software\Microsoft\TabletTip\1.7","SUCCESS","Desired Access: Query Value"
"7:12:28.0731744 PM","ctfmon.exe","3980","RegQueryValue","HKCU\SOFTWARE\Microsoft\TabletTip\1.7\EnableTextPrediction","NAME NOT FOUND","Length: 16"
"7:12:28.0732256 PM","ctfmon.exe","3980","RegCloseKey","HKCU\SOFTWARE\Microsoft\TabletTip\1.7","SUCCESS",""
"7:12:28.0732708 PM","ctfmon.exe","3980","RegQueryKey","HKLM","SUCCESS","Query: HandleTags, HandleTags: 0x0"
"7:12:28.0732932 PM","ctfmon.exe","3980","RegOpenKey","HKLM\Software\Microsoft\Input\Settings","SUCCESS","Desired Access: Read"
"7:12:28.0733060 PM","ctfmon.exe","3980","RegQueryKey","HKCU","SUCCESS","Query: HandleTags, HandleTags: 0x0"
"7:12:28.0733131 PM","ctfmon.exe","3980","RegOpenKey","HKCU\Software\Microsoft\Input\Settings","NAME NOT FOUND","Desired Access: Read"
"7:12:28.0733250 PM","ctfmon.exe","3980","RegQueryKey","HKLM\SOFTWARE\Microsoft\Input\Settings","SUCCESS","Query: HandleTags, HandleTags: 0x0"
"7:12:28.0733315 PM","ctfmon.exe","3980","RegOpenKey","HKLM\SOFTWARE\Microsoft\Input\Settings\proc_1\loc_0409\im_1","SUCCESS","Desired Access: Query Value"
"7:12:28.0733357 PM","lsass.exe","664","ReadFile","C:\Windows\System32\lsasrv.dll","SUCCESS","Offset: 1,495,552, Length: 16,384, I/O Flags: Non-cached, Paging I/O, Synchronous Paging I/O, Priority: Normal"
"7:12:28.0733812 PM","ctfmon.exe","3980","RegQueryValue","HKLM\SOFTWARE\Microsoft\Input\Settings\proc_1\loc_0409\im_1\PREDICTION","SUCCESS","Type: REG_DWORD, Length: 4, Data: 1"
"7:12:28.0733993 PM","ctfmon.exe","3980","RegCloseKey","HKLM\SOFTWARE\Microsoft\Input\Settings\proc_1\loc_0409\im_1","SUCCESS",""
"7:12:28.0734087 PM","ctfmon.exe","3980","RegCloseKey","HKLM\SOFTWARE\Microsoft\Input\Settings","SUCCESS",""
"7:12:28.0734187 PM","ctfmon.exe","3980","RegQueryKey","HKCU","SUCCESS","Query: HandleTags, HandleTags: 0x0"
"7:12:28.0734283 PM","ctfmon.exe","3980","RegOpenKey","HKCU\Software\Microsoft\TabletTip\1.7","SUCCESS","Desired Access: Query Value"
"7:12:28.0734355 PM","Procmon64.exe","1132","RegQueryValue","HKLM\HARDWARE\DESCRIPTION\System\CentralProcessor\0\~MHz","SUCCESS","Type: REG_DWORD, Length: 4, Data: 3094"
"7:12:28.0734442 PM","ctfmon.exe","3980","RegQueryValue","HKCU\SOFTWARE\Microsoft\TabletTip\1.7\EnableAutoCorrection","NAME NOT FOUND","Length: 16"
"7:12:28.0734745 PM","Procmon64.exe","1132","RegCloseKey","HKLM\HARDWARE\DESCRIPTION\System\CentralProcessor\0","SUCCESS",""
"7:12:28.0734869 PM","ctfmon.exe","3980","RegCloseKey","HKCU\SOFTWARE\Microsoft\TabletTip\1.7","SUCCESS",""
"7:12:28.0734963 PM","ctfmon.exe","3980","RegQueryKey","HKLM","SUCCESS","Query: HandleTags, HandleTags: 0x0"
"7:12:28.0735049 PM","ctfmon.exe","3980","RegOpenKey","HKLM\Software\Microsoft\Input\Settings","SUCCESS","Desired Access: Read"
"7:12:28.0735088 PM","Explorer.EXE","4184","RegQueryKey","HKCU\Software\Classes","SUCCESS","Query: HandleTags, HandleTags: 0x0"
"7:12:28.0735189 PM","Explorer.EXE","4184","RegQueryKey","HKCU\Software\Classes","SUCCESS","Query: HandleTags, HandleTags: 0x0"
"7:12:28.0735309 PM","Explorer.EXE","4184","RegOpenKey","HKCU\Software\Classes\Applications\Procmon64.exe","NAME NOT FOUND","Desired Access: Read"
"7:12:28.0735761 PM","ctfmon.exe","3980","RegQueryKey","HKCU","SUCCESS","Query: HandleTags, HandleTags: 0x0"
"7:12:28.0735975 PM","ctfmon.exe","3980","RegOpenKey","HKCU\Software\Microsoft\Input\Settings","NAME NOT FOUND","Desired Access: Read"
"7:12:28.0736051 PM","Explorer.EXE","4184","RegOpenKey","HKCR\Applications\Procmon64.exe","NAME NOT FOUND","Desired Access: Read"
"7:12:28.0736127 PM","ctfmon.exe","3980","RegQueryKey","HKLM\SOFTWARE\Microsoft\Input\Settings","SUCCESS","Query: HandleTags, HandleTags: 0x0"
"7:12:28.0736199 PM","ctfmon.exe","3980","RegOpenKey","HKLM\SOFTWARE\Microsoft\Input\Settings\proc_1\loc_0409\im_1","SUCCESS","Desired Access: Query Value"
"7:12:28.0736278 PM","Explorer.EXE","4184","RegQueryKey","HKCU\Software\Classes","SUCCESS","Query: Name"
"7:12:28.0736536 PM","ctfmon.exe","3980","RegQueryValue","HKLM\SOFTWARE\Microsoft\Input\Settings\proc_1\loc_0409\im_1\AUTOCORRECTION","SUCCESS","Type: REG_DWORD, Length: 4, Data: 1"
"7:12:28.0736824 PM","ctfmon.exe","3980","RegCloseKey","HKLM\SOFTWARE\Microsoft\Input\Settings\proc_1\loc_0409\im_1","SUCCESS",""
"7:12:28.0736911 PM","ctfmon.exe","3980","RegCloseKey","HKLM\SOFTWARE\Microsoft\Input\Settings","SUCCESS",""
"7:12:28.0737000 PM","Explorer.EXE","4184","RegQueryKey","HKCU\Software\Classes","SUCCESS","Query: HandleTags, HandleTags: 0x0"
"7:12:28.0737164 PM","ctfmon.exe","3980","RegQueryKey","HKLM","SUCCESS","Query: HandleTags, HandleTags: 0x0"
"7:12:28.0737253 PM","Explorer.EXE","4184","RegQueryKey","HKCU\Software\Classes","SUCCESS","Query: Name"
"7:12:28.0737294 PM","ctfmon.exe","3980","RegOpenKey","HKLM\Software\Microsoft\Input\Settings","SUCCESS","Desired Access: Read"
"7:12:28.0737886 PM","ctfmon.exe","3980","RegQueryKey","HKCU","SUCCESS","Query: HandleTags, HandleTags: 0x0"
"7:12:28.0737971 PM","ctfmon.exe","3980","RegOpenKey","HKCU\Software\Microsoft\Input\Settings","NAME NOT FOUND","Desired Access: Read"
"7:12:28.0738084 PM","ctfmon.exe","3980","RegQueryKey","HKLM\SOFTWARE\Microsoft\Input\Settings","SUCCESS","Query: HandleTags, HandleTags: 0x0"
"7:12:28.0738192 PM","ctfmon.exe","3980","RegOpenKey","HKLM\SOFTWARE\Microsoft\Input\Settings\is_0\loc_0409","NAME NOT FOUND","Desired Access: Query Value"
"7:12:28.0738490 PM","lsass.exe","664","QueryNameInformationFile","C:\Users\12220186\Downloads\ProcessMonitor\Procmon64.exe","SUCCESS","Name: \Users\12220186\Downloads\ProcessMonitor\Procmon64.exe"
"7:12:28.0738518 PM","lsass.exe","664","QueryNameInformationFile","C:\Users\12220186\Downloads\ProcessMonitor\Procmon64.exe","SUCCESS","Name: \Users\12220186\Downloads\ProcessMonitor\Procmon64.exe"
"7:12:28.0740142 PM","Explorer.EXE","4184","RegOpenKey","HKCU\Software\Classes\Applications\Procmon64.exe","NAME NOT FOUND","Desired Access: Read"
"7:12:28.0740209 PM","ctfmon.exe","3980","RegQueryKey","HKLM\SOFTWARE\Microsoft\Input\Settings","SUCCESS","Query: HandleTags, HandleTags: 0x0"
"7:12:28.0740311 PM","ctfmon.exe","3980","RegOpenKey","HKLM\SOFTWARE\Microsoft\Input\Settings\is_0","SUCCESS","Desired Access: Query Value"
"7:12:28.0740361 PM","Explorer.EXE","4184","RegOpenKey","HKCR\Applications\Procmon64.exe","NAME NOT FOUND","Desired Access: Read"
"7:12:28.0740423 PM","ctfmon.exe","3980","RegQueryValue","HKLM\SOFTWARE\Microsoft\Input\Settings\is_0\AUTOCORRECTION","SUCCESS","Type: REG_DWORD, Length: 4, Data: 1"
"7:12:28.0740519 PM","ctfmon.exe","3980","RegCloseKey","HKLM\SOFTWARE\Microsoft\Input\Settings\is_0","SUCCESS",""
"7:12:28.0740919 PM","ctfmon.exe","3980","RegCloseKey","HKLM\SOFTWARE\Microsoft\Input\Settings","SUCCESS",""
"7:12:28.0741003 PM","ctfmon.exe","3980","RegQueryKey","HKLM","SUCCESS","Query: HandleTags, HandleTags: 0x0"
"7:12:28.0741083 PM","ctfmon.exe","3980","RegOpenKey","HKLM\Software\Microsoft\Input\Settings","SUCCESS","Desired Access: Read"
"7:12:28.0741195 PM","ctfmon.exe","3980","RegQueryKey","HKCU","SUCCESS","Query: HandleTags, HandleTags: 0x0"
"7:12:28.0741538 PM","Explorer.EXE","4184","QueryOpen","C:\Users\12220186\Downloads\ProcessMonitor\Procmon64.exe","FAST IO DISALLOWED",""
"7:12:28.0741561 PM","ctfmon.exe","3980","RegOpenKey","HKCU\Software\Microsoft\Input\Settings","NAME NOT FOUND","Desired Access: Read"
"7:12:28.0741925 PM","ctfmon.exe","3980","RegQueryKey","HKLM\SOFTWARE\Microsoft\Input\Settings","SUCCESS","Query: HandleTags, HandleTags: 0x0"
"7:12:28.0741969 PM","Explorer.EXE","4184","CreateFile","C:\Users\12220186\Downloads\ProcessMonitor\Procmon64.exe","SUCCESS","Desired Access: Read Attributes, Disposition: Open, Options: Open Reparse Point, Attributes: n/a, ShareMode: Read, Write, Delete, AllocationSize: n/a, OpenResult: Opened"
"7:12:28.0742054 PM","ctfmon.exe","3980","RegOpenKey","HKLM\SOFTWARE\Microsoft\Input\Settings\proc_1\loc_0409\im_1","SUCCESS","Desired Access: Query Value"
"7:12:28.0742151 PM","Explorer.EXE","4184","QueryBasicInformationFile","C:\Users\12220186\Downloads\ProcessMonitor\Procmon64.exe","SUCCESS","CreationTime: 6/20/2024 9:55:26 PM, LastAccessTime: 3/9/2026 7:12:27 PM, LastWriteTime: 3/9/2026 6:03:22 PM, ChangeTime: 3/9/2026 7:12:25 PM, FileAttributes: A"
"7:12:28.0742183 PM","ctfmon.exe","3980","RegQueryValue","HKLM\SOFTWARE\Microsoft\Input\Settings\proc_1\loc_0409\im_1\SPELLCHECK","SUCCESS","Type: REG_DWORD, Length: 4, Data: 1"
"7:12:28.0742245 PM","Explorer.EXE","4184","CloseFile","C:\Users\12220186\Downloads\ProcessMonitor\Procmon64.exe","SUCCESS",""
"7:12:28.0742286 PM","ctfmon.exe","3980","RegCloseKey","HKLM\SOFTWARE\Microsoft\Input\Settings\proc_1\loc_0409\im_1","SUCCESS",""
"7:12:28.0742361 PM","ctfmon.exe","3980","RegCloseKey","HKLM\SOFTWARE\Microsoft\Input\Settings","SUCCESS",""
"7:12:28.0742408 PM","Explorer.EXE","4184","IRP_MJ_CLOSE","C:\Users\12220186\Downloads\ProcessMonitor\Procmon64.exe","SUCCESS",""
"7:12:28.0742437 PM","ctfmon.exe","3980","RegQueryKey","HKLM","SUCCESS","Query: HandleTags, HandleTags: 0x0"
"7:12:28.0742505 PM","ctfmon.exe","3980","RegOpenKey","HKLM\Software\Microsoft\Input\Settings","SUCCESS","Desired Access: Read"
"7:12:28.0742595 PM","ctfmon.exe","3980","RegQueryKey","HKCU","SUCCESS","Query: HandleTags, HandleTags: 0x0"
"7:12:28.0742663 PM","ctfmon.exe","3980","RegOpenKey","HKCU\Software\Microsoft\Input\Settings","NAME NOT FOUND","Desired Access: Read"
"7:12:28.0742777 PM","ctfmon.exe","3980","RegQueryKey","HKLM\SOFTWARE\Microsoft\Input\Settings","SUCCESS","Query: HandleTags, HandleTags: 0x0"
"7:12:28.0742842 PM","ctfmon.exe","3980","RegOpenKey","HKLM\SOFTWARE\Microsoft\Input\Settings\is_0\loc_0409","NAME NOT FOUND","Desired Access: Query Value"
"7:12:28.0742929 PM","ctfmon.exe","3980","RegQueryKey","HKLM\SOFTWARE\Microsoft\Input\Settings","SUCCESS","Query: HandleTags, HandleTags: 0x0"
"7:12:28.0742996 PM","ctfmon.exe","3980","RegOpenKey","HKLM\SOFTWARE\Microsoft\Input\Settings\is_0","SUCCESS","Desired Access: Query Value"
"7:12:28.0743072 PM","ctfmon.exe","3980","RegQueryValue","HKLM\SOFTWARE\Microsoft\Input\Settings\is_0\SPELLCHECK","SUCCESS","Type: REG_DWORD, Length: 4, Data: 0"
"7:12:28.0743154 PM","ctfmon.exe","3980","RegCloseKey","HKLM\SOFTWARE\Microsoft\Input\Settings\is_0","SUCCESS",""
"7:12:28.0743223 PM","ctfmon.exe","3980","RegCloseKey","HKLM\SOFTWARE\Microsoft\Input\Settings","SUCCESS",""
"7:12:28.0743295 PM","ctfmon.exe","3980","RegQueryKey","HKLM","SUCCESS","Query: HandleTags, HandleTags: 0x0"
"7:12:28.0743397 PM","ctfmon.exe","3980","RegOpenKey","HKLM\Software\Microsoft\Input\Settings","SUCCESS","Desired Access: Read"
"7:12:28.0743479 PM","ctfmon.exe","3980","RegQueryKey","HKCU","SUCCESS","Query: HandleTags, HandleTags: 0x0"
"7:12:28.0743545 PM","ctfmon.exe","3980","RegOpenKey","HKCU\Software\Microsoft\Input\Settings","NAME NOT FOUND","Desired Access: Read"
"7:12:28.0743631 PM","ctfmon.exe","3980","RegQueryKey","HKLM\SOFTWARE\Microsoft\Input\Settings","SUCCESS","Query: HandleTags, HandleTags: 0x0"
"7:12:28.0743697 PM","ctfmon.exe","3980","RegOpenKey","HKLM\SOFTWARE\Microsoft\Input\Settings\proc_1\loc_0409\im_1","SUCCESS","Desired Access: Query Value"
"7:12:28.0743784 PM","ctfmon.exe","3980","RegQueryValue","HKLM\SOFTWARE\Microsoft\Input\Settings\proc_1\loc_0409\im_1\CORRECTION","NAME NOT FOUND","Length: 144"
"7:12:28.0743876 PM","ctfmon.exe","3980","RegCloseKey","HKLM\SOFTWARE\Microsoft\Input\Settings\proc_1\loc_0409\im_1","SUCCESS",""
"7:12:28.0743948 PM","ctfmon.exe","3980","RegQueryKey","HKLM\SOFTWARE\Microsoft\Input\Settings","SUCCESS","Query: HandleTags, HandleTags: 0x0"
"7:12:28.0744017 PM","ctfmon.exe","3980","RegOpenKey","HKLM\SOFTWARE\Microsoft\Input\Settings\proc_1\loc_0409","SUCCESS","Desired Access: Query Value"
"7:12:28.0744094 PM","ctfmon.exe","3980","RegQueryValue","HKLM\SOFTWARE\Microsoft\Input\Settings\proc_1\loc_0409\CORRECTION","NAME NOT FOUND","Length: 144"
"7:12:28.0744166 PM","ctfmon.exe","3980","RegCloseKey","HKLM\SOFTWARE\Microsoft\Input\Settings\proc_1\loc_0409","SUCCESS",""
"7:12:28.0744238 PM","ctfmon.exe","3980","RegQueryKey","HKLM\SOFTWARE\Microsoft\Input\Settings","SUCCESS","Query: HandleTags, HandleTags: 0x0"
"7:12:28.0744308 PM","ctfmon.exe","3980","RegOpenKey","HKLM\SOFTWARE\Microsoft\Input\Settings\proc_1","SUCCESS","Desired Access: Query Value"
"7:12:28.0744385 PM","ctfmon.exe","3980","RegQueryValue","HKLM\SOFTWARE\Microsoft\Input\Settings\proc_1\CORRECTION","SUCCESS","Type: REG_DWORD, Length: 4, Data: 0"
"7:12:28.0744469 PM","ctfmon.exe","3980","RegCloseKey","HKLM\SOFTWARE\Microsoft\Input\Settings\proc_1","SUCCESS",""
"7:12:28.0744537 PM","ctfmon.exe","3980","RegCloseKey","HKLM\SOFTWARE\Microsoft\Input\Settings","SUCCESS",""
"7:12:28.0744605 PM","ctfmon.exe","3980","RegQueryKey","HKLM","SUCCESS","Query: HandleTags, HandleTags: 0x0"
"7:12:28.0744673 PM","ctfmon.exe","3980","RegOpenKey","HKLM\Software\Microsoft\Input\Settings","SUCCESS","Desired Access: Read"
"7:12:28.0744760 PM","ctfmon.exe","3980","RegQueryKey","HKCU","SUCCESS","Query: HandleTags, HandleTags: 0x0"
"7:12:28.0744824 PM","ctfmon.exe","3980","RegOpenKey","HKCU\Software\Microsoft\Input\Settings","NAME NOT FOUND","Desired Access: Read"
"7:12:28.0744910 PM","ctfmon.exe","3980","RegQueryKey","HKLM\SOFTWARE\Microsoft\Input\Settings","SUCCESS","Query: HandleTags, HandleTags: 0x0"
"7:12:28.0744975 PM","ctfmon.exe","3980","RegOpenKey","HKLM\SOFTWARE\Microsoft\Input\Settings\proc_1\loc_0409\im_1","SUCCESS","Desired Access: Query Value"
"7:12:28.0745051 PM","ctfmon.exe","3980","RegQueryValue","HKLM\SOFTWARE\Microsoft\Input\Settings\proc_1\loc_0409\im_1\SHAPEWRITING","SUCCESS","Type: REG_DWORD, Length: 4, Data: 1"
"7:12:28.0745133 PM","ctfmon.exe","3980","RegCloseKey","HKLM\SOFTWARE\Microsoft\Input\Settings\proc_1\loc_0409\im_1","SUCCESS",""
"7:12:28.0745539 PM","ctfmon.exe","3980","RegCloseKey","HKLM\SOFTWARE\Microsoft\Input\Settings","SUCCESS",""
"7:12:28.0745675 PM","ctfmon.exe","3980","RegQueryKey","HKLM","SUCCESS","Query: HandleTags, HandleTags: 0x0"
"7:12:28.0745757 PM","ctfmon.exe","3980","RegOpenKey","HKLM\Software\Microsoft\Input\Settings","SUCCESS","Desired Access: Read"
"7:12:28.0745877 PM","ctfmon.exe","3980","RegQueryKey","HKCU","SUCCESS","Query: HandleTags, HandleTags: 0x0"
"7:12:28.0745943 PM","ctfmon.exe","3980","RegOpenKey","HKCU\Software\Microsoft\Input\Settings","NAME NOT FOUND","Desired Access: Read"
"7:12:28.0746056 PM","ctfmon.exe","3980","RegQueryKey","HKLM\SOFTWARE\Microsoft\Input\Settings","SUCCESS","Query: HandleTags, HandleTags: 0x0"
"7:12:28.0746121 PM","ctfmon.exe","3980","RegOpenKey","HKLM\SOFTWARE\Microsoft\Input\Settings\proc_1\loc_0409\im_1","SUCCESS","Desired Access: Query Value"
"7:12:28.0746525 PM","ctfmon.exe","3980","RegQueryValue","HKLM\SOFTWARE\Microsoft\Input\Settings\proc_1\loc_0409\im_1\SHAPEWRITINGPREDICTION","NAME NOT FOUND","Length: 144"
"7:12:28.0746535 PM","Procmon64.exe","1132","RegQueryKey","HKLM","SUCCESS","Query: HandleTags, HandleTags: 0x0"
"7:12:28.0746707 PM","ctfmon.exe","3980","RegCloseKey","HKLM\SOFTWARE\Microsoft\Input\Settings\proc_1\loc_0409\im_1","SUCCESS",""
"7:12:28.0746799 PM","Procmon64.exe","1132","RegOpenKey","HKLM\SYSTEM\Select","SUCCESS","Desired Access: Query Value"
"7:12:28.0746837 PM","ctfmon.exe","3980","RegQueryKey","HKLM\SOFTWARE\Microsoft\Input\Settings","SUCCESS","Query: HandleTags, HandleTags: 0x0"
"7:12:28.0746942 PM","ctfmon.exe","3980","RegOpenKey","HKLM\SOFTWARE\Microsoft\Input\Settings\proc_1\loc_0409","SUCCESS","Desired Access: Query Value"
"7:12:28.0747065 PM","ctfmon.exe","3980","RegQueryValue","HKLM\SOFTWARE\Microsoft\Input\Settings\proc_1\loc_0409\SHAPEWRITINGPREDICTION","NAME NOT FOUND","Length: 144"
"7:12:28.0747618 PM","ctfmon.exe","3980","RegCloseKey","HKLM\SOFTWARE\Microsoft\Input\Settings\proc_1\loc_0409","SUCCESS",""
"7:12:28.0747644 PM","Procmon64.exe","1132","RegQueryValue","HKLM\SYSTEM\Select\Current","SUCCESS","Type: REG_DWORD, Length: 4, Data: 1"
"7:12:28.0747723 PM","ctfmon.exe","3980","RegQueryKey","HKLM\SOFTWARE\Microsoft\Input\Settings","SUCCESS","Query: HandleTags, HandleTags: 0x0"
"7:12:28.0747815 PM","ctfmon.exe","3980","RegOpenKey","HKLM\SOFTWARE\Microsoft\Input\Settings\proc_1","SUCCESS","Desired Access: Query Value"
"7:12:28.0747921 PM","ctfmon.exe","3980","RegQueryValue","HKLM\SOFTWARE\Microsoft\Input\Settings\proc_1\SHAPEWRITINGPREDICTION","NAME NOT FOUND","Length: 144"
"7:12:28.0748016 PM","ctfmon.exe","3980","RegCloseKey","HKLM\SOFTWARE\Microsoft\Input\Settings\proc_1","SUCCESS",""
"7:12:28.0748381 PM","ctfmon.exe","3980","RegQueryValue","HKLM\SOFTWARE\Microsoft\Input\Settings\SHAPEWRITINGPREDICTION","NAME NOT FOUND","Length: 144"
"7:12:28.0748742 PM","ctfmon.exe","3980","RegCloseKey","HKLM\SOFTWARE\Microsoft\Input\Settings","SUCCESS",""
"7:12:28.0748867 PM","ctfmon.exe","3980","RegQueryKey","HKLM","SUCCESS","Query: HandleTags, HandleTags: 0x0"
"7:12:28.0748961 PM","ctfmon.exe","3980","RegOpenKey","HKLM\Software\Microsoft\Input\Locales\loc_0409","SUCCESS","Desired Access: Query Value"
"7:12:28.0749110 PM","ctfmon.exe","3980","RegQueryValue","HKLM\SOFTWARE\Microsoft\Input\Locales\loc_0409\UseFluency","SUCCESS","Type: REG_DWORD, Length: 4, Data: 2"
"7:12:28.0749207 PM","ctfmon.exe","3980","RegCloseKey","HKLM\SOFTWARE\Microsoft\Input\Locales\loc_0409","SUCCESS",""
"7:12:28.0749346 PM","ctfmon.exe","3980","RegQueryKey","HKLM","SUCCESS","Query: HandleTags, HandleTags: 0x0"
"7:12:28.0749420 PM","ctfmon.exe","3980","RegOpenKey","HKLM\Software\Microsoft\PolicyManager\default\TextInput\AllowHardwareKeyboardTextSuggestions","SUCCESS","Desired Access: Read"
"7:12:28.0749921 PM","ctfmon.exe","3980","RegSetInfoKey","HKLM\SOFTWARE\Microsoft\PolicyManager\default\TextInput\AllowHardwareKeyboardTextSuggestions","SUCCESS","KeySetInformationClass: KeySetHandleTagsInformation, Length: 0"
"7:12:28.0750012 PM","ctfmon.exe","3980","RegQueryValue","HKLM\SOFTWARE\Microsoft\PolicyManager\default\TextInput\AllowHardwareKeyboardTextSuggestions\PolicyType","SUCCESS","Type: REG_DWORD, Length: 4, Data: 4"
"7:12:28.0750094 PM","ctfmon.exe","3980","RegQueryValue","HKLM\SOFTWARE\Microsoft\PolicyManager\default\TextInput\AllowHardwareKeyboardTextSuggestions\Behavior","SUCCESS","Type: REG_DWORD, Length: 4, Data: 32"
"7:12:28.0750165 PM","ctfmon.exe","3980","RegQueryValue","HKLM\SOFTWARE\Microsoft\PolicyManager\default\TextInput\AllowHardwareKeyboardTextSuggestions\MergeAlgorithm","SUCCESS","Type: REG_DWORD, Length: 4, Data: 1"
"7:12:28.0750236 PM","ctfmon.exe","3980","RegQueryValue","HKLM\SOFTWARE\Microsoft\PolicyManager\default\TextInput\AllowHardwareKeyboardTextSuggestions\RegKeyPathRedirectMapped","NAME NOT FOUND","Length: 16"
"7:12:28.0750304 PM","ctfmon.exe","3980","RegQueryValue","HKLM\SOFTWARE\Microsoft\PolicyManager\default\TextInput\AllowHardwareKeyboardTextSuggestions\RegKeyPathRedirect","NAME NOT FOUND","Length: 12"
"7:12:28.0750665 PM","ctfmon.exe","3980","RegQueryValue","HKLM\SOFTWARE\Microsoft\PolicyManager\default\TextInput\AllowHardwareKeyboardTextSuggestions\grouppolicyname","NAME NOT FOUND","Length: 12"
"7:12:28.0750737 PM","ctfmon.exe","3980","RegQueryValue","HKLM\SOFTWARE\Microsoft\PolicyManager\default\TextInput\AllowHardwareKeyboardTextSuggestions\ADMXMetadataUser","NAME NOT FOUND","Length: 12"
"7:12:28.0750809 PM","ctfmon.exe","3980","RegQueryValue","HKLM\SOFTWARE\Microsoft\PolicyManager\default\TextInput\AllowHardwareKeyboardTextSuggestions\ADMXMetadataDevice","NAME NOT FOUND","Length: 12"
"7:12:28.0750875 PM","ctfmon.exe","3980","RegQueryValue","HKLM\SOFTWARE\Microsoft\PolicyManager\default\TextInput\AllowHardwareKeyboardTextSuggestions\ADMXMetadataBoth","NAME NOT FOUND","Length: 12"
"7:12:28.0751167 PM","ctfmon.exe","3980","RegQueryValue","HKLM\SOFTWARE\Microsoft\PolicyManager\default\TextInput\AllowHardwareKeyboardTextSuggestions\30Value","NAME NOT FOUND","Length: 12"
"7:12:28.0751549 PM","ctfmon.exe","3980","RegQueryValue","HKLM\SOFTWARE\Microsoft\PolicyManager\default\TextInput\AllowHardwareKeyboardTextSuggestions\Value","SUCCESS","Type: REG_DWORD, Length: 4, Data: 1"
"7:12:28.0751644 PM","ctfmon.exe","3980","RegCloseKey","HKLM\SOFTWARE\Microsoft\PolicyManager\default\TextInput\AllowHardwareKeyboardTextSuggestions","SUCCESS",""
"7:12:28.0751650 PM","Procmon64.exe","1132","QueryOpen","C:\Users\12220186\Downloads\ProcessMonitor\Procmon64.exe","FAST IO DISALLOWED",""
"7:12:28.0751804 PM","ctfmon.exe","3980","RegQueryKey","HKLM","SUCCESS","Query: HandleTags, HandleTags: 0x0"
"7:12:28.0751888 PM","ctfmon.exe","3980","RegOpenKey","HKLM\Software\Microsoft\PolicyManager\current\Device\TextInput","NAME NOT FOUND","Desired Access: Read"
"7:12:28.0752035 PM","ctfmon.exe","3980","RegQueryKey","HKLM","SUCCESS","Query: HandleTags, HandleTags: 0x0"
"7:12:28.0752106 PM","Procmon64.exe","1132","CreateFile","C:\Users\12220186\Downloads\ProcessMonitor\Procmon64.exe","SUCCESS","Desired Access: Read Attributes, Disposition: Open, Options: Open Reparse Point, Attributes: n/a, ShareMode: Read, Write, Delete, AllocationSize: n/a, OpenResult: Opened"
"7:12:28.0752574 PM","Procmon64.exe","1132","QueryBasicInformationFile","C:\Users\12220186\Downloads\ProcessMonitor\Procmon64.exe","SUCCESS","CreationTime: 6/20/2024 9:55:26 PM, LastAccessTime: 3/9/2026 7:12:27 PM, LastWriteTime: 3/9/2026 6:03:22 PM, ChangeTime: 3/9/2026 7:12:25 PM, FileAttributes: A"
"7:12:28.0752662 PM","Procmon64.exe","1132","CloseFile","C:\Users\12220186\Downloads\ProcessMonitor\Procmon64.exe","SUCCESS",""
"7:12:28.0752818 PM","Procmon64.exe","1132","IRP_MJ_CLOSE","C:\Users\12220186\Downloads\ProcessMonitor\Procmon64.exe","SUCCESS",""
"7:12:28.0753390 PM","Explorer.EXE","4184","QueryStandardInformationFile","C:\Users\12220186\AppData\Local\Microsoft\Windows\Explorer\iconcache_idx.db","SUCCESS","AllocationSize: 32,768, EndOfFile: 29,232, NumberOfLinks: 1, DeletePending: False, Directory: False"
"7:12:28.0753648 PM","Procmon64.exe","1132","QueryOpen","C:\Users\12220186\Downloads\ProcessMonitor\Procmon64.exe","FAST IO DISALLOWED",""
"7:12:28.0754128 PM","ctfmon.exe","3980","RegOpenKey","HKLM\Software\Microsoft\PolicyManager\current\Device\TextInput","NAME NOT FOUND","Desired Access: Read"
"7:12:28.0754293 PM","Procmon64.exe","1132","CreateFile","C:\Users\12220186\Downloads\ProcessMonitor\Procmon64.exe","SUCCESS","Desired Access: Read Attributes, Disposition: Open, Options: Open Reparse Point, Attributes: n/a, ShareMode: Read, Write, Delete, AllocationSize: n/a, OpenResult: Opened"
"7:12:28.0754570 PM","ctfmon.exe","3980","RegQueryKey","HKLM","SUCCESS","Query: HandleTags, HandleTags: 0x0"
"7:12:28.0754740 PM","ctfmon.exe","3980","RegOpenKey","HKLM\Software\Microsoft\PolicyManager\default\TextInput\AllowKeyboardTextSuggestions","SUCCESS","Desired Access: Read"
"7:12:28.0754789 PM","Procmon64.exe","1132","QueryBasicInformationFile","C:\Users\12220186\Downloads\ProcessMonitor\Procmon64.exe","SUCCESS","CreationTime: 6/20/2024 9:55:26 PM, LastAccessTime: 3/9/2026 7:12:27 PM, LastWriteTime: 3/9/2026 6:03:22 PM, ChangeTime: 3/9/2026 7:12:25 PM, FileAttributes: A"
"7:12:28.0754968 PM","ctfmon.exe","3980","RegSetInfoKey","HKLM\SOFTWARE\Microsoft\PolicyManager\default\TextInput\AllowKeyboardTextSuggestions","SUCCESS","KeySetInformationClass: KeySetHandleTagsInformation, Length: 0"
"7:12:28.0755058 PM","ctfmon.exe","3980","RegQueryValue","HKLM\SOFTWARE\Microsoft\PolicyManager\default\TextInput\AllowKeyboardTextSuggestions\PolicyType","SUCCESS","Type: REG_DWORD, Length: 4, Data: 4"
"7:12:28.0755142 PM","ctfmon.exe","3980","RegQueryValue","HKLM\SOFTWARE\Microsoft\PolicyManager\default\TextInput\AllowKeyboardTextSuggestions\Behavior","SUCCESS","Type: REG_DWORD, Length: 4, Data: 32"
"7:12:28.0755221 PM","ctfmon.exe","3980","RegQueryValue","HKLM\SOFTWARE\Microsoft\PolicyManager\default\TextInput\AllowKeyboardTextSuggestions\MergeAlgorithm","SUCCESS","Type: REG_DWORD, Length: 4, Data: 1"
"7:12:28.0755664 PM","Explorer.EXE","4184","QueryOpen","C:\Users\12220186\Downloads\ProcessMonitor\Procmon64.exe","FAST IO DISALLOWED",""
"7:12:28.0755752 PM","ctfmon.exe","3980","RegQueryValue","HKLM\SOFTWARE\Microsoft\PolicyManager\default\TextInput\AllowKeyboardTextSuggestions\RegKeyPathRedirectMapped","NAME NOT FOUND","Length: 16"
"7:12:28.0755879 PM","Procmon64.exe","1132","CloseFile","C:\Users\12220186\Downloads\ProcessMonitor\Procmon64.exe","SUCCESS",""
"7:12:28.0756026 PM","ctfmon.exe","3980","RegQueryValue","HKLM\SOFTWARE\Microsoft\PolicyManager\default\TextInput\AllowKeyboardTextSuggestions\RegKeyPathRedirect","NAME NOT FOUND","Length: 12"
"7:12:28.0756120 PM","ctfmon.exe","3980","RegQueryValue","HKLM\SOFTWARE\Microsoft\PolicyManager\default\TextInput\AllowKeyboardTextSuggestions\grouppolicyname","NAME NOT FOUND","Length: 12"
"7:12:28.0756190 PM","ctfmon.exe","3980","RegQueryValue","HKLM\SOFTWARE\Microsoft\PolicyManager\default\TextInput\AllowKeyboardTextSuggestions\ADMXMetadataUser","NAME NOT FOUND","Length: 12"
"7:12:28.0756666 PM","Procmon64.exe","1132","IRP_MJ_CLOSE","C:\Users\12220186\Downloads\ProcessMonitor\Procmon64.exe","SUCCESS",""
"7:12:28.0756715 PM","ctfmon.exe","3980","RegQueryValue","HKLM\SOFTWARE\Microsoft\PolicyManager\default\TextInput\AllowKeyboardTextSuggestions\ADMXMetadataDevice","NAME NOT FOUND","Length: 12"
"7:12:28.0756784 PM","ctfmon.exe","3980","RegQueryValue","HKLM\SOFTWARE\Microsoft\PolicyManager\default\TextInput\AllowKeyboardTextSuggestions\ADMXMetadataBoth","NAME NOT FOUND","Length: 12"
"7:12:28.0756993 PM","ctfmon.exe","3980","RegQueryValue","HKLM\SOFTWARE\Microsoft\PolicyManager\default\TextInput\AllowKeyboardTextSuggestions\30Value","NAME NOT FOUND","Length: 12"
"7:12:28.0757074 PM","ctfmon.exe","3980","RegQueryValue","HKLM\SOFTWARE\Microsoft\PolicyManager\default\TextInput\AllowKeyboardTextSuggestions\Value","SUCCESS","Type: REG_DWORD, Length: 4, Data: 1"
"7:12:28.0757173 PM","ctfmon.exe","3980","RegCloseKey","HKLM\SOFTWARE\Microsoft\PolicyManager\default\TextInput\AllowKeyboardTextSuggestions","SUCCESS",""
"7:12:28.0757604 PM","ctfmon.exe","3980","RegQueryKey","HKLM","SUCCESS","Query: HandleTags, HandleTags: 0x0"
"7:12:28.0757621 PM","Procmon64.exe","1132","QueryOpen","C:\Users\12220186\Downloads\ProcessMonitor\Procmon64.exe","FAST IO DISALLOWED",""
"7:12:28.0757709 PM","ctfmon.exe","3980","RegOpenKey","HKLM\Software\Microsoft\PolicyManager\current\Device\TextInput","NAME NOT FOUND","Desired Access: Read"
"7:12:28.0757850 PM","ctfmon.exe","3980","RegQueryKey","HKLM","SUCCESS","Query: HandleTags, HandleTags: 0x0"
"7:12:28.0757919 PM","ctfmon.exe","3980","RegOpenKey","HKLM\Software\Microsoft\Input\Settings","SUCCESS","Desired Access: Read"
"7:12:28.0758013 PM","Procmon64.exe","1132","CreateFile","C:\Users\12220186\Downloads\ProcessMonitor\Procmon64.exe","SUCCESS","Desired Access: Read Attributes, Disposition: Open, Options: Open Reparse Point, Attributes: n/a, ShareMode: Read, Write, Delete, AllocationSize: n/a, OpenResult: Opened"
"7:12:28.0758026 PM","ctfmon.exe","3980","RegQueryKey","HKCU","SUCCESS","Query: HandleTags, HandleTags: 0x0"
"7:12:28.0758495 PM","Procmon64.exe","1132","QueryBasicInformationFile","C:\Users\12220186\Downloads\ProcessMonitor\Procmon64.exe","SUCCESS","CreationTime: 6/20/2024 9:55:26 PM, LastAccessTime: 3/9/2026 7:12:27 PM, LastWriteTime: 3/9/2026 6:03:22 PM, ChangeTime: 3/9/2026 7:12:25 PM, FileAttributes: A"
"7:12:28.0758556 PM","Explorer.EXE","4184","CreateFile","C:\Users\12220186\Downloads\ProcessMonitor\Procmon64.exe","SUCCESS","Desired Access: Read Attributes, Disposition: Open, Options: Open Reparse Point, Attributes: n/a, ShareMode: Read, Write, Delete, AllocationSize: n/a, OpenResult: Opened"
"7:12:28.0758571 PM","ctfmon.exe","3980","RegOpenKey","HKCU\Software\Microsoft\Input\Settings","NAME NOT FOUND","Desired Access: Read"
"7:12:28.0758600 PM","Procmon64.exe","1132","CloseFile","C:\Users\12220186\Downloads\ProcessMonitor\Procmon64.exe","SUCCESS",""
"7:12:28.0758722 PM","Procmon64.exe","1132","IRP_MJ_CLOSE","C:\Users\12220186\Downloads\ProcessMonitor\Procmon64.exe","SUCCESS",""
"7:12:28.0758724 PM","ctfmon.exe","3980","RegQueryKey","HKLM\SOFTWARE\Microsoft\Input\Settings","SUCCESS","Query: HandleTags, HandleTags: 0x0"
"7:12:28.0758798 PM","ctfmon.exe","3980","RegOpenKey","HKLM\SOFTWARE\Microsoft\Input\Settings\proc_1\loc_0409\im_1","SUCCESS","Desired Access: Query Value"
"7:12:28.0759193 PM","ctfmon.exe","3980","RegQueryValue","HKLM\SOFTWARE\Microsoft\Input\Settings\proc_1\loc_0409\im_1\EnableHwkbMode","SUCCESS","Type: REG_DWORD, Length: 4, Data: 1"
"7:12:28.0759300 PM","ctfmon.exe","3980","RegCloseKey","HKLM\SOFTWARE\Microsoft\Input\Settings\proc_1\loc_0409\im_1","SUCCESS",""
"7:12:28.0759376 PM","ctfmon.exe","3980","RegCloseKey","HKLM\SOFTWARE\Microsoft\Input\Settings","SUCCESS",""
"7:12:28.0759454 PM","ctfmon.exe","3980","RegQueryKey","HKCU","SUCCESS","Query: HandleTags, HandleTags: 0x0"
"7:12:28.0759528 PM","ctfmon.exe","3980","RegOpenKey","HKCU\Software\Microsoft\Input\Settings","NAME NOT FOUND","Desired Access: Query Value"
"7:12:28.0759620 PM","ctfmon.exe","3980","RegQueryKey","HKLM","SUCCESS","Query: HandleTags, HandleTags: 0x0"
"7:12:28.0759976 PM","ctfmon.exe","3980","RegOpenKey","HKLM\Software\Microsoft\Input\Settings","SUCCESS","Desired Access: Query Value"
"7:12:28.0760092 PM","ctfmon.exe","3980","RegQueryValue","HKLM\SOFTWARE\Microsoft\Input\Settings\EnableHwkbTextPrediction","SUCCESS","Type: REG_DWORD, Length: 4, Data: 0"
"7:12:28.0760192 PM","ctfmon.exe","3980","RegCloseKey","HKLM\SOFTWARE\Microsoft\Input\Settings","SUCCESS",""
"7:12:28.0760295 PM","ctfmon.exe","3980","RegQueryKey","HKLM","SUCCESS","Query: HandleTags, HandleTags: 0x0"
"7:12:28.0760375 PM","ctfmon.exe","3980","RegOpenKey","HKLM\Software\Microsoft\Input\Settings","SUCCESS","Desired Access: Read"
"7:12:28.0760463 PM","ctfmon.exe","3980","RegQueryKey","HKCU","SUCCESS","Query: HandleTags, HandleTags: 0x0"
"7:12:28.0760532 PM","ctfmon.exe","3980","RegOpenKey","HKCU\Software\Microsoft\Input\Settings","NAME NOT FOUND","Desired Access: Read"
"7:12:28.0760937 PM","ctfmon.exe","3980","RegQueryKey","HKLM\SOFTWARE\Microsoft\Input\Settings","SUCCESS","Query: HandleTags, HandleTags: 0x0"
"7:12:28.0761019 PM","ctfmon.exe","3980","RegOpenKey","HKLM\SOFTWARE\Microsoft\Input\Settings\proc_1\loc_0409\im_1","SUCCESS","Desired Access: Query Value"
"7:12:28.0761124 PM","ctfmon.exe","3980","RegQueryValue","HKLM\SOFTWARE\Microsoft\Input\Settings\proc_1\loc_0409\im_1\EnableHwkbMode","SUCCESS","Type: REG_DWORD, Length: 4, Data: 1"
"7:12:28.0761223 PM","ctfmon.exe","3980","RegCloseKey","HKLM\SOFTWARE\Microsoft\Input\Settings\proc_1\loc_0409\im_1","SUCCESS",""
"7:12:28.0761239 PM","Procmon64.exe","1132","QueryOpen","C:\Users\12220186\Downloads\ProcessMonitor\Procmon64.exe","FAST IO DISALLOWED",""
"7:12:28.0761300 PM","ctfmon.exe","3980","RegCloseKey","HKLM\SOFTWARE\Microsoft\Input\Settings","SUCCESS",""
"7:12:28.0761576 PM","Procmon64.exe","1132","CreateFile","C:\Users\12220186\Downloads\ProcessMonitor\Procmon64.exe","SUCCESS","Desired Access: Read Attributes, Disposition: Open, Options: Open Reparse Point, Attributes: n/a, ShareMode: Read, Write, Delete, AllocationSize: n/a, OpenResult: Opened"
"7:12:28.0761658 PM","ctfmon.exe","3980","RegQueryKey","HKLM","SUCCESS","Query: HandleTags, HandleTags: 0x0"
"7:12:28.0761686 PM","Procmon64.exe","1132","QueryBasicInformationFile","C:\Users\12220186\Downloads\ProcessMonitor\Procmon64.exe","SUCCESS","CreationTime: 6/20/2024 9:55:26 PM, LastAccessTime: 3/9/2026 7:12:27 PM, LastWriteTime: 3/9/2026 6:03:22 PM, ChangeTime: 3/9/2026 7:12:25 PM, FileAttributes: A"
"7:12:28.0761740 PM","ctfmon.exe","3980","RegOpenKey","HKLM\Software\Microsoft\Input\Settings","SUCCESS","Desired Access: Read"
"7:12:28.0761750 PM","Procmon64.exe","1132","CloseFile","C:\Users\12220186\Downloads\ProcessMonitor\Procmon64.exe","SUCCESS",""
"7:12:28.0761857 PM","ctfmon.exe","3980","RegQueryKey","HKCU","SUCCESS","Query: HandleTags, HandleTags: 0x0"
"7:12:28.0761862 PM","Procmon64.exe","1132","IRP_MJ_CLOSE","C:\Users\12220186\Downloads\ProcessMonitor\Procmon64.exe","SUCCESS",""
"7:12:28.0762168 PM","ctfmon.exe","3980","RegOpenKey","HKCU\Software\Microsoft\Input\Settings","NAME NOT FOUND","Desired Access: Read"
"7:12:28.0762421 PM","ctfmon.exe","3980","RegQueryKey","HKLM\SOFTWARE\Microsoft\Input\Settings","SUCCESS","Query: HandleTags, HandleTags: 0x0"
"7:12:28.0762492 PM","ctfmon.exe","3980","RegOpenKey","HKLM\SOFTWARE\Microsoft\Input\Settings\proc_1\loc_0409\im_1","SUCCESS","Desired Access: Query Value"
"7:12:28.0762586 PM","ctfmon.exe","3980","RegQueryValue","HKLM\SOFTWARE\Microsoft\Input\Settings\proc_1\loc_0409\im_1\EnableHwkbMode","SUCCESS","Type: REG_DWORD, Length: 4, Data: 1"
"7:12:28.0762680 PM","ctfmon.exe","3980","RegCloseKey","HKLM\SOFTWARE\Microsoft\Input\Settings\proc_1\loc_0409\im_1","SUCCESS",""
"7:12:28.0762752 PM","ctfmon.exe","3980","RegCloseKey","HKLM\SOFTWARE\Microsoft\Input\Settings","SUCCESS",""
"7:12:28.0762823 PM","ctfmon.exe","3980","RegQueryKey","HKCU","SUCCESS","Query: HandleTags, HandleTags: 0x0"
"7:12:28.0763113 PM","Explorer.EXE","4184","QueryOpen","C:\Users\12220186\Downloads\ProcessMonitor\Procmon.exe","FAST IO DISALLOWED",""
"7:12:28.0763236 PM","Procmon64.exe","1132","QueryOpen","C:\Users\12220186\Downloads\ProcessMonitor\Procmon64.exe","FAST IO DISALLOWED",""
"7:12:28.0763327 PM","ctfmon.exe","3980","RegOpenKey","HKCU\Software\Microsoft\Input\Settings","NAME NOT FOUND","Desired Access: Query Value"
"7:12:28.0763441 PM","ctfmon.exe","3980","RegQueryKey","HKLM","SUCCESS","Query: HandleTags, HandleTags: 0x0"
"7:12:28.0763463 PM","Explorer.EXE","4184","QueryBasicInformationFile","C:\Users\12220186\Downloads\ProcessMonitor\Procmon64.exe","SUCCESS","CreationTime: 6/20/2024 9:55:26 PM, LastAccessTime: 3/9/2026 7:12:27 PM, LastWriteTime: 3/9/2026 6:03:22 PM, ChangeTime: 3/9/2026 7:12:25 PM, FileAttributes: A"
"7:12:28.0763512 PM","ctfmon.exe","3980","RegOpenKey","HKLM\Software\Microsoft\Input\Settings","SUCCESS","Desired Access: Query Value"
"7:12:28.0763545 PM","Explorer.EXE","4184","CloseFile","C:\Users\12220186\Downloads\ProcessMonitor\Procmon64.exe","SUCCESS",""
"7:12:28.0763930 PM","ctfmon.exe","3980","RegQueryValue","HKLM\SOFTWARE\Microsoft\Input\Settings\EnableHwkbAutocorrection2","NAME NOT FOUND","Length: 16"
"7:12:28.0764057 PM","ctfmon.exe","3980","RegCloseKey","HKLM\SOFTWARE\Microsoft\Input\Settings","SUCCESS",""
"7:12:28.0764093 PM","Procmon64.exe","1132","CreateFile","C:\Users\12220186\Downloads\ProcessMonitor\Procmon64.exe","SUCCESS","Desired Access: Read Attributes, Disposition: Open, Options: Open Reparse Point, Attributes: n/a, ShareMode: Read, Write, Delete, AllocationSize: n/a, OpenResult: Opened"
"7:12:28.0764214 PM","Procmon64.exe","1132","QueryBasicInformationFile","C:\Users\12220186\Downloads\ProcessMonitor\Procmon64.exe","SUCCESS","CreationTime: 6/20/2024 9:55:26 PM, LastAccessTime: 3/9/2026 7:12:27 PM, LastWriteTime: 3/9/2026 6:03:22 PM, ChangeTime: 3/9/2026 7:12:25 PM, FileAttributes: A"
"7:12:28.0764290 PM","Procmon64.exe","1132","CloseFile","C:\Users\12220186\Downloads\ProcessMonitor\Procmon64.exe","SUCCESS",""
"7:12:28.0764405 PM","Procmon64.exe","1132","IRP_MJ_CLOSE","C:\Users\12220186\Downloads\ProcessMonitor\Procmon64.exe","SUCCESS",""
"7:12:28.0764458 PM","ctfmon.exe","3980","RegQueryKey","HKCU","SUCCESS","Query: HandleTags, HandleTags: 0x0"
"7:12:28.0764809 PM","ctfmon.exe","3980","RegOpenKey","HKCU\Software\Policies\Microsoft\InputPersonalization","NAME NOT FOUND","Desired Access: Query Value"
"7:12:28.0764945 PM","ctfmon.exe","3980","RegQueryKey","HKCU","SUCCESS","Query: HandleTags, HandleTags: 0x0"
"7:12:28.0765016 PM","ctfmon.exe","3980","RegOpenKey","HKCU\Software\Microsoft\PolicyManager\Current\Device\Privacy","NAME NOT FOUND","Desired Access: Query Value"
"7:12:28.0765114 PM","ctfmon.exe","3980","RegQueryKey","HKCU","SUCCESS","Query: HandleTags, HandleTags: 0x0"
"7:12:28.0765182 PM","ctfmon.exe","3980","RegOpenKey","HKCU\Software\Microsoft\Personalization\Settings","SUCCESS","Desired Access: Query Value"
"7:12:28.0765209 PM","Procmon64.exe","1132","ReadFile","C:\Windows\System32\dbghelp.dll","SUCCESS","Offset: 1,233,920, Length: 4,096, I/O Flags: Non-cached, Paging I/O, Synchronous Paging I/O, Priority: Normal"
"7:12:28.0765765 PM","ctfmon.exe","3980","RegQueryValue","HKCU\SOFTWARE\Microsoft\Personalization\Settings\AcceptedPrivacyPolicy","SUCCESS","Type: REG_DWORD, Length: 4, Data: 1"
"7:12:28.0765863 PM","ctfmon.exe","3980","RegCloseKey","HKCU\SOFTWARE\Microsoft\Personalization\Settings","SUCCESS",""
"7:12:28.0765947 PM","ctfmon.exe","3980","RegQueryKey","HKLM","SUCCESS","Query: HandleTags, HandleTags: 0x0"
"7:12:28.0766024 PM","ctfmon.exe","3980","RegOpenKey","HKLM\Software\Microsoft\Input\Settings","SUCCESS","Desired Access: Read"
"7:12:28.0766124 PM","Explorer.EXE","4184","IRP_MJ_CLOSE","C:\Users\12220186\Downloads\ProcessMonitor\Procmon64.exe","SUCCESS",""
"7:12:28.0766747 PM","ctfmon.exe","3980","RegQueryKey","HKCU","SUCCESS","Query: HandleTags, HandleTags: 0x0"
"7:12:28.0766854 PM","ctfmon.exe","3980","RegOpenKey","HKCU\Software\Microsoft\Input\Settings","NAME NOT FOUND","Desired Access: Read"
"7:12:28.0767148 PM","Explorer.EXE","4184","QueryOpen","C:\Users\12220186\Downloads\ProcessMonitor\Procmon64.exe","FAST IO DISALLOWED",""
"7:12:28.0767441 PM","ctfmon.exe","3980","RegQueryKey","HKLM\SOFTWARE\Microsoft\Input\Settings","SUCCESS","Query: HandleTags, HandleTags: 0x0"
"7:12:28.0767543 PM","ctfmon.exe","3980","RegOpenKey","HKLM\SOFTWARE\Microsoft\Input\Settings\proc_1\loc_0409\im_1","SUCCESS","Desired Access: Query Value"
"7:12:28.0767658 PM","ctfmon.exe","3980","RegQueryValue","HKLM\SOFTWARE\Microsoft\Input\Settings\proc_1\loc_0409\im_1\HwkbNavigationOverrideMode","NAME NOT FOUND","Length: 144"
"7:12:28.0767726 PM","Explorer.EXE","4184","CreateFile","C:\Users\12220186\Downloads\ProcessMonitor\Procmon64.exe","SUCCESS","Desired Access: Read Attributes, Disposition: Open, Options: Open Reparse Point, Attributes: n/a, ShareMode: Read, Write, Delete, AllocationSize: n/a, OpenResult: Opened"
"7:12:28.0767758 PM","ctfmon.exe","3980","RegCloseKey","HKLM\SOFTWARE\Microsoft\Input\Settings\proc_1\loc_0409\im_1","SUCCESS",""
"7:12:28.0768009 PM","Explorer.EXE","4184","CreateFile","C:\Users\12220186\Downloads\ProcessMonitor\Procmon.exe","SUCCESS","Desired Access: Read Attributes, Disposition: Open, Options: Open Reparse Point, Attributes: n/a, ShareMode: Read, Write, Delete, AllocationSize: n/a, OpenResult: Opened"
"7:12:28.0768200 PM","Explorer.EXE","4184","QueryBasicInformationFile","C:\Users\12220186\Downloads\ProcessMonitor\Procmon64.exe","SUCCESS","CreationTime: 6/20/2024 9:55:26 PM, LastAccessTime: 3/9/2026 7:12:27 PM, LastWriteTime: 3/9/2026 6:03:22 PM, ChangeTime: 3/9/2026 7:12:25 PM, FileAttributes: A"
"7:12:28.0768222 PM","ctfmon.exe","3980","RegQueryKey","HKLM\SOFTWARE\Microsoft\Input\Settings","SUCCESS","Query: HandleTags, HandleTags: 0x0"
"7:12:28.0768281 PM","Explorer.EXE","4184","CloseFile","C:\Users\12220186\Downloads\ProcessMonitor\Procmon64.exe","SUCCESS",""
"7:12:28.0768309 PM","ctfmon.exe","3980","RegOpenKey","HKLM\SOFTWARE\Microsoft\Input\Settings\proc_1\loc_0409","SUCCESS","Desired Access: Query Value"
"7:12:28.0768411 PM","Explorer.EXE","4184","IRP_MJ_CLOSE","C:\Users\12220186\Downloads\ProcessMonitor\Procmon64.exe","SUCCESS",""
"7:12:28.0768416 PM","ctfmon.exe","3980","RegQueryValue","HKLM\SOFTWARE\Microsoft\Input\Settings\proc_1\loc_0409\HwkbNavigationOverrideMode","NAME NOT FOUND","Length: 144"
"7:12:28.0768948 PM","ctfmon.exe","3980","RegCloseKey","HKLM\SOFTWARE\Microsoft\Input\Settings\proc_1\loc_0409","SUCCESS",""
"7:12:28.0769046 PM","ctfmon.exe","3980","RegQueryKey","HKLM\SOFTWARE\Microsoft\Input\Settings","SUCCESS","Query: HandleTags, HandleTags: 0x0"
"7:12:28.0769137 PM","ctfmon.exe","3980","RegOpenKey","HKLM\SOFTWARE\Microsoft\Input\Settings\proc_1","SUCCESS","Desired Access: Query Value"
"7:12:28.0769246 PM","ctfmon.exe","3980","RegQueryValue","HKLM\SOFTWARE\Microsoft\Input\Settings\proc_1\HwkbNavigationOverrideMode","NAME NOT FOUND","Length: 144"
"7:12:28.0769339 PM","ctfmon.exe","3980","RegCloseKey","HKLM\SOFTWARE\Microsoft\Input\Settings\proc_1","SUCCESS",""
"7:12:28.0769402 PM","ctfmon.exe","3980","RegQueryValue","HKLM\SOFTWARE\Microsoft\Input\Settings\HwkbNavigationOverrideMode","NAME NOT FOUND","Length: 144"
"7:12:28.0769792 PM","ctfmon.exe","3980","RegCloseKey","HKLM\SOFTWARE\Microsoft\Input\Settings","SUCCESS",""
"7:12:28.0769883 PM","ctfmon.exe","3980","RegQueryKey","HKLM","SUCCESS","Query: HandleTags, HandleTags: 0x0"
"7:12:28.0769962 PM","ctfmon.exe","3980","RegOpenKey","HKLM\Software\Microsoft\Input\Settings","SUCCESS","Desired Access: Read"
"7:12:28.0770078 PM","ctfmon.exe","3980","RegQueryKey","HKCU","SUCCESS","Query: HandleTags, HandleTags: 0x0"
"7:12:28.0770150 PM","ctfmon.exe","3980","RegOpenKey","HKCU\Software\Microsoft\Input\Settings","NAME NOT FOUND","Desired Access: Read"
"7:12:28.0770263 PM","ctfmon.exe","3980","RegQueryKey","HKLM\SOFTWARE\Microsoft\Input\Settings","SUCCESS","Query: HandleTags, HandleTags: 0x0"
"7:12:28.0770569 PM","Explorer.EXE","4184","QueryOpen","C:\Users\12220186\Downloads\ProcessMonitor\Procmon64.exe","FAST IO DISALLOWED",""
"7:12:28.0770949 PM","ctfmon.exe","3980","RegOpenKey","HKLM\SOFTWARE\Microsoft\Input\Settings\proc_1\loc_0409\im_1","SUCCESS","Desired Access: Query Value"
"7:12:28.0771078 PM","ctfmon.exe","3980","RegQueryValue","HKLM\SOFTWARE\Microsoft\Input\Settings\proc_1\loc_0409\im_1\HwkbTextPredictionDelay","NAME NOT FOUND","Length: 144"
"7:12:28.0771140 PM","Procmon64.exe","1132","ReadFile","C:\Windows\System32\dbghelp.dll","SUCCESS","Offset: 1,233,920, Length: 32,768, I/O Flags: Non-cached, Paging I/O, Synchronous Paging I/O, Priority: Normal"
"7:12:28.0771184 PM","ctfmon.exe","3980","RegCloseKey","HKLM\SOFTWARE\Microsoft\Input\Settings\proc_1\loc_0409\im_1","SUCCESS",""
"7:12:28.0771282 PM","ctfmon.exe","3980","RegQueryKey","HKLM\SOFTWARE\Microsoft\Input\Settings","SUCCESS","Query: HandleTags, HandleTags: 0x0"
"7:12:28.0771354 PM","ctfmon.exe","3980","RegOpenKey","HKLM\SOFTWARE\Microsoft\Input\Settings\proc_1\loc_0409","SUCCESS","Desired Access: Query Value"
"7:12:28.0771733 PM","ctfmon.exe","3980","RegQueryValue","HKLM\SOFTWARE\Microsoft\Input\Settings\proc_1\loc_0409\HwkbTextPredictionDelay","NAME NOT FOUND","Length: 144"
"7:12:28.0771820 PM","ctfmon.exe","3980","RegCloseKey","HKLM\SOFTWARE\Microsoft\Input\Settings\proc_1\loc_0409","SUCCESS",""
"7:12:28.0771910 PM","ctfmon.exe","3980","RegQueryKey","HKLM\SOFTWARE\Microsoft\Input\Settings","SUCCESS","Query: HandleTags, HandleTags: 0x0"
"7:12:28.0771992 PM","ctfmon.exe","3980","RegOpenKey","HKLM\SOFTWARE\Microsoft\Input\Settings\proc_1","SUCCESS","Desired Access: Query Value"
"7:12:28.0772075 PM","ctfmon.exe","3980","RegQueryValue","HKLM\SOFTWARE\Microsoft\Input\Settings\proc_1\HwkbTextPredictionDelay","NAME NOT FOUND","Length: 144"
"7:12:28.0772096 PM","Explorer.EXE","4184","CreateFile","C:\Users\12220186\Downloads\ProcessMonitor\Procmon64.exe","SUCCESS","Desired Access: Read Attributes, Disposition: Open, Options: Open Reparse Point, Attributes: n/a, ShareMode: Read, Write, Delete, AllocationSize: n/a, OpenResult: Opened"
"7:12:28.0772168 PM","ctfmon.exe","3980","RegCloseKey","HKLM\SOFTWARE\Microsoft\Input\Settings\proc_1","SUCCESS",""
"7:12:28.0772675 PM","ctfmon.exe","3980","RegQueryValue","HKLM\SOFTWARE\Microsoft\Input\Settings\HwkbTextPredictionDelay","NAME NOT FOUND","Length: 144"
"7:12:28.0772736 PM","Explorer.EXE","4184","QueryBasicInformationFile","C:\Users\12220186\Downloads\ProcessMonitor\Procmon64.exe","SUCCESS","CreationTime: 6/20/2024 9:55:26 PM, LastAccessTime: 3/9/2026 7:12:27 PM, LastWriteTime: 3/9/2026 6:03:22 PM, ChangeTime: 3/9/2026 7:12:25 PM, FileAttributes: A"
"7:12:28.0772789 PM","ctfmon.exe","3980","RegCloseKey","HKLM\SOFTWARE\Microsoft\Input\Settings","SUCCESS",""
"7:12:28.0772816 PM","Explorer.EXE","4184","CloseFile","C:\Users\12220186\Downloads\ProcessMonitor\Procmon64.exe","SUCCESS",""
"7:12:28.0772923 PM","ctfmon.exe","3980","RegQueryKey","HKLM","SUCCESS","Query: HandleTags, HandleTags: 0x0"
"7:12:28.0772950 PM","Explorer.EXE","4184","IRP_MJ_CLOSE","C:\Users\12220186\Downloads\ProcessMonitor\Procmon64.exe","SUCCESS",""
"7:12:28.0773388 PM","Explorer.EXE","4184","QueryBasicInformationFile","C:\Users\12220186\Downloads\ProcessMonitor\Procmon.exe","SUCCESS","CreationTime: 6/20/2024 9:55:26 PM, LastAccessTime: 3/9/2026 6:03:28 PM, LastWriteTime: 3/9/2026 6:03:22 PM, ChangeTime: 3/9/2026 6:03:22 PM, FileAttributes: A"
"7:12:28.0773409 PM","ctfmon.exe","3980","RegOpenKey","HKLM\Software\Microsoft\PolicyManager\default\TextInput\AllowKeyboardTextSuggestions","SUCCESS","Desired Access: Read"
"7:12:28.0773620 PM","ctfmon.exe","3980","RegSetInfoKey","HKLM\SOFTWARE\Microsoft\PolicyManager\default\TextInput\AllowKeyboardTextSuggestions","SUCCESS","KeySetInformationClass: KeySetHandleTagsInformation, Length: 0"
"7:12:28.0773700 PM","ctfmon.exe","3980","RegQueryValue","HKLM\SOFTWARE\Microsoft\PolicyManager\default\TextInput\AllowKeyboardTextSuggestions\PolicyType","SUCCESS","Type: REG_DWORD, Length: 4, Data: 4"
"7:12:28.0773780 PM","ctfmon.exe","3980","RegQueryValue","HKLM\SOFTWARE\Microsoft\PolicyManager\default\TextInput\AllowKeyboardTextSuggestions\Behavior","SUCCESS","Type: REG_DWORD, Length: 4, Data: 32"
"7:12:28.0773851 PM","ctfmon.exe","3980","RegQueryValue","HKLM\SOFTWARE\Microsoft\PolicyManager\default\TextInput\AllowKeyboardTextSuggestions\MergeAlgorithm","SUCCESS","Type: REG_DWORD, Length: 4, Data: 1"
"7:12:28.0774278 PM","Explorer.EXE","4184","CreateFile","C:\Users\12220186\Downloads\ProcessMonitor\Procmon64.exe","SUCCESS","Desired Access: Generic Read, Disposition: Open, Options: Synchronous IO Non-Alert, Non-Directory File, Attributes: n/a, ShareMode: Read, Delete, AllocationSize: n/a, OpenResult: Opened"
"7:12:28.0774373 PM","ctfmon.exe","3980","RegQueryValue","HKLM\SOFTWARE\Microsoft\PolicyManager\default\TextInput\AllowKeyboardTextSuggestions\RegKeyPathRedirectMapped","NAME NOT FOUND","Length: 16"
"7:12:28.0774448 PM","ctfmon.exe","3980","RegQueryValue","HKLM\SOFTWARE\Microsoft\PolicyManager\default\TextInput\AllowKeyboardTextSuggestions\RegKeyPathRedirect","NAME NOT FOUND","Length: 12"
"7:12:28.0774518 PM","ctfmon.exe","3980","RegQueryValue","HKLM\SOFTWARE\Microsoft\PolicyManager\default\TextInput\AllowKeyboardTextSuggestions\grouppolicyname","NAME NOT FOUND","Length: 12"
"7:12:28.0774583 PM","ctfmon.exe","3980","RegQueryValue","HKLM\SOFTWARE\Microsoft\PolicyManager\default\TextInput\AllowKeyboardTextSuggestions\ADMXMetadataUser","NAME NOT FOUND","Length: 12"
"7:12:28.0774650 PM","ctfmon.exe","3980","RegQueryValue","HKLM\SOFTWARE\Microsoft\PolicyManager\default\TextInput\AllowKeyboardTextSuggestions\ADMXMetadataDevice","NAME NOT FOUND","Length: 12"
"7:12:28.0775047 PM","Explorer.EXE","4184","CreateFileMapping","C:\Users\12220186\Downloads\ProcessMonitor\Procmon64.exe","SUCCESS","SyncType: SyncTypeOther"
"7:12:28.0775443 PM","ctfmon.exe","3980","RegQueryValue","HKLM\SOFTWARE\Microsoft\PolicyManager\default\TextInput\AllowKeyboardTextSuggestions\ADMXMetadataBoth","NAME NOT FOUND","Length: 12"
"7:12:28.0775745 PM","ctfmon.exe","3980","RegQueryValue","HKLM\SOFTWARE\Microsoft\PolicyManager\default\TextInput\AllowKeyboardTextSuggestions\30Value","NAME NOT FOUND","Length: 12"
"7:12:28.0775830 PM","ctfmon.exe","3980","RegQueryValue","HKLM\SOFTWARE\Microsoft\PolicyManager\default\TextInput\AllowKeyboardTextSuggestions\Value","SUCCESS","Type: REG_DWORD, Length: 4, Data: 1"
"7:12:28.0775917 PM","ctfmon.exe","3980","RegCloseKey","HKLM\SOFTWARE\Microsoft\PolicyManager\default\TextInput\AllowKeyboardTextSuggestions","SUCCESS",""
"7:12:28.0776044 PM","ctfmon.exe","3980","RegQueryKey","HKLM","SUCCESS","Query: HandleTags, HandleTags: 0x0"
"7:12:28.0776129 PM","ctfmon.exe","3980","RegOpenKey","HKLM\Software\Microsoft\PolicyManager\current\Device\TextInput","NAME NOT FOUND","Desired Access: Read"
"7:12:28.0776136 PM","Procmon64.exe","1132","ReadFile","C:\Windows\System32\dbghelp.dll","SUCCESS","Offset: 1,528,320, Length: 16,384, I/O Flags: Non-cached, Paging I/O, Synchronous Paging I/O, Priority: Normal"
"7:12:28.0776279 PM","ctfmon.exe","3980","RegQueryKey","HKCU","SUCCESS","Query: HandleTags, HandleTags: 0x0"
"7:12:28.0776380 PM","ctfmon.exe","3980","RegOpenKey","HKCU\Software\Microsoft\TabletTip\1.7","SUCCESS","Desired Access: Query Value"
"7:12:28.0776500 PM","ctfmon.exe","3980","RegQueryValue","HKCU\SOFTWARE\Microsoft\TabletTip\1.7\EnableTextPrediction","NAME NOT FOUND","Length: 16"
"7:12:28.0776590 PM","ctfmon.exe","3980","RegCloseKey","HKCU\SOFTWARE\Microsoft\TabletTip\1.7","SUCCESS",""
"7:12:28.0776665 PM","ctfmon.exe","3980","RegQueryKey","HKLM","SUCCESS","Query: HandleTags, HandleTags: 0x0"
"7:12:28.0776734 PM","ctfmon.exe","3980","RegOpenKey","HKLM\Software\Microsoft\Input\Settings","SUCCESS","Desired Access: Read"
"7:12:28.0776806 PM","Explorer.EXE","4184","FASTIO_RELEASE_FOR_SECTION_SYNCHRONIZATION","C:\Users\12220186\Downloads\ProcessMonitor\Procmon64.exe","SUCCESS",""
"7:12:28.0776825 PM","ctfmon.exe","3980","RegQueryKey","HKCU","SUCCESS","Query: HandleTags, HandleTags: 0x0"
"7:12:28.0776906 PM","Explorer.EXE","4184","IRP_MJ_CLOSE","C:\Users\12220186\Downloads\ProcessMonitor\Procmon64.exe","SUCCESS",""
"7:12:28.0777036 PM","Explorer.EXE","4184","CreateFileMapping","C:\Users\12220186\Downloads\ProcessMonitor\Procmon64.exe","FILE LOCKED WITH ONLY READERS","SyncType: SyncTypeCreateSection, PageProtection: PAGE_EXECUTE_READWRITE|PAGE_NOCACHE"
"7:12:28.0777049 PM","ctfmon.exe","3980","RegOpenKey","HKCU\Software\Microsoft\Input\Settings","NAME NOT FOUND","Desired Access: Read"
"7:12:28.0777130 PM","Explorer.EXE","4184","FASTIO_RELEASE_FOR_SECTION_SYNCHRONIZATION","C:\Users\12220186\Downloads\ProcessMonitor\Procmon64.exe","SUCCESS",""
"7:12:28.0777197 PM","Explorer.EXE","4184","CreateFileMapping","C:\Users\12220186\Downloads\ProcessMonitor\Procmon64.exe","SUCCESS","SyncType: SyncTypeOther"
"7:12:28.0777219 PM","ctfmon.exe","3980","RegQueryKey","HKLM\SOFTWARE\Microsoft\Input\Settings","SUCCESS","Query: HandleTags, HandleTags: 0x0"
"7:12:28.0777250 PM","Explorer.EXE","4184","FASTIO_RELEASE_FOR_SECTION_SYNCHRONIZATION","C:\Users\12220186\Downloads\ProcessMonitor\Procmon64.exe","SUCCESS",""
"7:12:28.0777299 PM","ctfmon.exe","3980","RegOpenKey","HKLM\SOFTWARE\Microsoft\Input\Settings\proc_1\loc_0409\im_1","SUCCESS","Desired Access: Query Value"
"7:12:28.0777404 PM","ctfmon.exe","3980","RegQueryValue","HKLM\SOFTWARE\Microsoft\Input\Settings\proc_1\loc_0409\im_1\PREDICTION","SUCCESS","Type: REG_DWORD, Length: 4, Data: 1"
"7:12:28.0777486 PM","Explorer.EXE","4184","CloseFile","C:\Users\12220186\Downloads\ProcessMonitor\Procmon64.exe","SUCCESS",""
"7:12:28.0777504 PM","ctfmon.exe","3980","RegCloseKey","HKLM\SOFTWARE\Microsoft\Input\Settings\proc_1\loc_0409\im_1","SUCCESS",""
"7:12:28.0777580 PM","ctfmon.exe","3980","RegCloseKey","HKLM\SOFTWARE\Microsoft\Input\Settings","SUCCESS",""
"7:12:28.0777633 PM","Explorer.EXE","4184","IRP_MJ_CLOSE","C:\Users\12220186\Downloads\ProcessMonitor\Procmon64.exe","SUCCESS",""
"7:12:28.0777655 PM","ctfmon.exe","3980","RegQueryKey","HKCU","SUCCESS","Query: HandleTags, HandleTags: 0x0"
"7:12:28.0777722 PM","ctfmon.exe","3980","RegOpenKey","HKCU\Software\Microsoft\TabletTip\1.7","SUCCESS","Desired Access: Query Value"
"7:12:28.0777817 PM","ctfmon.exe","3980","RegQueryValue","HKCU\SOFTWARE\Microsoft\TabletTip\1.7\EnableAutoCorrection","NAME NOT FOUND","Length: 16"
"7:12:28.0777891 PM","ctfmon.exe","3980","RegCloseKey","HKCU\SOFTWARE\Microsoft\TabletTip\1.7","SUCCESS",""
"7:12:28.0777961 PM","ctfmon.exe","3980","RegQueryKey","HKLM","SUCCESS","Query: HandleTags, HandleTags: 0x0"
"7:12:28.0778026 PM","ctfmon.exe","3980","RegOpenKey","HKLM\Software\Microsoft\Input\Settings","SUCCESS","Desired Access: Read"
"7:12:28.0778111 PM","ctfmon.exe","3980","RegQueryKey","HKCU","SUCCESS","Query: HandleTags, HandleTags: 0x0"
"7:12:28.0778176 PM","ctfmon.exe","3980","RegOpenKey","HKCU\Software\Microsoft\Input\Settings","NAME NOT FOUND","Desired Access: Read"
"7:12:28.0778263 PM","ctfmon.exe","3980","RegQueryKey","HKLM\SOFTWARE\Microsoft\Input\Settings","SUCCESS","Query: HandleTags, HandleTags: 0x0"
"7:12:28.0778329 PM","ctfmon.exe","3980","RegOpenKey","HKLM\SOFTWARE\Microsoft\Input\Settings\proc_1\loc_0409\im_1","SUCCESS","Desired Access: Query Value"
"7:12:28.0778333 PM","Explorer.EXE","4184","CreateFile","C:\users\12220186\downloads\SystemResources\procmon64.exe.mun","PATH NOT FOUND","Desired Access: Read Data/List Directory, Synchronize, Disposition: Open, Options: Synchronous IO Non-Alert, Non-Directory File, Attributes: n/a, ShareMode: Read, Delete, AllocationSize: n/a"
"7:12:28.0778411 PM","ctfmon.exe","3980","RegQueryValue","HKLM\SOFTWARE\Microsoft\Input\Settings\proc_1\loc_0409\im_1\AUTOCORRECTION","SUCCESS","Type: REG_DWORD, Length: 4, Data: 1"
"7:12:28.0778490 PM","ctfmon.exe","3980","RegCloseKey","HKLM\SOFTWARE\Microsoft\Input\Settings\proc_1\loc_0409\im_1","SUCCESS",""
"7:12:28.0778560 PM","ctfmon.exe","3980","RegCloseKey","HKLM\SOFTWARE\Microsoft\Input\Settings","SUCCESS",""
"7:12:28.0778626 PM","ctfmon.exe","3980","RegQueryKey","HKLM","SUCCESS","Query: HandleTags, HandleTags: 0x0"
"7:12:28.0778692 PM","ctfmon.exe","3980","RegOpenKey","HKLM\Software\Microsoft\Input\Settings","SUCCESS","Desired Access: Read"
"7:12:28.0778779 PM","ctfmon.exe","3980","RegQueryKey","HKCU","SUCCESS","Query: HandleTags, HandleTags: 0x0"
"7:12:28.0778844 PM","ctfmon.exe","3980","RegOpenKey","HKCU\Software\Microsoft\Input\Settings","NAME NOT FOUND","Desired Access: Read"
"7:12:28.0778928 PM","ctfmon.exe","3980","RegQueryKey","HKLM\SOFTWARE\Microsoft\Input\Settings","SUCCESS","Query: HandleTags, HandleTags: 0x0"
"7:12:28.0778993 PM","ctfmon.exe","3980","RegOpenKey","HKLM\SOFTWARE\Microsoft\Input\Settings\proc_1\loc_0409\im_1","SUCCESS","Desired Access: Query Value"
"7:12:28.0779074 PM","ctfmon.exe","3980","RegQueryValue","HKLM\SOFTWARE\Microsoft\Input\Settings\proc_1\loc_0409\im_1\SPELLCHECK","SUCCESS","Type: REG_DWORD, Length: 4, Data: 1"
"7:12:28.0779157 PM","ctfmon.exe","3980","RegCloseKey","HKLM\SOFTWARE\Microsoft\Input\Settings\proc_1\loc_0409\im_1","SUCCESS",""
"7:12:28.0779225 PM","ctfmon.exe","3980","RegCloseKey","HKLM\SOFTWARE\Microsoft\Input\Settings","SUCCESS",""
"7:12:28.0779291 PM","ctfmon.exe","3980","RegQueryKey","HKLM","SUCCESS","Query: HandleTags, HandleTags: 0x0"
"7:12:28.0779356 PM","ctfmon.exe","3980","RegOpenKey","HKLM\Software\Microsoft\Input\Settings","SUCCESS","Desired Access: Read"
"7:12:28.0779440 PM","ctfmon.exe","3980","RegQueryKey","HKCU","SUCCESS","Query: HandleTags, HandleTags: 0x0"
"7:12:28.0779504 PM","ctfmon.exe","3980","RegOpenKey","HKCU\Software\Microsoft\Input\Settings","NAME NOT FOUND","Desired Access: Read"
"7:12:28.0779590 PM","ctfmon.exe","3980","RegQueryKey","HKLM\SOFTWARE\Microsoft\Input\Settings","SUCCESS","Query: HandleTags, HandleTags: 0x0"
"7:12:28.0779655 PM","ctfmon.exe","3980","RegOpenKey","HKLM\SOFTWARE\Microsoft\Input\Settings\proc_1\loc_0409\im_1","SUCCESS","Desired Access: Query Value"
"7:12:28.0779732 PM","ctfmon.exe","3980","RegQueryValue","HKLM\SOFTWARE\Microsoft\Input\Settings\proc_1\loc_0409\im_1\SHAPEWRITING","SUCCESS","Type: REG_DWORD, Length: 4, Data: 1"
"7:12:28.0779818 PM","ctfmon.exe","3980","RegCloseKey","HKLM\SOFTWARE\Microsoft\Input\Settings\proc_1\loc_0409\im_1","SUCCESS",""
"7:12:28.0779885 PM","ctfmon.exe","3980","RegCloseKey","HKLM\SOFTWARE\Microsoft\Input\Settings","SUCCESS",""
"7:12:28.0780237 PM","ctfmon.exe","3980","RegQueryKey","HKCU","SUCCESS","Query: HandleTags, HandleTags: 0x0"
"7:12:28.0780374 PM","ctfmon.exe","3980","RegOpenKey","HKCU\Software\Microsoft\Input\Settings","NAME NOT FOUND","Desired Access: Query Value"
"7:12:28.0780778 PM","ctfmon.exe","3980","RegQueryKey","HKLM","SUCCESS","Query: HandleTags, HandleTags: 0x0"
"7:12:28.0780859 PM","ctfmon.exe","3980","RegOpenKey","HKLM\Software\Microsoft\Input\Settings","SUCCESS","Desired Access: Query Value"
"7:12:28.0780960 PM","ctfmon.exe","3980","RegQueryValue","HKLM\SOFTWARE\Microsoft\Input\Settings\MultilingualEnabled","SUCCESS","Type: REG_DWORD, Length: 4, Data: 0"
"7:12:28.0781060 PM","ctfmon.exe","3980","RegCloseKey","HKLM\SOFTWARE\Microsoft\Input\Settings","SUCCESS",""
"7:12:28.0781139 PM","ctfmon.exe","3980","RegQueryKey","HKCU","SUCCESS","Query: HandleTags, HandleTags: 0x0"
"7:12:28.0781205 PM","ctfmon.exe","3980","RegOpenKey","HKCU\Software\Microsoft\Input\Settings","NAME NOT FOUND","Desired Access: Query Value"
"7:12:28.0781282 PM","ctfmon.exe","3980","RegQueryKey","HKLM","SUCCESS","Query: HandleTags, HandleTags: 0x0"
"7:12:28.0781346 PM","ctfmon.exe","3980","RegOpenKey","HKLM\Software\Microsoft\Input\Settings","SUCCESS","Desired Access: Query Value"
"7:12:28.0781422 PM","ctfmon.exe","3980","RegQueryValue","HKLM\SOFTWARE\Microsoft\Input\Settings\FLIPDebugOptions","NAME NOT FOUND","Length: 16"
"7:12:28.0781505 PM","ctfmon.exe","3980","RegCloseKey","HKLM\SOFTWARE\Microsoft\Input\Settings","SUCCESS",""
"7:12:28.0781572 PM","ctfmon.exe","3980","RegQueryKey","HKCU","SUCCESS","Query: HandleTags, HandleTags: 0x0"
"7:12:28.0781636 PM","ctfmon.exe","3980","RegOpenKey","HKCU\Software\Microsoft\TabletTip\1.7","SUCCESS","Desired Access: Query Value"
"7:12:28.0781718 PM","ctfmon.exe","3980","RegQueryValue","HKCU\SOFTWARE\Microsoft\TabletTip\1.7\EnableDoubleTapSpace","NAME NOT FOUND","Length: 16"
"7:12:28.0781783 PM","Procmon64.exe","1132","CreateFile","C:\Users\12220186\Downloads\ProcessMonitor\Procmon64.exe","SUCCESS","Desired Access: Generic Read, Disposition: Open, Options: Synchronous IO Non-Alert, Non-Directory File, Attributes: n/a, ShareMode: Read, AllocationSize: n/a, OpenResult: Opened"
"7:12:28.0781792 PM","ctfmon.exe","3980","RegCloseKey","HKCU\SOFTWARE\Microsoft\TabletTip\1.7","SUCCESS",""
"7:12:28.0781859 PM","ctfmon.exe","3980","RegQueryKey","HKLM","SUCCESS","Query: HandleTags, HandleTags: 0x0"
"7:12:28.0781923 PM","ctfmon.exe","3980","RegOpenKey","HKLM\Software\Microsoft\Input\Settings","SUCCESS","Desired Access: Read"
"7:12:28.0782004 PM","ctfmon.exe","3980","RegQueryKey","HKCU","SUCCESS","Query: HandleTags, HandleTags: 0x0"
"7:12:28.0782034 PM","Procmon64.exe","1132","CreateFileMapping","C:\Users\12220186\Downloads\ProcessMonitor\Procmon64.exe","FILE LOCKED WITH ONLY READERS","SyncType: SyncTypeCreateSection, PageProtection: PAGE_EXECUTE_READWRITE|PAGE_NOCACHE"
"7:12:28.0782069 PM","ctfmon.exe","3980","RegOpenKey","HKCU\Software\Microsoft\Input\Settings","NAME NOT FOUND","Desired Access: Read"
"7:12:28.0782114 PM","Procmon64.exe","1132","QueryStandardInformationFile","C:\Users\12220186\Downloads\ProcessMonitor\Procmon64.exe","SUCCESS","AllocationSize: 2,146,304, EndOfFile: 2,142,648, NumberOfLinks: 1, DeletePending: False, Directory: False"
"7:12:28.0782169 PM","ctfmon.exe","3980","RegQueryKey","HKLM\SOFTWARE\Microsoft\Input\Settings","SUCCESS","Query: HandleTags, HandleTags: 0x0"
"7:12:28.0782174 PM","Procmon64.exe","1132","FASTIO_RELEASE_FOR_SECTION_SYNCHRONIZATION","C:\Users\12220186\Downloads\ProcessMonitor\Procmon64.exe","SUCCESS",""
"7:12:28.0782228 PM","Procmon64.exe","1132","CreateFileMapping","C:\Users\12220186\Downloads\ProcessMonitor\Procmon64.exe","SUCCESS","SyncType: SyncTypeOther"
"7:12:28.0782237 PM","ctfmon.exe","3980","RegOpenKey","HKLM\SOFTWARE\Microsoft\Input\Settings\proc_1\loc_0409\im_1","SUCCESS","Desired Access: Query Value"
"7:12:28.0782500 PM","ctfmon.exe","3980","RegQueryValue","HKLM\SOFTWARE\Microsoft\Input\Settings\proc_1\loc_0409\im_1\PERIODSHORTCUT","SUCCESS","Type: REG_DWORD, Length: 4, Data: 1"
"7:12:28.0782514 PM","Procmon64.exe","1132","FASTIO_RELEASE_FOR_SECTION_SYNCHRONIZATION","C:\Users\12220186\Downloads\ProcessMonitor\Procmon64.exe","SUCCESS",""
"7:12:28.0782587 PM","ctfmon.exe","3980","RegCloseKey","HKLM\SOFTWARE\Microsoft\Input\Settings\proc_1\loc_0409\im_1","SUCCESS",""
"7:12:28.0782662 PM","ctfmon.exe","3980","RegCloseKey","HKLM\SOFTWARE\Microsoft\Input\Settings","SUCCESS",""
"7:12:28.0782729 PM","ctfmon.exe","3980","RegQueryKey","HKLM","SUCCESS","Query: HandleTags, HandleTags: 0x0"
"7:12:28.0782796 PM","ctfmon.exe","3980","RegOpenKey","HKLM\Software\Microsoft\Input\Settings","SUCCESS","Desired Access: Read"
"7:12:28.0782813 PM","Procmon64.exe","1132","CloseFile","C:\Users\12220186\Downloads\ProcessMonitor\Procmon64.exe","SUCCESS",""
"7:12:28.0782880 PM","ctfmon.exe","3980","RegQueryKey","HKCU","SUCCESS","Query: HandleTags, HandleTags: 0x0"
"7:12:28.0782946 PM","ctfmon.exe","3980","RegOpenKey","HKCU\Software\Microsoft\Input\Settings","NAME NOT FOUND","Desired Access: Read"
"7:12:28.0782969 PM","Procmon64.exe","1132","IRP_MJ_CLOSE","C:\Users\12220186\Downloads\ProcessMonitor\Procmon64.exe","SUCCESS",""
"7:12:28.0783034 PM","ctfmon.exe","3980","RegQueryKey","HKLM\SOFTWARE\Microsoft\Input\Settings","SUCCESS","Query: HandleTags, HandleTags: 0x0"
"7:12:28.0783100 PM","ctfmon.exe","3980","RegOpenKey","HKLM\SOFTWARE\Microsoft\Input\Settings\is_0\loc_0409","NAME NOT FOUND","Desired Access: Query Value"
"7:12:28.0783187 PM","ctfmon.exe","3980","RegQueryKey","HKLM\SOFTWARE\Microsoft\Input\Settings","SUCCESS","Query: HandleTags, HandleTags: 0x0"
"7:12:28.0783252 PM","ctfmon.exe","3980","RegOpenKey","HKLM\SOFTWARE\Microsoft\Input\Settings\is_0","SUCCESS","Desired Access: Query Value"
"7:12:28.0783327 PM","ctfmon.exe","3980","RegQueryValue","HKLM\SOFTWARE\Microsoft\Input\Settings\is_0\PERIODSHORTCUT","SUCCESS","Type: REG_DWORD, Length: 4, Data: 1"
"7:12:28.0783402 PM","ctfmon.exe","3980","RegCloseKey","HKLM\SOFTWARE\Microsoft\Input\Settings\is_0","SUCCESS",""
"7:12:28.0783473 PM","ctfmon.exe","3980","RegCloseKey","HKLM\SOFTWARE\Microsoft\Input\Settings","SUCCESS",""
"7:12:28.0783543 PM","ctfmon.exe","3980","RegQueryKey","HKCU","SUCCESS","Query: HandleTags, HandleTags: 0x0"
"7:12:28.0783607 PM","ctfmon.exe","3980","RegOpenKey","HKCU\Software\Microsoft\TabletTip\1.7","SUCCESS","Desired Access: Query Value"
"7:12:28.0783686 PM","ctfmon.exe","3980","RegQueryValue","HKCU\SOFTWARE\Microsoft\TabletTip\1.7\EnableAutoShiftEngage","NAME NOT FOUND","Length: 16"
"7:12:28.0783754 PM","ctfmon.exe","3980","RegCloseKey","HKCU\SOFTWARE\Microsoft\TabletTip\1.7","SUCCESS",""
"7:12:28.0783821 PM","ctfmon.exe","3980","RegQueryKey","HKLM","SUCCESS","Query: HandleTags, HandleTags: 0x0"
"7:12:28.0783886 PM","ctfmon.exe","3980","RegOpenKey","HKLM\Software\Microsoft\Input\Settings","SUCCESS","Desired Access: Read"
"7:12:28.0783967 PM","ctfmon.exe","3980","RegQueryKey","HKCU","SUCCESS","Query: HandleTags, HandleTags: 0x0"
"7:12:28.0784031 PM","ctfmon.exe","3980","RegOpenKey","HKCU\Software\Microsoft\Input\Settings","NAME NOT FOUND","Desired Access: Read"
"7:12:28.0784096 PM","Procmon64.exe","1132","QueryOpen","C:\Windows\System32\ntdll.dll","FAST IO DISALLOWED",""
"7:12:28.0784114 PM","ctfmon.exe","3980","RegQueryKey","HKLM\SOFTWARE\Microsoft\Input\Settings","SUCCESS","Query: HandleTags, HandleTags: 0x0"
"7:12:28.0784182 PM","ctfmon.exe","3980","RegOpenKey","HKLM\SOFTWARE\Microsoft\Input\Settings\proc_1\loc_0409\im_1","SUCCESS","Desired Access: Query Value"
"7:12:28.0784259 PM","ctfmon.exe","3980","RegQueryValue","HKLM\SOFTWARE\Microsoft\Input\Settings\proc_1\loc_0409\im_1\AUTOCAP","SUCCESS","Type: REG_DWORD, Length: 4, Data: 1"
"7:12:28.0784333 PM","ctfmon.exe","3980","RegCloseKey","HKLM\SOFTWARE\Microsoft\Input\Settings\proc_1\loc_0409\im_1","SUCCESS",""
"7:12:28.0784409 PM","ctfmon.exe","3980","RegCloseKey","HKLM\SOFTWARE\Microsoft\Input\Settings","SUCCESS",""
"7:12:28.0784471 PM","Procmon64.exe","1132","CreateFile","C:\Windows\System32\ntdll.dll","SUCCESS","Desired Access: Read Attributes, Disposition: Open, Options: Open Reparse Point, Attributes: n/a, ShareMode: Read, Write, Delete, AllocationSize: n/a, OpenResult: Opened"
"7:12:28.0784476 PM","ctfmon.exe","3980","RegQueryKey","HKLM","SUCCESS","Query: HandleTags, HandleTags: 0x0"
"7:12:28.0784541 PM","ctfmon.exe","3980","RegOpenKey","HKLM\Software\Microsoft\Input\Settings","SUCCESS","Desired Access: Read"
"7:12:28.0784623 PM","ctfmon.exe","3980","RegQueryKey","HKCU","SUCCESS","Query: HandleTags, HandleTags: 0x0"
"7:12:28.0784690 PM","ctfmon.exe","3980","RegOpenKey","HKCU\Software\Microsoft\Input\Settings","NAME NOT FOUND","Desired Access: Read"
"7:12:28.0784694 PM","Procmon64.exe","1132","QueryBasicInformationFile","C:\Windows\System32\ntdll.dll","SUCCESS","CreationTime: 12/4/2023 4:49:06 AM, LastAccessTime: 3/9/2026 5:08:37 PM, LastWriteTime: 12/4/2023 4:49:06 AM, ChangeTime: 3/10/2026 12:49:06 AM, FileAttributes: A"
"7:12:28.0784764 PM","Procmon64.exe","1132","CloseFile","C:\Windows\System32\ntdll.dll","SUCCESS",""
"7:12:28.0784772 PM","ctfmon.exe","3980","RegQueryKey","HKLM\SOFTWARE\Microsoft\Input\Settings","SUCCESS","Query: HandleTags, HandleTags: 0x0"
"7:12:28.0784850 PM","ctfmon.exe","3980","RegOpenKey","HKLM\SOFTWARE\Microsoft\Input\Settings\is_0\loc_0409","NAME NOT FOUND","Desired Access: Query Value"
"7:12:28.0784854 PM","Procmon64.exe","1132","IRP_MJ_CLOSE","C:\Windows\System32\ntdll.dll","SUCCESS",""
"7:12:28.0784927 PM","ctfmon.exe","3980","RegQueryKey","HKLM\SOFTWARE\Microsoft\Input\Settings","SUCCESS","Query: HandleTags, HandleTags: 0x0"
"7:12:28.0784992 PM","ctfmon.exe","3980","RegOpenKey","HKLM\SOFTWARE\Microsoft\Input\Settings\is_0","SUCCESS","Desired Access: Query Value"
"7:12:28.0785065 PM","ctfmon.exe","3980","RegQueryValue","HKLM\SOFTWARE\Microsoft\Input\Settings\is_0\AUTOCAP","SUCCESS","Type: REG_DWORD, Length: 4, Data: 1"
"7:12:28.0785085 PM","Procmon64.exe","1132","ReadFile","C:\Windows\System32\ntdll.dll","SUCCESS","Offset: 1,539,584, Length: 16,384, I/O Flags: Non-cached, Paging I/O, Synchronous Paging I/O, Priority: Normal"
"7:12:28.0785140 PM","ctfmon.exe","3980","RegCloseKey","HKLM\SOFTWARE\Microsoft\Input\Settings\is_0","SUCCESS",""
"7:12:28.0785207 PM","ctfmon.exe","3980","RegCloseKey","HKLM\SOFTWARE\Microsoft\Input\Settings","SUCCESS",""
"7:12:28.0785272 PM","ctfmon.exe","3980","RegQueryKey","HKLM","SUCCESS","Query: HandleTags, HandleTags: 0x0"
"7:12:28.0785338 PM","ctfmon.exe","3980","RegOpenKey","HKLM\Software\Microsoft\Input\Settings","SUCCESS","Desired Access: Read"
"7:12:28.0785415 PM","ctfmon.exe","3980","RegQueryKey","HKCU","SUCCESS","Query: HandleTags, HandleTags: 0x0"
"7:12:28.0785480 PM","ctfmon.exe","3980","RegOpenKey","HKCU\Software\Microsoft\Input\Settings","NAME NOT FOUND","Desired Access: Read"
"7:12:28.0785564 PM","ctfmon.exe","3980","RegQueryKey","HKLM\SOFTWARE\Microsoft\Input\Settings","SUCCESS","Query: HandleTags, HandleTags: 0x0"
"7:12:28.0785628 PM","ctfmon.exe","3980","RegOpenKey","HKLM\SOFTWARE\Microsoft\Input\Settings\is_0\loc_0409","NAME NOT FOUND","Desired Access: Query Value"
"7:12:28.0785710 PM","ctfmon.exe","3980","RegQueryKey","HKLM\SOFTWARE\Microsoft\Input\Settings","SUCCESS","Query: HandleTags, HandleTags: 0x0"
"7:12:28.0785771 PM","Explorer.EXE","4184","RegQueryKey","HKLM","SUCCESS","Query: HandleTags, HandleTags: 0x0"
"7:12:28.0785777 PM","ctfmon.exe","3980","RegOpenKey","HKLM\SOFTWARE\Microsoft\Input\Settings\is_0","SUCCESS","Desired Access: Query Value"
"7:12:28.0785858 PM","ctfmon.exe","3980","RegQueryValue","HKLM\SOFTWARE\Microsoft\Input\Settings\is_0\AUTOCAPALLTOKENS","NAME NOT FOUND","Length: 144"
"7:12:28.0785883 PM","Explorer.EXE","4184","RegOpenKey","HKLM\Software\Microsoft\PolicyManager\default\DataProtection\EDPShowIcons","SUCCESS","Desired Access: Read"
"7:12:28.0785943 PM","ctfmon.exe","3980","RegCloseKey","HKLM\SOFTWARE\Microsoft\Input\Settings\is_0","SUCCESS",""
"7:12:28.0786014 PM","ctfmon.exe","3980","RegQueryValue","HKLM\SOFTWARE\Microsoft\Input\Settings\AUTOCAPALLTOKENS","SUCCESS","Type: REG_DWORD, Length: 4, Data: 0"
"7:12:28.0786083 PM","Explorer.EXE","4184","RegSetInfoKey","HKLM\SOFTWARE\Microsoft\PolicyManager\default\DataProtection\EDPShowIcons","SUCCESS","KeySetInformationClass: KeySetHandleTagsInformation, Length: 0"
"7:12:28.0786098 PM","ctfmon.exe","3980","RegCloseKey","HKLM\SOFTWARE\Microsoft\Input\Settings","SUCCESS",""
"7:12:28.0786154 PM","Explorer.EXE","4184","RegQueryValue","HKLM\SOFTWARE\Microsoft\PolicyManager\default\DataProtection\EDPShowIcons\PolicyType","SUCCESS","Type: REG_DWORD, Length: 4, Data: 4"
"7:12:28.0786179 PM","ctfmon.exe","3980","RegQueryKey","HKLM","SUCCESS","Query: HandleTags, HandleTags: 0x0"
"7:12:28.0786243 PM","Explorer.EXE","4184","RegQueryValue","HKLM\SOFTWARE\Microsoft\PolicyManager\default\DataProtection\EDPShowIcons\Behavior","SUCCESS","Type: REG_DWORD, Length: 4, Data: 298"
"7:12:28.0786258 PM","ctfmon.exe","3980","RegOpenKey","HKLM\Software\Microsoft\Input\Settings","SUCCESS","Desired Access: Read"
"7:12:28.0786312 PM","Explorer.EXE","4184","RegQueryValue","HKLM\SOFTWARE\Microsoft\PolicyManager\default\DataProtection\EDPShowIcons\MergeAlgorithm","SUCCESS","Type: REG_DWORD, Length: 4, Data: 1"
"7:12:28.0786374 PM","ctfmon.exe","3980","RegQueryKey","HKCU","SUCCESS","Query: HandleTags, HandleTags: 0x0"
"7:12:28.0786382 PM","Explorer.EXE","4184","RegQueryValue","HKLM\SOFTWARE\Microsoft\PolicyManager\default\DataProtection\EDPShowIcons\RegKeyPathRedirectMapped","NAME NOT FOUND","Length: 16"
"7:12:28.0786482 PM","Explorer.EXE","4184","RegQueryValue","HKLM\SOFTWARE\Microsoft\PolicyManager\default\DataProtection\EDPShowIcons\RegKeyPathRedirect","NAME NOT FOUND","Length: 12"
"7:12:28.0786617 PM","Explorer.EXE","4184","RegQueryValue","HKLM\SOFTWARE\Microsoft\PolicyManager\default\DataProtection\EDPShowIcons\grouppolicyname","NAME NOT FOUND","Length: 12"
"7:12:28.0786628 PM","ctfmon.exe","3980","RegOpenKey","HKCU\Software\Microsoft\Input\Settings","NAME NOT FOUND","Desired Access: Read"
"7:12:28.0786680 PM","Explorer.EXE","4184","RegQueryValue","HKLM\SOFTWARE\Microsoft\PolicyManager\default\DataProtection\EDPShowIcons\ADMXMetadataUser","NAME NOT FOUND","Length: 12"
"7:12:28.0786754 PM","Explorer.EXE","4184","RegQueryValue","HKLM\SOFTWARE\Microsoft\PolicyManager\default\DataProtection\EDPShowIcons\ADMXMetadataDevice","NAME NOT FOUND","Length: 12"
"7:12:28.0786780 PM","ctfmon.exe","3980","RegQueryKey","HKLM\SOFTWARE\Microsoft\Input\Settings","SUCCESS","Query: HandleTags, HandleTags: 0x0"
"7:12:28.0786976 PM","Explorer.EXE","4184","RegQueryValue","HKLM\SOFTWARE\Microsoft\PolicyManager\default\DataProtection\EDPShowIcons\ADMXMetadataBoth","NAME NOT FOUND","Length: 12"
"7:12:28.0786998 PM","ctfmon.exe","3980","RegOpenKey","HKLM\SOFTWARE\Microsoft\Input\Settings\proc_1\loc_0409\im_1","SUCCESS","Desired Access: Query Value"
"7:12:28.0787112 PM","ctfmon.exe","3980","RegQueryValue","HKLM\SOFTWARE\Microsoft\Input\Settings\proc_1\loc_0409\im_1\PERIODSHORTCUTDELAY","NAME NOT FOUND","Length: 144"
"7:12:28.0787222 PM","ctfmon.exe","3980","RegCloseKey","HKLM\SOFTWARE\Microsoft\Input\Settings\proc_1\loc_0409\im_1","SUCCESS",""
"7:12:28.0787355 PM","Explorer.EXE","4184","RegQueryValue","HKLM\SOFTWARE\Microsoft\PolicyManager\default\DataProtection\EDPShowIcons\30Value","NAME NOT FOUND","Length: 12"
"7:12:28.0787360 PM","ctfmon.exe","3980","RegQueryKey","HKLM\SOFTWARE\Microsoft\Input\Settings","SUCCESS","Query: HandleTags, HandleTags: 0x0"
"7:12:28.0787438 PM","ctfmon.exe","3980","RegOpenKey","HKLM\SOFTWARE\Microsoft\Input\Settings\proc_1\loc_0409","SUCCESS","Desired Access: Query Value"
"7:12:28.0787440 PM","Explorer.EXE","4184","RegQueryValue","HKLM\SOFTWARE\Microsoft\PolicyManager\default\DataProtection\EDPShowIcons\Value","SUCCESS","Type: REG_DWORD, Length: 4, Data: 0"
"7:12:28.0787529 PM","ctfmon.exe","3980","RegQueryValue","HKLM\SOFTWARE\Microsoft\Input\Settings\proc_1\loc_0409\PERIODSHORTCUTDELAY","NAME NOT FOUND","Length: 144"
"7:12:28.0787536 PM","Explorer.EXE","4184","RegCloseKey","HKLM\SOFTWARE\Microsoft\PolicyManager\default\DataProtection\EDPShowIcons","SUCCESS",""
"7:12:28.0787782 PM","Explorer.EXE","4184","RegQueryKey","HKLM","SUCCESS","Query: HandleTags, HandleTags: 0x0"
"7:12:28.0787854 PM","Explorer.EXE","4184","RegOpenKey","HKLM\Software\Microsoft\PolicyManager\current\Device\DataProtection","NAME NOT FOUND","Desired Access: Read"
"7:12:28.0787871 PM","ctfmon.exe","3980","RegCloseKey","HKLM\SOFTWARE\Microsoft\Input\Settings\proc_1\loc_0409","SUCCESS",""
"7:12:28.0787984 PM","ctfmon.exe","3980","RegQueryKey","HKLM\SOFTWARE\Microsoft\Input\Settings","SUCCESS","Query: HandleTags, HandleTags: 0x0"
"7:12:28.0788077 PM","ctfmon.exe","3980","RegOpenKey","HKLM\SOFTWARE\Microsoft\Input\Settings\proc_1","SUCCESS","Desired Access: Query Value"
"7:12:28.0788207 PM","ctfmon.exe","3980","RegQueryValue","HKLM\SOFTWARE\Microsoft\Input\Settings\proc_1\PERIODSHORTCUTDELAY","SUCCESS","Type: REG_DWORD, Length: 4, Data: 400"
"7:12:28.0788323 PM","ctfmon.exe","3980","RegCloseKey","HKLM\SOFTWARE\Microsoft\Input\Settings\proc_1","SUCCESS",""
"7:12:28.0788398 PM","ctfmon.exe","3980","RegCloseKey","HKLM\SOFTWARE\Microsoft\Input\Settings","SUCCESS",""
"7:12:28.0788493 PM","ctfmon.exe","3980","RegQueryKey","HKLM","SUCCESS","Query: HandleTags, HandleTags: 0x0"
"7:12:28.0788574 PM","ctfmon.exe","3980","RegOpenKey","HKLM\Software\Microsoft\Input\Settings","SUCCESS","Desired Access: Read"
"7:12:28.0788676 PM","ctfmon.exe","3980","RegQueryKey","HKCU","SUCCESS","Query: HandleTags, HandleTags: 0x0"
"7:12:28.0788743 PM","ctfmon.exe","3980","RegOpenKey","HKCU\Software\Microsoft\Input\Settings","NAME NOT FOUND","Desired Access: Read"
"7:12:28.0788848 PM","ctfmon.exe","3980","RegQueryKey","HKLM\SOFTWARE\Microsoft\Input\Settings","SUCCESS","Query: HandleTags, HandleTags: 0x0"
"7:12:28.0788913 PM","ctfmon.exe","3980","RegOpenKey","HKLM\SOFTWARE\Microsoft\Input\Settings\proc_1\loc_0409\im_1","SUCCESS","Desired Access: Query Value"
"7:12:28.0789004 PM","ctfmon.exe","3980","RegQueryValue","HKLM\SOFTWARE\Microsoft\Input\Settings\proc_1\loc_0409\im_1\PERIODSHORTCUTDELAYCANDSELECTION","NAME NOT FOUND","Length: 144"
"7:12:28.0789089 PM","ctfmon.exe","3980","RegCloseKey","HKLM\SOFTWARE\Microsoft\Input\Settings\proc_1\loc_0409\im_1","SUCCESS",""
"7:12:28.0789164 PM","ctfmon.exe","3980","RegQueryKey","HKLM\SOFTWARE\Microsoft\Input\Settings","SUCCESS","Query: HandleTags, HandleTags: 0x0"
"7:12:28.0789231 PM","ctfmon.exe","3980","RegOpenKey","HKLM\SOFTWARE\Microsoft\Input\Settings\proc_1\loc_0409","SUCCESS","Desired Access: Query Value"
"7:12:28.0789333 PM","ctfmon.exe","3980","RegQueryValue","HKLM\SOFTWARE\Microsoft\Input\Settings\proc_1\loc_0409\PERIODSHORTCUTDELAYCANDSELECTION","NAME NOT FOUND","Length: 144"
"7:12:28.0789407 PM","ctfmon.exe","3980","RegCloseKey","HKLM\SOFTWARE\Microsoft\Input\Settings\proc_1\loc_0409","SUCCESS",""
"7:12:28.0789477 PM","ctfmon.exe","3980","RegQueryKey","HKLM\SOFTWARE\Microsoft\Input\Settings","SUCCESS","Query: HandleTags, HandleTags: 0x0"
"7:12:28.0789545 PM","ctfmon.exe","3980","RegOpenKey","HKLM\SOFTWARE\Microsoft\Input\Settings\proc_1","SUCCESS","Desired Access: Query Value"
"7:12:28.0789625 PM","ctfmon.exe","3980","RegQueryValue","HKLM\SOFTWARE\Microsoft\Input\Settings\proc_1\PERIODSHORTCUTDELAYCANDSELECTION","SUCCESS","Type: REG_DWORD, Length: 4, Data: 1000"
"7:12:28.0789727 PM","ctfmon.exe","3980","RegCloseKey","HKLM\SOFTWARE\Microsoft\Input\Settings\proc_1","SUCCESS",""
"7:12:28.0789797 PM","ctfmon.exe","3980","RegCloseKey","HKLM\SOFTWARE\Microsoft\Input\Settings","SUCCESS",""
"7:12:28.0789883 PM","ctfmon.exe","3980","RegQueryKey","HKLM","SUCCESS","Query: HandleTags, HandleTags: 0x0"
"7:12:28.0789958 PM","ctfmon.exe","3980","RegOpenKey","HKLM\Software\Microsoft\Input\Settings","SUCCESS","Desired Access: Read"
"7:12:28.0790053 PM","ctfmon.exe","3980","RegQueryKey","HKCU","SUCCESS","Query: HandleTags, HandleTags: 0x0"
"7:12:28.0790444 PM","ctfmon.exe","3980","RegOpenKey","HKCU\Software\Microsoft\Input\Settings","NAME NOT FOUND","Desired Access: Read"
"7:12:28.0790638 PM","ctfmon.exe","3980","RegQueryKey","HKLM\SOFTWARE\Microsoft\Input\Settings","SUCCESS","Query: HandleTags, HandleTags: 0x0"
"7:12:28.0790727 PM","ctfmon.exe","3980","RegOpenKey","HKLM\SOFTWARE\Microsoft\Input\Settings\proc_1\loc_0409\im_1","SUCCESS","Desired Access: Query Value"
"7:12:28.0790856 PM","ctfmon.exe","3980","RegQueryValue","HKLM\SOFTWARE\Microsoft\Input\Settings\proc_1\loc_0409\im_1\AUTOCORRECTION","SUCCESS","Type: REG_DWORD, Length: 4, Data: 1"
"7:12:28.0790951 PM","ctfmon.exe","3980","RegCloseKey","HKLM\SOFTWARE\Microsoft\Input\Settings\proc_1\loc_0409\im_1","SUCCESS",""
"7:12:28.0791034 PM","ctfmon.exe","3980","RegCloseKey","HKLM\SOFTWARE\Microsoft\Input\Settings","SUCCESS",""
"7:12:28.0791106 PM","ctfmon.exe","3980","RegQueryKey","HKLM","SUCCESS","Query: HandleTags, HandleTags: 0x0"
"7:12:28.0791178 PM","ctfmon.exe","3980","RegOpenKey","HKLM\Software\Microsoft\Input\Settings","SUCCESS","Desired Access: Read"
"7:12:28.0791278 PM","ctfmon.exe","3980","RegQueryKey","HKCU","SUCCESS","Query: HandleTags, HandleTags: 0x0"
"7:12:28.0791349 PM","ctfmon.exe","3980","RegOpenKey","HKCU\Software\Microsoft\Input\Settings","NAME NOT FOUND","Desired Access: Read"
"7:12:28.0791374 PM","Procmon64.exe","1132","ReadFile","C:\Windows\System32\ntdll.dll","SUCCESS","Offset: 1,986,048, Length: 13,824, I/O Flags: Non-cached, Paging I/O, Synchronous Paging I/O, Priority: Normal"
"7:12:28.0791449 PM","ctfmon.exe","3980","RegQueryKey","HKLM\SOFTWARE\Microsoft\Input\Settings","SUCCESS","Query: HandleTags, HandleTags: 0x0"
"7:12:28.0791519 PM","ctfmon.exe","3980","RegOpenKey","HKLM\SOFTWARE\Microsoft\Input\Settings\is_0\loc_0409","NAME NOT FOUND","Desired Access: Query Value"
"7:12:28.0791609 PM","ctfmon.exe","3980","RegQueryKey","HKLM\SOFTWARE\Microsoft\Input\Settings","SUCCESS","Query: HandleTags, HandleTags: 0x0"
"7:12:28.0791683 PM","ctfmon.exe","3980","RegOpenKey","HKLM\SOFTWARE\Microsoft\Input\Settings\is_0","SUCCESS","Desired Access: Query Value"
"7:12:28.0791762 PM","ctfmon.exe","3980","RegQueryValue","HKLM\SOFTWARE\Microsoft\Input\Settings\is_0\AUTOAPOSTROPHE","SUCCESS","Type: REG_DWORD, Length: 4, Data: 1"
"7:12:28.0791844 PM","ctfmon.exe","3980","RegCloseKey","HKLM\SOFTWARE\Microsoft\Input\Settings\is_0","SUCCESS",""
"7:12:28.0791921 PM","ctfmon.exe","3980","RegCloseKey","HKLM\SOFTWARE\Microsoft\Input\Settings","SUCCESS",""
"7:12:28.0792420 PM","ctfmon.exe","3980","RegQueryKey","HKLM","SUCCESS","Query: HandleTags, HandleTags: 0x0"
"7:12:28.0792597 PM","ctfmon.exe","3980","RegOpenKey","HKLM\Software\Microsoft\Input\Settings","SUCCESS","Desired Access: Read"
"7:12:28.0792644 PM","Explorer.EXE","4184","CreateFile","C:\Users\12220186\AppData\Local\Microsoft\Windows\Explorer","SUCCESS","Desired Access: Synchronize, Disposition: Open, Options: Directory, Synchronous IO Non-Alert, Open For Free Space Query, Attributes: n/a, ShareMode: None, AllocationSize: n/a, OpenResult: Opened"
"7:12:28.0792830 PM","ctfmon.exe","3980","RegQueryKey","HKCU","SUCCESS","Query: HandleTags, HandleTags: 0x0"
"7:12:28.0792942 PM","Explorer.EXE","4184","QuerySizeInformationVolume","C:\Users\12220186\AppData\Local\Microsoft\Windows\Explorer","SUCCESS","TotalAllocationUnits: 20,801,075, AvailableAllocationUnits: 13,698,612, SectorsPerAllocationUnit: 8, BytesPerSector: 512"
"7:12:28.0792958 PM","ctfmon.exe","3980","RegOpenKey","HKCU\Software\Microsoft\Input\Settings","NAME NOT FOUND","Desired Access: Read"
"7:12:28.0793047 PM","Explorer.EXE","4184","CloseFile","C:\Users\12220186\AppData\Local\Microsoft\Windows\Explorer","SUCCESS",""
"7:12:28.0793614 PM","ctfmon.exe","3980","RegQueryKey","HKLM\SOFTWARE\Microsoft\Input\Settings","SUCCESS","Query: HandleTags, HandleTags: 0x0"
"7:12:28.0793698 PM","Explorer.EXE","4184","IRP_MJ_CLOSE","C:\Users\12220186\AppData\Local\Microsoft\Windows\Explorer","SUCCESS",""
"7:12:28.0793810 PM","ctfmon.exe","3980","RegOpenKey","HKLM\SOFTWARE\Microsoft\Input\Settings\proc_1\loc_0409\im_1","SUCCESS","Desired Access: Query Value"
"7:12:28.0794001 PM","ctfmon.exe","3980","RegQueryValue","HKLM\SOFTWARE\Microsoft\Input\Settings\proc_1\loc_0409\im_1\AUTOCORRECTION","SUCCESS","Type: REG_DWORD, Length: 4, Data: 1"
"7:12:28.0794119 PM","ctfmon.exe","3980","RegCloseKey","HKLM\SOFTWARE\Microsoft\Input\Settings\proc_1\loc_0409\im_1","SUCCESS",""
"7:12:28.0794204 PM","ctfmon.exe","3980","RegCloseKey","HKLM\SOFTWARE\Microsoft\Input\Settings","SUCCESS",""
"7:12:28.0794691 PM","ctfmon.exe","3980","RegQueryKey","HKLM","SUCCESS","Query: HandleTags, HandleTags: 0x0"
"7:12:28.0794785 PM","ctfmon.exe","3980","RegOpenKey","HKLM\Software\Microsoft\Input\Settings","SUCCESS","Desired Access: Read"
"7:12:28.0794914 PM","ctfmon.exe","3980","RegQueryKey","HKCU","SUCCESS","Query: HandleTags, HandleTags: 0x0"
"7:12:28.0795009 PM","ctfmon.exe","3980","RegOpenKey","HKCU\Software\Microsoft\Input\Settings","NAME NOT FOUND","Desired Access: Read"
"7:12:28.0795181 PM","ctfmon.exe","3980","RegQueryKey","HKLM\SOFTWARE\Microsoft\Input\Settings","SUCCESS","Query: HandleTags, HandleTags: 0x0"
"7:12:28.0795324 PM","ctfmon.exe","3980","RegOpenKey","HKLM\SOFTWARE\Microsoft\Input\Settings\is_0\loc_0409","NAME NOT FOUND","Desired Access: Query Value"
"7:12:28.0795473 PM","ctfmon.exe","3980","RegQueryKey","HKLM\SOFTWARE\Microsoft\Input\Settings","SUCCESS","Query: HandleTags, HandleTags: 0x0"
"7:12:28.0795880 PM","ctfmon.exe","3980","RegOpenKey","HKLM\SOFTWARE\Microsoft\Input\Settings\is_0","SUCCESS","Desired Access: Query Value"
"7:12:28.0795991 PM","ctfmon.exe","3980","RegQueryValue","HKLM\SOFTWARE\Microsoft\Input\Settings\is_0\AUTOACCENT","SUCCESS","Type: REG_DWORD, Length: 4, Data: 1"
"7:12:28.0796091 PM","ctfmon.exe","3980","RegCloseKey","HKLM\SOFTWARE\Microsoft\Input\Settings\is_0","SUCCESS",""
"7:12:28.0796171 PM","ctfmon.exe","3980","RegCloseKey","HKLM\SOFTWARE\Microsoft\Input\Settings","SUCCESS",""
"7:12:28.0796595 PM","ctfmon.exe","3980","RegQueryKey","HKLM","SUCCESS","Query: HandleTags, HandleTags: 0x0"
"7:12:28.0796726 PM","ctfmon.exe","3980","RegOpenKey","HKLM\Software\Microsoft\Input\Settings","SUCCESS","Desired Access: Read"
"7:12:28.0796863 PM","ctfmon.exe","3980","RegQueryKey","HKCU","SUCCESS","Query: HandleTags, HandleTags: 0x0"
"7:12:28.0797306 PM","ctfmon.exe","3980","RegOpenKey","HKCU\Software\Microsoft\Input\Settings","NAME NOT FOUND","Desired Access: Read"
"7:12:28.0797458 PM","ctfmon.exe","3980","RegQueryKey","HKLM\SOFTWARE\Microsoft\Input\Settings","SUCCESS","Query: HandleTags, HandleTags: 0x0"
"7:12:28.0797533 PM","ctfmon.exe","3980","RegOpenKey","HKLM\SOFTWARE\Microsoft\Input\Settings\proc_1\loc_0409\im_1","SUCCESS","Desired Access: Query Value"
"7:12:28.0797586 PM","Procmon64.exe","1132","RegOpenKey","HKLM\Software\Microsoft\LanguageOverlay\OverlayPackages\en-US","NAME NOT FOUND","Desired Access: Read"
"7:12:28.0797643 PM","ctfmon.exe","3980","RegQueryValue","HKLM\SOFTWARE\Microsoft\Input\Settings\proc_1\loc_0409\im_1\AUTOCORRECTION","SUCCESS","Type: REG_DWORD, Length: 4, Data: 1"
"7:12:28.0797741 PM","ctfmon.exe","3980","RegCloseKey","HKLM\SOFTWARE\Microsoft\Input\Settings\proc_1\loc_0409\im_1","SUCCESS",""
"7:12:28.0798132 PM","ctfmon.exe","3980","RegCloseKey","HKLM\SOFTWARE\Microsoft\Input\Settings","SUCCESS",""
"7:12:28.0798213 PM","ctfmon.exe","3980","RegQueryKey","HKLM","SUCCESS","Query: HandleTags, HandleTags: 0x0"
"7:12:28.0798294 PM","ctfmon.exe","3980","RegOpenKey","HKLM\Software\Microsoft\Input\Settings","SUCCESS","Desired Access: Read"
"7:12:28.0798411 PM","ctfmon.exe","3980","RegQueryKey","HKCU","SUCCESS","Query: HandleTags, HandleTags: 0x0"
"7:12:28.0798487 PM","ctfmon.exe","3980","RegOpenKey","HKCU\Software\Microsoft\Input\Settings","NAME NOT FOUND","Desired Access: Read"
"7:12:28.0798495 PM","Procmon64.exe","1132","CreateFile","C:\Windows\System32\en-US\ntdll.dll.mui","SUCCESS","Desired Access: Read Data/List Directory, Synchronize, Disposition: Open, Options: Synchronous IO Non-Alert, Non-Directory File, Attributes: n/a, ShareMode: Read, Delete, AllocationSize: n/a, OpenResult: Opened"
"7:12:28.0798613 PM","ctfmon.exe","3980","RegQueryKey","HKLM\SOFTWARE\Microsoft\Input\Settings","SUCCESS","Query: HandleTags, HandleTags: 0x0"
"7:12:28.0798867 PM","Procmon64.exe","1132","ReadFile","C:\$Mft","SUCCESS","Offset: 39,165,952, Length: 4,096, I/O Flags: Non-cached, Paging I/O, Synchronous Paging I/O, Priority: Normal"
"7:12:28.0798999 PM","ctfmon.exe","3980","RegOpenKey","HKLM\SOFTWARE\Microsoft\Input\Settings\is_0\loc_0409","NAME NOT FOUND","Desired Access: Query Value"
"7:12:28.0799146 PM","ctfmon.exe","3980","RegQueryKey","HKLM\SOFTWARE\Microsoft\Input\Settings","SUCCESS","Query: HandleTags, HandleTags: 0x0"
"7:12:28.0799223 PM","ctfmon.exe","3980","RegOpenKey","HKLM\SOFTWARE\Microsoft\Input\Settings\is_0","SUCCESS","Desired Access: Query Value"
"7:12:28.0799327 PM","ctfmon.exe","3980","RegQueryValue","HKLM\SOFTWARE\Microsoft\Input\Settings\is_0\AUTOCORRECTFIRSTWORD","NAME NOT FOUND","Length: 144"
"7:12:28.0799426 PM","ctfmon.exe","3980","RegCloseKey","HKLM\SOFTWARE\Microsoft\Input\Settings\is_0","SUCCESS",""
"7:12:28.0799502 PM","ctfmon.exe","3980","RegQueryValue","HKLM\SOFTWARE\Microsoft\Input\Settings\AUTOCORRECTFIRSTWORD","SUCCESS","Type: REG_DWORD, Length: 4, Data: 1"
"7:12:28.0799979 PM","Explorer.EXE","4184","QueryStandardInformationFile","C:\Users\12220186\AppData\Local\Microsoft\Windows\Explorer\iconcache_idx.db","SUCCESS","AllocationSize: 32,768, EndOfFile: 29,232, NumberOfLinks: 1, DeletePending: False, Directory: False"
"7:12:28.0800031 PM","ctfmon.exe","3980","RegCloseKey","HKLM\SOFTWARE\Microsoft\Input\Settings","SUCCESS",""
"7:12:28.0800136 PM","ctfmon.exe","3980","RegQueryKey","HKLM","SUCCESS","Query: HandleTags, HandleTags: 0x0"
"7:12:28.0800222 PM","ctfmon.exe","3980","RegOpenKey","HKLM\Software\Microsoft\Input\Settings","SUCCESS","Desired Access: Read"
"7:12:28.0800346 PM","ctfmon.exe","3980","RegQueryKey","HKCU","SUCCESS","Query: HandleTags, HandleTags: 0x0"
"7:12:28.0800432 PM","ctfmon.exe","3980","RegOpenKey","HKCU\Software\Microsoft\Input\Settings","NAME NOT FOUND","Desired Access: Read"
"7:12:28.0800548 PM","ctfmon.exe","3980","RegQueryKey","HKLM\SOFTWARE\Microsoft\Input\Settings","SUCCESS","Query: HandleTags, HandleTags: 0x0"
"7:12:28.0801077 PM","Explorer.EXE","4184","RegQueryKey","HKCU\Software\Classes","SUCCESS","Query: Name"
"7:12:28.0801222 PM","ctfmon.exe","3980","RegOpenKey","HKLM\SOFTWARE\Microsoft\Input\Settings\proc_1\loc_0409\im_1","SUCCESS","Desired Access: Query Value"
"7:12:28.0801253 PM","Explorer.EXE","4184","RegQueryKey","HKCU\Software\Classes","SUCCESS","Query: HandleTags, HandleTags: 0x0"
"7:12:28.0801323 PM","Explorer.EXE","4184","RegQueryKey","HKCU\Software\Classes","SUCCESS","Query: HandleTags, HandleTags: 0x0"
"7:12:28.0801350 PM","ctfmon.exe","3980","RegQueryValue","HKLM\SOFTWARE\Microsoft\Input\Settings\proc_1\loc_0409\im_1\EMOJISUGGESTION","SUCCESS","Type: REG_DWORD, Length: 4, Data: 1"
"7:12:28.0801409 PM","Explorer.EXE","4184","RegOpenKey","HKCU\Software\Classes\CLSID\{317D06E8-5F24-433D-BDF7-79CE68D8ABC2}","NAME NOT FOUND","Desired Access: Read"
"7:12:28.0801781 PM","ctfmon.exe","3980","RegCloseKey","HKLM\SOFTWARE\Microsoft\Input\Settings\proc_1\loc_0409\im_1","SUCCESS",""
"7:12:28.0802118 PM","ctfmon.exe","3980","RegCloseKey","HKLM\SOFTWARE\Microsoft\Input\Settings","SUCCESS",""
"7:12:28.0802132 PM","Explorer.EXE","4184","RegOpenKey","HKCR\CLSID\{317D06E8-5F24-433D-BDF7-79CE68D8ABC2}","SUCCESS","Desired Access: Read"
"7:12:28.0802318 PM","ctfmon.exe","3980","RegQueryKey","HKLM","SUCCESS","Query: HandleTags, HandleTags: 0x0"
"7:12:28.0802428 PM","ctfmon.exe","3980","RegOpenKey","HKLM\Software\Microsoft\Input\Settings","SUCCESS","Desired Access: Read"
"7:12:28.0802582 PM","ctfmon.exe","3980","RegQueryKey","HKCU","SUCCESS","Query: HandleTags, HandleTags: 0x0"
"7:12:28.0802654 PM","ctfmon.exe","3980","RegOpenKey","HKCU\Software\Microsoft\Input\Settings","NAME NOT FOUND","Desired Access: Read"
"7:12:28.0804240 PM","Procmon64.exe","1132","CreateFileMapping","C:\Windows\System32\en-US\ntdll.dll.mui","FILE LOCKED WITH ONLY READERS","SyncType: SyncTypeCreateSection, PageProtection: PAGE_EXECUTE_READWRITE|PAGE_NOCACHE"
"7:12:28.0804362 PM","Procmon64.exe","1132","QueryStandardInformationFile","C:\Windows\System32\en-US\ntdll.dll.mui","SUCCESS","AllocationSize: 462,848, EndOfFile: 461,312, NumberOfLinks: 4, DeletePending: False, Directory: False"
"7:12:28.0804451 PM","Procmon64.exe","1132","FASTIO_RELEASE_FOR_SECTION_SYNCHRONIZATION","C:\Windows\System32\en-US\ntdll.dll.mui","SUCCESS",""
"7:12:28.0804527 PM","Procmon64.exe","1132","CreateFileMapping","C:\Windows\System32\en-US\ntdll.dll.mui","SUCCESS","SyncType: SyncTypeOther"
"7:12:28.0804579 PM","Procmon64.exe","1132","FASTIO_RELEASE_FOR_SECTION_SYNCHRONIZATION","C:\Windows\System32\en-US\ntdll.dll.mui","SUCCESS",""
"7:12:28.0805051 PM","Procmon64.exe","1132","ReadFile","C:\Windows\System32\en-US\ntdll.dll.mui","SUCCESS","Offset: 0, Length: 32,768, I/O Flags: Non-cached, Paging I/O, Synchronous Paging I/O, Priority: Normal"
"7:12:28.0805556 PM","Explorer.EXE","4184","ReadFile","C:\Windows\System32\TaskFlowDataEngine.dll","SUCCESS","Offset: 1,401,344, Length: 16,384, I/O Flags: Non-cached, Paging I/O, Synchronous Paging I/O, Priority: Normal"
"7:12:28.0806031 PM","Explorer.EXE","4184","RegQueryKey","HKCR\CLSID\{317D06E8-5F24-433D-BDF7-79CE68D8ABC2}","SUCCESS","Query: Name"
"7:12:28.0806706 PM","Explorer.EXE","4184","RegQueryKey","HKCR\CLSID\{317D06E8-5F24-433D-BDF7-79CE68D8ABC2}","SUCCESS","Query: HandleTags, HandleTags: 0x0"
"7:12:28.0806824 PM","ctfmon.exe","3980","RegQueryKey","HKLM\SOFTWARE\Microsoft\Input\Settings","SUCCESS","Query: HandleTags, HandleTags: 0x0"
"7:12:28.0806888 PM","Explorer.EXE","4184","RegOpenKey","HKCU\Software\Classes\CLSID\{317D06E8-5F24-433D-BDF7-79CE68D8ABC2}\TreatAs","NAME NOT FOUND","Desired Access: Query Value"
"7:12:28.0806951 PM","ctfmon.exe","3980","RegOpenKey","HKLM\SOFTWARE\Microsoft\Input\Settings\is_0\loc_0409","NAME NOT FOUND","Desired Access: Query Value"
"7:12:28.0807024 PM","Explorer.EXE","4184","RegQueryKey","HKCR\CLSID\{317D06E8-5F24-433D-BDF7-79CE68D8ABC2}","SUCCESS","Query: HandleTags, HandleTags: 0x0"
"7:12:28.0807084 PM","ctfmon.exe","3980","RegQueryKey","HKLM\SOFTWARE\Microsoft\Input\Settings","SUCCESS","Query: HandleTags, HandleTags: 0x0"
"7:12:28.0807545 PM","Explorer.EXE","4184","RegOpenKey","HKCR\CLSID\{317D06E8-5F24-433D-BDF7-79CE68D8ABC2}\TreatAs","NAME NOT FOUND","Desired Access: Query Value"
"7:12:28.0807649 PM","ctfmon.exe","3980","RegOpenKey","HKLM\SOFTWARE\Microsoft\Input\Settings\is_0","SUCCESS","Desired Access: Query Value"
"7:12:28.0807734 PM","Explorer.EXE","4184","RegQueryKey","HKCR\CLSID\{317D06E8-5F24-433D-BDF7-79CE68D8ABC2}","SUCCESS","Query: Name"
"7:12:28.0807794 PM","ctfmon.exe","3980","RegQueryValue","HKLM\SOFTWARE\Microsoft\Input\Settings\is_0\EMOJISUGGESTION","SUCCESS","Type: REG_DWORD, Length: 4, Data: 1"
"7:12:28.0807891 PM","Explorer.EXE","4184","RegQueryKey","HKCR\CLSID\{317D06E8-5F24-433D-BDF7-79CE68D8ABC2}","SUCCESS","Query: Name"
"7:12:28.0807916 PM","ctfmon.exe","3980","RegCloseKey","HKLM\SOFTWARE\Microsoft\Input\Settings\is_0","SUCCESS",""
"7:12:28.0808306 PM","Explorer.EXE","4184","RegQueryKey","HKCR\CLSID\{317D06E8-5F24-433D-BDF7-79CE68D8ABC2}","SUCCESS","Query: HandleTags, HandleTags: 0x0"
"7:12:28.0808411 PM","ctfmon.exe","3980","RegCloseKey","HKLM\SOFTWARE\Microsoft\Input\Settings","SUCCESS",""
"7:12:28.0808448 PM","Explorer.EXE","4184","RegOpenKey","HKCU\Software\Classes\CLSID\{317D06E8-5F24-433D-BDF7-79CE68D8ABC2}","NAME NOT FOUND","Desired Access: Maximum Allowed"
"7:12:28.0808521 PM","ctfmon.exe","3980","RegQueryKey","HKLM","SUCCESS","Query: HandleTags, HandleTags: 0x0"
"7:12:28.0808556 PM","Explorer.EXE","4184","RegQueryValue","HKCR\CLSID\{317D06E8-5F24-433D-BDF7-79CE68D8ABC2}\ActivateOnHostFlags","NAME NOT FOUND","Length: 16"
"7:12:28.0808607 PM","ctfmon.exe","3980","RegOpenKey","HKLM\Software\Microsoft\Input\Settings","SUCCESS","Desired Access: Read"
"7:12:28.0808638 PM","Explorer.EXE","4184","RegQueryKey","HKCR\CLSID\{317D06E8-5F24-433D-BDF7-79CE68D8ABC2}","SUCCESS","Query: Name"
"7:12:28.0809169 PM","Explorer.EXE","4184","RegQueryKey","HKCR\CLSID\{317D06E8-5F24-433D-BDF7-79CE68D8ABC2}","SUCCESS","Query: HandleTags, HandleTags: 0x0"
"7:12:28.0809203 PM","ctfmon.exe","3980","RegQueryKey","HKCU","SUCCESS","Query: HandleTags, HandleTags: 0x0"
"7:12:28.0809361 PM","ctfmon.exe","3980","RegOpenKey","HKCU\Software\Microsoft\Input\Settings","NAME NOT FOUND","Desired Access: Read"
"7:12:28.0809539 PM","ctfmon.exe","3980","RegQueryKey","HKLM\SOFTWARE\Microsoft\Input\Settings","SUCCESS","Query: HandleTags, HandleTags: 0x0"
"7:12:28.0809621 PM","ctfmon.exe","3980","RegOpenKey","HKLM\SOFTWARE\Microsoft\Input\Settings\proc_1\loc_0409\im_1","SUCCESS","Desired Access: Query Value"
"7:12:28.0809742 PM","ctfmon.exe","3980","RegQueryValue","HKLM\SOFTWARE\Microsoft\Input\Settings\proc_1\loc_0409\im_1\EMOJISUGGESTION","SUCCESS","Type: REG_DWORD, Length: 4, Data: 1"
"7:12:28.0810197 PM","ctfmon.exe","3980","RegCloseKey","HKLM\SOFTWARE\Microsoft\Input\Settings\proc_1\loc_0409\im_1","SUCCESS",""
"7:12:28.0810298 PM","ctfmon.exe","3980","RegCloseKey","HKLM\SOFTWARE\Microsoft\Input\Settings","SUCCESS",""
"7:12:28.0810436 PM","ctfmon.exe","3980","RegQueryKey","HKLM","SUCCESS","Query: HandleTags, HandleTags: 0x0"
"7:12:28.0810598 PM","ctfmon.exe","3980","RegOpenKey","HKLM\Software\Microsoft\Input\Settings","SUCCESS","Desired Access: Read"
"7:12:28.0810798 PM","ctfmon.exe","3980","RegQueryKey","HKCU","SUCCESS","Query: HandleTags, HandleTags: 0x0"
"7:12:28.0810836 PM","svchost.exe","2772","ReadFile","C:\Windows\System32\cdp.dll","SUCCESS","Offset: 4,679,168, Length: 16,384, I/O Flags: Non-cached, Paging I/O, Synchronous Paging I/O, Priority: Normal"
"7:12:28.0810879 PM","ctfmon.exe","3980","RegOpenKey","HKCU\Software\Microsoft\Input\Settings","NAME NOT FOUND","Desired Access: Read"
"7:12:28.0811414 PM","ctfmon.exe","3980","RegQueryKey","HKLM\SOFTWARE\Microsoft\Input\Settings","SUCCESS","Query: HandleTags, HandleTags: 0x0"
"7:12:28.0811600 PM","ctfmon.exe","3980","RegOpenKey","HKLM\SOFTWARE\Microsoft\Input\Settings\proc_1\loc_0409\im_1","SUCCESS","Desired Access: Query Value"
"7:12:28.0811636 PM","Explorer.EXE","4184","RegOpenKey","HKCU\Software\Classes\CLSID\{317D06E8-5F24-433D-BDF7-79CE68D8ABC2}","NAME NOT FOUND","Desired Access: Maximum Allowed"
"7:12:28.0811778 PM","ctfmon.exe","3980","RegQueryValue","HKLM\SOFTWARE\Microsoft\Input\Settings\proc_1\loc_0409\im_1\EMOJITRANSLATION","SUCCESS","Type: REG_DWORD, Length: 4, Data: 1"
"7:12:28.0811793 PM","Explorer.EXE","4184","RegQueryValue","HKCR\CLSID\{317D06E8-5F24-433D-BDF7-79CE68D8ABC2}\(Default)","NAME NOT FOUND","Length: 12"
"7:12:28.0811899 PM","Explorer.EXE","4184","RegQueryKey","HKCR\CLSID\{317D06E8-5F24-433D-BDF7-79CE68D8ABC2}","SUCCESS","Query: Name"
"7:12:28.0812819 PM","ctfmon.exe","3980","RegCloseKey","HKLM\SOFTWARE\Microsoft\Input\Settings\proc_1\loc_0409\im_1","SUCCESS",""
"7:12:28.0812955 PM","ctfmon.exe","3980","RegCloseKey","HKLM\SOFTWARE\Microsoft\Input\Settings","SUCCESS",""
"7:12:28.0813040 PM","ctfmon.exe","3980","RegQueryKey","HKLM","SUCCESS","Query: HandleTags, HandleTags: 0x0"
"7:12:28.0813132 PM","ctfmon.exe","3980","RegOpenKey","HKLM\Software\Microsoft\Input\Settings","SUCCESS","Desired Access: Read"
"7:12:28.0813261 PM","ctfmon.exe","3980","RegQueryKey","HKCU","SUCCESS","Query: HandleTags, HandleTags: 0x0"
"7:12:28.0813334 PM","ctfmon.exe","3980","RegOpenKey","HKCU\Software\Microsoft\Input\Settings","NAME NOT FOUND","Desired Access: Read"
"7:12:28.0813466 PM","ctfmon.exe","3980","RegQueryKey","HKLM\SOFTWARE\Microsoft\Input\Settings","SUCCESS","Query: HandleTags, HandleTags: 0x0"
"7:12:28.0813783 PM","Explorer.EXE","4184","RegQueryKey","HKCR\CLSID\{317D06E8-5F24-433D-BDF7-79CE68D8ABC2}","SUCCESS","Query: HandleTags, HandleTags: 0x0"
"7:12:28.0813803 PM","Procmon64.exe","1132","ReadFile","C:\Windows\System32\en-US\ntdll.dll.mui","SUCCESS","Offset: 430,080, Length: 31,232, I/O Flags: Non-cached, Paging I/O, Synchronous Paging I/O, Priority: Normal"
"7:12:28.0813959 PM","ctfmon.exe","3980","RegOpenKey","HKLM\SOFTWARE\Microsoft\Input\Settings\is_0\loc_0409","NAME NOT FOUND","Desired Access: Query Value"
"7:12:28.0814097 PM","ctfmon.exe","3980","RegQueryKey","HKLM\SOFTWARE\Microsoft\Input\Settings","SUCCESS","Query: HandleTags, HandleTags: 0x0"
"7:12:28.0814171 PM","ctfmon.exe","3980","RegOpenKey","HKLM\SOFTWARE\Microsoft\Input\Settings\is_0","SUCCESS","Desired Access: Query Value"
"7:12:28.0814269 PM","ctfmon.exe","3980","RegQueryValue","HKLM\SOFTWARE\Microsoft\Input\Settings\is_0\EMOJITRANSLATION","SUCCESS","Type: REG_DWORD, Length: 4, Data: 1"
"7:12:28.0814364 PM","ctfmon.exe","3980","RegCloseKey","HKLM\SOFTWARE\Microsoft\Input\Settings\is_0","SUCCESS",""
"7:12:28.0815109 PM","Explorer.EXE","4184","RegOpenKey","HKCU\Software\Classes\CLSID\{317D06E8-5F24-433D-BDF7-79CE68D8ABC2}\InprocServer32","NAME NOT FOUND","Desired Access: Read"
"7:12:28.0815307 PM","Explorer.EXE","4184","RegQueryKey","HKCR\CLSID\{317D06E8-5F24-433D-BDF7-79CE68D8ABC2}","SUCCESS","Query: HandleTags, HandleTags: 0x0"
"7:12:28.0815396 PM","Explorer.EXE","4184","RegOpenKey","HKCR\CLSID\{317D06E8-5F24-433D-BDF7-79CE68D8ABC2}\InprocServer32","SUCCESS","Desired Access: Read"
"7:12:28.0815756 PM","Explorer.EXE","4184","RegQueryKey","HKCR\CLSID\{317D06E8-5F24-433D-BDF7-79CE68D8ABC2}\InProcServer32","SUCCESS","Query: Name"
"7:12:28.0815874 PM","Explorer.EXE","4184","RegQueryKey","HKCR\CLSID\{317D06E8-5F24-433D-BDF7-79CE68D8ABC2}\InProcServer32","SUCCESS","Query: HandleTags, HandleTags: 0x0"
"7:12:28.0815982 PM","Explorer.EXE","4184","RegOpenKey","HKCU\Software\Classes\CLSID\{317D06E8-5F24-433D-BDF7-79CE68D8ABC2}\InProcServer32","NAME NOT FOUND","Desired Access: Maximum Allowed"
"7:12:28.0816410 PM","svchost.exe","2772","ReadFile","C:\Windows\System32\cdp.dll","SUCCESS","Offset: 4,625,920, Length: 16,384, I/O Flags: Non-cached, Paging I/O, Synchronous Paging I/O, Priority: Normal"
"7:12:28.0816618 PM","ctfmon.exe","3980","RegCloseKey","HKLM\SOFTWARE\Microsoft\Input\Settings","SUCCESS",""
"7:12:28.0816712 PM","ctfmon.exe","3980","RegQueryKey","HKLM","SUCCESS","Query: HandleTags, HandleTags: 0x0"
"7:12:28.0816800 PM","ctfmon.exe","3980","RegOpenKey","HKLM\Software\Microsoft\Input\Settings","SUCCESS","Desired Access: Read"
"7:12:28.0816929 PM","ctfmon.exe","3980","RegQueryKey","HKCU","SUCCESS","Query: HandleTags, HandleTags: 0x0"
"7:12:28.0816964 PM","Explorer.EXE","4184","RegQueryValue","HKCR\CLSID\{317D06E8-5F24-433D-BDF7-79CE68D8ABC2}\InProcServer32\InprocServer32","NAME NOT FOUND","Length: 12"
"7:12:28.0817085 PM","Explorer.EXE","4184","RegQueryKey","HKCR\CLSID\{317D06E8-5F24-433D-BDF7-79CE68D8ABC2}\InProcServer32","SUCCESS","Query: Name"
"7:12:28.0817422 PM","smss.exe","296","Process Profiling","","SUCCESS","User Time: 0.0000000 seconds, Kernel Time: 0.1718750 seconds, Private Bytes: 1,085,440, Working Set: 1,220,608"
"7:12:28.0817483 PM","ctfmon.exe","3980","RegOpenKey","HKCU\Software\Microsoft\Input\Settings","NAME NOT FOUND","Desired Access: Read"
"7:12:28.0817581 PM","Explorer.EXE","4184","QueryOpen","C:\Users\12220186\Downloads\ProcessMonitor\Procmon64.exe","FAST IO DISALLOWED",""
"7:12:28.0818205 PM","ctfmon.exe","3980","RegQueryKey","HKLM\SOFTWARE\Microsoft\Input\Settings","SUCCESS","Query: HandleTags, HandleTags: 0x0"
"7:12:28.0818318 PM","ctfmon.exe","3980","RegOpenKey","HKLM\SOFTWARE\Microsoft\Input\Settings\is_0\loc_0409","NAME NOT FOUND","Desired Access: Query Value"
"7:12:28.0818448 PM","ctfmon.exe","3980","RegQueryKey","HKLM\SOFTWARE\Microsoft\Input\Settings","SUCCESS","Query: HandleTags, HandleTags: 0x0"
"7:12:28.0818832 PM","ctfmon.exe","3980","RegOpenKey","HKLM\SOFTWARE\Microsoft\Input\Settings\is_0","SUCCESS","Desired Access: Query Value"
"7:12:28.0819215 PM","ctfmon.exe","3980","RegQueryValue","HKLM\SOFTWARE\Microsoft\Input\Settings\is_0\PRIVATE","SUCCESS","Type: REG_DWORD, Length: 4, Data: 0"
"7:12:28.0819349 PM","ctfmon.exe","3980","RegCloseKey","HKLM\SOFTWARE\Microsoft\Input\Settings\is_0","SUCCESS",""
"7:12:28.0819432 PM","ctfmon.exe","3980","RegCloseKey","HKLM\SOFTWARE\Microsoft\Input\Settings","SUCCESS",""
"7:12:28.0819519 PM","ctfmon.exe","3980","RegQueryKey","HKLM","SUCCESS","Query: HandleTags, HandleTags: 0x0"
"7:12:28.0819600 PM","ctfmon.exe","3980","RegOpenKey","HKLM\Software\Microsoft\Input\Settings","SUCCESS","Desired Access: Read"
"7:12:28.0819715 PM","ctfmon.exe","3980","RegQueryKey","HKCU","SUCCESS","Query: HandleTags, HandleTags: 0x0"
"7:12:28.0819990 PM","Explorer.EXE","4184","RegQueryKey","HKCR\CLSID\{317D06E8-5F24-433D-BDF7-79CE68D8ABC2}\InProcServer32","SUCCESS","Query: HandleTags, HandleTags: 0x0"
"7:12:28.0820003 PM","Procmon64.exe","1132","QueryOpen","C:\Windows\System32\ntdll.dll","FAST IO DISALLOWED",""
"7:12:28.0820159 PM","ctfmon.exe","3980","RegOpenKey","HKCU\Software\Microsoft\Input\Settings","NAME NOT FOUND","Desired Access: Read"
"7:12:28.0820292 PM","ctfmon.exe","3980","RegQueryKey","HKLM\SOFTWARE\Microsoft\Input\Settings","SUCCESS","Query: HandleTags, HandleTags: 0x0"
"7:12:28.0820361 PM","ctfmon.exe","3980","RegOpenKey","HKLM\SOFTWARE\Microsoft\Input\Settings\proc_1\loc_0409\im_1","SUCCESS","Desired Access: Query Value"
"7:12:28.0820475 PM","ctfmon.exe","3980","RegQueryValue","HKLM\SOFTWARE\Microsoft\Input\Settings\proc_1\loc_0409\im_1\AUTOCORRECTIONTRIGGERS","NAME NOT FOUND","Length: 144"
"7:12:28.0820546 PM","Procmon64.exe","1132","CreateFile","C:\Windows\System32\ntdll.dll","SUCCESS","Desired Access: Read Attributes, Disposition: Open, Options: Open Reparse Point, Attributes: n/a, ShareMode: Read, Write, Delete, AllocationSize: n/a, OpenResult: Opened"
"7:12:28.0820955 PM","ctfmon.exe","3980","RegCloseKey","HKLM\SOFTWARE\Microsoft\Input\Settings\proc_1\loc_0409\im_1","SUCCESS",""
"7:12:28.0821148 PM","ctfmon.exe","3980","RegQueryKey","HKLM\SOFTWARE\Microsoft\Input\Settings","SUCCESS","Query: HandleTags, HandleTags: 0x0"
"7:12:28.0821221 PM","Procmon64.exe","1132","QueryBasicInformationFile","C:\Windows\System32\ntdll.dll","SUCCESS","CreationTime: 12/4/2023 4:49:06 AM, LastAccessTime: 3/9/2026 5:08:37 PM, LastWriteTime: 12/4/2023 4:49:06 AM, ChangeTime: 3/10/2026 12:49:06 AM, FileAttributes: A"
"7:12:28.0821227 PM","ctfmon.exe","3980","RegOpenKey","HKLM\SOFTWARE\Microsoft\Input\Settings\proc_1\loc_0409","SUCCESS","Desired Access: Query Value"
"7:12:28.0821308 PM","Procmon64.exe","1132","CloseFile","C:\Windows\System32\ntdll.dll","SUCCESS",""
"7:12:28.0821329 PM","ctfmon.exe","3980","RegQueryValue","HKLM\SOFTWARE\Microsoft\Input\Settings\proc_1\loc_0409\AUTOCORRECTIONTRIGGERS","NAME NOT FOUND","Length: 144"
"7:12:28.0821408 PM","ctfmon.exe","3980","RegCloseKey","HKLM\SOFTWARE\Microsoft\Input\Settings\proc_1\loc_0409","SUCCESS",""
"7:12:28.0821742 PM","Procmon64.exe","1132","IRP_MJ_CLOSE","C:\Windows\System32\ntdll.dll","SUCCESS",""
"7:12:28.0821928 PM","ctfmon.exe","3980","RegQueryKey","HKLM\SOFTWARE\Microsoft\Input\Settings","SUCCESS","Query: HandleTags, HandleTags: 0x0"
"7:12:28.0822016 PM","ctfmon.exe","3980","RegOpenKey","HKLM\SOFTWARE\Microsoft\Input\Settings\proc_1","SUCCESS","Desired Access: Query Value"
"7:12:28.0822138 PM","ctfmon.exe","3980","RegQueryValue","HKLM\SOFTWARE\Microsoft\Input\Settings\proc_1\AUTOCORRECTIONTRIGGERS","SUCCESS","Type: REG_SZ, Length: 30, Data:  .,!?;:)""؟،؛।॥"
"7:12:28.0822245 PM","ctfmon.exe","3980","RegCloseKey","HKLM\SOFTWARE\Microsoft\Input\Settings\proc_1","SUCCESS",""
"7:12:28.0822320 PM","ctfmon.exe","3980","RegCloseKey","HKLM\SOFTWARE\Microsoft\Input\Settings","SUCCESS",""
"7:12:28.0822658 PM","ctfmon.exe","3980","RegQueryKey","HKLM","SUCCESS","Query: HandleTags, HandleTags: 0x0"
"7:12:28.0822782 PM","Procmon64.exe","1132","CreateFile","C:\Windows\System32\ntdll.dll","SUCCESS","Desired Access: Generic Read, Disposition: Open, Options: Synchronous IO Non-Alert, Non-Directory File, Attributes: n/a, ShareMode: Read, AllocationSize: n/a, OpenResult: Opened"
"7:12:28.0822788 PM","ctfmon.exe","3980","RegOpenKey","HKLM\Software\Microsoft\Input\Settings","SUCCESS","Desired Access: Read"
"7:12:28.0822923 PM","ctfmon.exe","3980","RegQueryKey","HKCU","SUCCESS","Query: HandleTags, HandleTags: 0x0"
"7:12:28.0822994 PM","ctfmon.exe","3980","RegOpenKey","HKCU\Software\Microsoft\Input\Settings","NAME NOT FOUND","Desired Access: Read"
"7:12:28.0823099 PM","Procmon64.exe","1132","CreateFileMapping","C:\Windows\System32\ntdll.dll","FILE LOCKED WITH ONLY READERS","SyncType: SyncTypeCreateSection, PageProtection: PAGE_EXECUTE_READWRITE|PAGE_NOCACHE"
"7:12:28.0823104 PM","ctfmon.exe","3980","RegQueryKey","HKLM\SOFTWARE\Microsoft\Input\Settings","SUCCESS","Query: HandleTags, HandleTags: 0x0"
"7:12:28.0823405 PM","ctfmon.exe","3980","RegOpenKey","HKLM\SOFTWARE\Microsoft\Input\Settings\proc_1\loc_0409\im_1","SUCCESS","Desired Access: Query Value"
"7:12:28.0823637 PM","Procmon64.exe","1132","QueryStandardInformationFile","C:\Windows\System32\ntdll.dll","SUCCESS","AllocationSize: 2,031,616, EndOfFile: 2,029,096, NumberOfLinks: 2, DeletePending: False, Directory: False"
"7:12:28.0823688 PM","ctfmon.exe","3980","RegQueryValue","HKLM\SOFTWARE\Microsoft\Input\Settings\proc_1\loc_0409\im_1\PERIODSHORTCUTCHARS","NAME NOT FOUND","Length: 144"
"7:12:28.0823713 PM","Procmon64.exe","1132","FASTIO_RELEASE_FOR_SECTION_SYNCHRONIZATION","C:\Windows\System32\ntdll.dll","SUCCESS",""
"7:12:28.0823785 PM","Procmon64.exe","1132","CreateFileMapping","C:\Windows\System32\ntdll.dll","SUCCESS","SyncType: SyncTypeOther"
"7:12:28.0823788 PM","ctfmon.exe","3980","RegCloseKey","HKLM\SOFTWARE\Microsoft\Input\Settings\proc_1\loc_0409\im_1","SUCCESS",""
"7:12:28.0823843 PM","Procmon64.exe","1132","FASTIO_RELEASE_FOR_SECTION_SYNCHRONIZATION","C:\Windows\System32\ntdll.dll","SUCCESS",""
"7:12:28.0824271 PM","Explorer.EXE","4184","RegOpenKey","HKCU\Software\Classes\CLSID\{317D06E8-5F24-433D-BDF7-79CE68D8ABC2}\InProcServer32","NAME NOT FOUND","Desired Access: Maximum Allowed"
"7:12:28.0824531 PM","Procmon64.exe","1132","ReadFile","C:\Windows\System32\ntdll.dll","SUCCESS","Offset: 0, Length: 32,768, I/O Flags: Non-cached, Paging I/O, Synchronous Paging I/O, Priority: Normal"
"7:12:28.0824700 PM","Explorer.EXE","4184","RegQueryValue","HKCR\CLSID\{317D06E8-5F24-433D-BDF7-79CE68D8ABC2}\InProcServer32\(Default)","BUFFER OVERFLOW","Length: 12"
"7:12:28.0824812 PM","Explorer.EXE","4184","RegQueryKey","HKCR\CLSID\{317D06E8-5F24-433D-BDF7-79CE68D8ABC2}\InProcServer32","SUCCESS","Query: Name"
"7:12:28.0824930 PM","Explorer.EXE","4184","CreateFile","C:\Users\12220186\Downloads\ProcessMonitor\Procmon64.exe","SUCCESS","Desired Access: Read Attributes, Disposition: Open, Options: Open Reparse Point, Attributes: n/a, ShareMode: Read, Write, Delete, AllocationSize: n/a, OpenResult: Opened"
"7:12:28.0824939 PM","Explorer.EXE","4184","RegQueryKey","HKCR\CLSID\{317D06E8-5F24-433D-BDF7-79CE68D8ABC2}\InProcServer32","SUCCESS","Query: HandleTags, HandleTags: 0x0"
"7:12:28.0825046 PM","Explorer.EXE","4184","RegOpenKey","HKCU\Software\Classes\CLSID\{317D06E8-5F24-433D-BDF7-79CE68D8ABC2}\InProcServer32","NAME NOT FOUND","Desired Access: Maximum Allowed"
"7:12:28.0825653 PM","svchost.exe","2772","ReadFile","C:\Windows\System32\cdpusersvc.dll","SUCCESS","Offset: 479,744, Length: 16,384, I/O Flags: Non-cached, Paging I/O, Synchronous Paging I/O, Priority: Normal"
"7:12:28.0825727 PM","ctfmon.exe","3980","RegQueryKey","HKLM\SOFTWARE\Microsoft\Input\Settings","SUCCESS","Query: HandleTags, HandleTags: 0x0"
"7:12:28.0825835 PM","ctfmon.exe","3980","RegOpenKey","HKLM\SOFTWARE\Microsoft\Input\Settings\proc_1\loc_0409","SUCCESS","Desired Access: Query Value"
"7:12:28.0825976 PM","ctfmon.exe","3980","RegQueryValue","HKLM\SOFTWARE\Microsoft\Input\Settings\proc_1\loc_0409\PERIODSHORTCUTCHARS","NAME NOT FOUND","Length: 144"
"7:12:28.0826071 PM","ctfmon.exe","3980","RegCloseKey","HKLM\SOFTWARE\Microsoft\Input\Settings\proc_1\loc_0409","SUCCESS",""
"7:12:28.0826158 PM","ctfmon.exe","3980","RegQueryKey","HKLM\SOFTWARE\Microsoft\Input\Settings","SUCCESS","Query: HandleTags, HandleTags: 0x0"
"7:12:28.0826233 PM","ctfmon.exe","3980","RegOpenKey","HKLM\SOFTWARE\Microsoft\Input\Settings\proc_1","SUCCESS","Desired Access: Query Value"
"7:12:28.0826665 PM","ctfmon.exe","3980","RegQueryValue","HKLM\SOFTWARE\Microsoft\Input\Settings\proc_1\PERIODSHORTCUTCHARS","SUCCESS","Type: REG_SZ, Length: 20, Data:  .,!?;:-।"
"7:12:28.0826782 PM","ctfmon.exe","3980","RegCloseKey","HKLM\SOFTWARE\Microsoft\Input\Settings\proc_1","SUCCESS",""
"7:12:28.0826858 PM","ctfmon.exe","3980","RegCloseKey","HKLM\SOFTWARE\Microsoft\Input\Settings","SUCCESS",""
"7:12:28.0826959 PM","ctfmon.exe","3980","RegQueryKey","HKLM","SUCCESS","Query: HandleTags, HandleTags: 0x0"
"7:12:28.0827043 PM","ctfmon.exe","3980","RegOpenKey","HKLM\Software\Microsoft\Input\Settings","SUCCESS","Desired Access: Read"
"7:12:28.0827152 PM","Explorer.EXE","4184","RegQueryValue","HKCR\CLSID\{317D06E8-5F24-433D-BDF7-79CE68D8ABC2}\InProcServer32\(Default)","SUCCESS","Type: REG_EXPAND_SZ, Length: 80, Data: %SystemRoot%\system32\windowscodecs.dll"
"7:12:28.0827533 PM","Explorer.EXE","4184","QueryBasicInformationFile","C:\Users\12220186\Downloads\ProcessMonitor\Procmon64.exe","SUCCESS","CreationTime: 6/20/2024 9:55:26 PM, LastAccessTime: 3/9/2026 7:12:28 PM, LastWriteTime: 3/9/2026 6:03:22 PM, ChangeTime: 3/9/2026 7:12:25 PM, FileAttributes: A"
"7:12:28.0827628 PM","ctfmon.exe","3980","RegQueryKey","HKCU","SUCCESS","Query: HandleTags, HandleTags: 0x0"
"7:12:28.0827741 PM","Explorer.EXE","4184","RegQueryKey","HKCR\CLSID\{317D06E8-5F24-433D-BDF7-79CE68D8ABC2}\InProcServer32","SUCCESS","Query: Name"
"7:12:28.0827768 PM","ctfmon.exe","3980","RegOpenKey","HKCU\Software\Microsoft\Input\Settings","NAME NOT FOUND","Desired Access: Read"
"7:12:28.0827896 PM","Explorer.EXE","4184","RegQueryKey","HKCR\CLSID\{317D06E8-5F24-433D-BDF7-79CE68D8ABC2}\InProcServer32","SUCCESS","Query: HandleTags, HandleTags: 0x0"
"7:12:28.0827937 PM","ctfmon.exe","3980","RegQueryKey","HKLM\SOFTWARE\Microsoft\Input\Settings","SUCCESS","Query: HandleTags, HandleTags: 0x0"
"7:12:28.0828345 PM","Explorer.EXE","4184","RegOpenKey","HKCU\Software\Classes\CLSID\{317D06E8-5F24-433D-BDF7-79CE68D8ABC2}\InProcServer32","NAME NOT FOUND","Desired Access: Maximum Allowed"
"7:12:28.0828587 PM","ctfmon.exe","3980","RegOpenKey","HKLM\SOFTWARE\Microsoft\Input\Settings\proc_1\loc_0409\im_1","SUCCESS","Desired Access: Query Value"
"7:12:28.0828801 PM","ctfmon.exe","3980","RegQueryValue","HKLM\SOFTWARE\Microsoft\Input\Settings\proc_1\loc_0409\im_1\COMMONEMOJITERMINATORS","NAME NOT FOUND","Length: 144"
"7:12:28.0828921 PM","ctfmon.exe","3980","RegCloseKey","HKLM\SOFTWARE\Microsoft\Input\Settings\proc_1\loc_0409\im_1","SUCCESS",""
"7:12:28.0829024 PM","ctfmon.exe","3980","RegQueryKey","HKLM\SOFTWARE\Microsoft\Input\Settings","SUCCESS","Query: HandleTags, HandleTags: 0x0"
"7:12:28.0829108 PM","ctfmon.exe","3980","RegOpenKey","HKLM\SOFTWARE\Microsoft\Input\Settings\proc_1\loc_0409","SUCCESS","Desired Access: Query Value"
"7:12:28.0829196 PM","ctfmon.exe","3980","RegQueryValue","HKLM\SOFTWARE\Microsoft\Input\Settings\proc_1\loc_0409\COMMONEMOJITERMINATORS","NAME NOT FOUND","Length: 144"
"7:12:28.0829899 PM","ctfmon.exe","3980","RegCloseKey","HKLM\SOFTWARE\Microsoft\Input\Settings\proc_1\loc_0409","SUCCESS",""
"7:12:28.0829995 PM","ctfmon.exe","3980","RegQueryKey","HKLM\SOFTWARE\Microsoft\Input\Settings","SUCCESS","Query: HandleTags, HandleTags: 0x0"
"7:12:28.0830084 PM","ctfmon.exe","3980","RegOpenKey","HKLM\SOFTWARE\Microsoft\Input\Settings\proc_1","SUCCESS","Desired Access: Query Value"
"7:12:28.0830191 PM","ctfmon.exe","3980","RegQueryValue","HKLM\SOFTWARE\Microsoft\Input\Settings\proc_1\COMMONEMOJITERMINATORS","SUCCESS","Type: REG_SZ, Length: 18, Data: )(][^\/|"
"7:12:28.0830284 PM","ctfmon.exe","3980","RegCloseKey","HKLM\SOFTWARE\Microsoft\Input\Settings\proc_1","SUCCESS",""
"7:12:28.0830352 PM","ctfmon.exe","3980","RegCloseKey","HKLM\SOFTWARE\Microsoft\Input\Settings","SUCCESS",""
"7:12:28.0830739 PM","ctfmon.exe","3980","RegQueryKey","HKLM","SUCCESS","Query: HandleTags, HandleTags: 0x0"
"7:12:28.0830821 PM","ctfmon.exe","3980","RegOpenKey","HKLM\Software\Microsoft\Input\Settings","SUCCESS","Desired Access: Read"
"7:12:28.0830947 PM","ctfmon.exe","3980","RegQueryKey","HKCU","SUCCESS","Query: HandleTags, HandleTags: 0x0"
"7:12:28.0831015 PM","ctfmon.exe","3980","RegOpenKey","HKCU\Software\Microsoft\Input\Settings","NAME NOT FOUND","Desired Access: Read"
"7:12:28.0831128 PM","ctfmon.exe","3980","RegQueryKey","HKLM\SOFTWARE\Microsoft\Input\Settings","SUCCESS","Query: HandleTags, HandleTags: 0x0"
"7:12:28.0831194 PM","ctfmon.exe","3980","RegOpenKey","HKLM\SOFTWARE\Microsoft\Input\Settings\proc_1\loc_0409\im_1","SUCCESS","Desired Access: Query Value"
"7:12:28.0831502 PM","ctfmon.exe","3980","RegQueryValue","HKLM\SOFTWARE\Microsoft\Input\Settings\proc_1\loc_0409\im_1\COMMONEMOJIPRETERMINATORS","NAME NOT FOUND","Length: 144"
"7:12:28.0831651 PM","ctfmon.exe","3980","RegCloseKey","HKLM\SOFTWARE\Microsoft\Input\Settings\proc_1\loc_0409\im_1","SUCCESS",""
"7:12:28.0831754 PM","ctfmon.exe","3980","RegQueryKey","HKLM\SOFTWARE\Microsoft\Input\Settings","SUCCESS","Query: HandleTags, HandleTags: 0x0"
"7:12:28.0831836 PM","ctfmon.exe","3980","RegOpenKey","HKLM\SOFTWARE\Microsoft\Input\Settings\proc_1\loc_0409","SUCCESS","Desired Access: Query Value"
"7:12:28.0831939 PM","ctfmon.exe","3980","RegQueryValue","HKLM\SOFTWARE\Microsoft\Input\Settings\proc_1\loc_0409\COMMONEMOJIPRETERMINATORS","NAME NOT FOUND","Length: 144"
"7:12:28.0832018 PM","ctfmon.exe","3980","RegCloseKey","HKLM\SOFTWARE\Microsoft\Input\Settings\proc_1\loc_0409","SUCCESS",""
"7:12:28.0832088 PM","ctfmon.exe","3980","RegQueryKey","HKLM\SOFTWARE\Microsoft\Input\Settings","SUCCESS","Query: HandleTags, HandleTags: 0x0"
"7:12:28.0832327 PM","Procmon64.exe","1132","CloseFile","C:\Windows\System32\ntdll.dll","SUCCESS",""
"7:12:28.0832455 PM","ctfmon.exe","3980","RegOpenKey","HKLM\SOFTWARE\Microsoft\Input\Settings\proc_1","SUCCESS","Desired Access: Query Value"
"7:12:28.0832580 PM","ctfmon.exe","3980","RegQueryValue","HKLM\SOFTWARE\Microsoft\Input\Settings\proc_1\COMMONEMOJIPRETERMINATORS","SUCCESS","Type: REG_SZ, Length: 14, Data: :;.-_="
"7:12:28.0832679 PM","ctfmon.exe","3980","RegCloseKey","HKLM\SOFTWARE\Microsoft\Input\Settings\proc_1","SUCCESS",""
"7:12:28.0832757 PM","ctfmon.exe","3980","RegCloseKey","HKLM\SOFTWARE\Microsoft\Input\Settings","SUCCESS",""
"7:12:28.0832817 PM","Procmon64.exe","1132","IRP_MJ_CLOSE","C:\Windows\System32\ntdll.dll","SUCCESS",""
"7:12:28.0832854 PM","ctfmon.exe","3980","RegQueryKey","HKLM","SUCCESS","Query: HandleTags, HandleTags: 0x0"
"7:12:28.0833381 PM","ctfmon.exe","3980","RegOpenKey","HKLM\Software\Microsoft\Input\Settings","SUCCESS","Desired Access: Read"
"7:12:28.0833517 PM","ctfmon.exe","3980","RegQueryKey","HKCU","SUCCESS","Query: HandleTags, HandleTags: 0x0"
"7:12:28.0833589 PM","ctfmon.exe","3980","RegOpenKey","HKCU\Software\Microsoft\Input\Settings","NAME NOT FOUND","Desired Access: Read"
"7:12:28.0833699 PM","ctfmon.exe","3980","RegQueryKey","HKLM\SOFTWARE\Microsoft\Input\Settings","SUCCESS","Query: HandleTags, HandleTags: 0x0"
"7:12:28.0833765 PM","ctfmon.exe","3980","RegOpenKey","HKLM\SOFTWARE\Microsoft\Input\Settings\proc_1\loc_0409\im_1","SUCCESS","Desired Access: Query Value"
"7:12:28.0833859 PM","ctfmon.exe","3980","RegQueryValue","HKLM\SOFTWARE\Microsoft\Input\Settings\proc_1\loc_0409\im_1\AUTOCORRECTSUPPRESSPREVCHARS","NAME NOT FOUND","Length: 144"
"7:12:28.0834245 PM","ctfmon.exe","3980","RegCloseKey","HKLM\SOFTWARE\Microsoft\Input\Settings\proc_1\loc_0409\im_1","SUCCESS",""
"7:12:28.0834316 PM","Procmon64.exe","1132","QueryOpen","C:\Windows\System32\kernel32.dll","FAST IO DISALLOWED",""
"7:12:28.0834351 PM","ctfmon.exe","3980","RegQueryKey","HKLM\SOFTWARE\Microsoft\Input\Settings","SUCCESS","Query: HandleTags, HandleTags: 0x0"
"7:12:28.0834432 PM","ctfmon.exe","3980","RegOpenKey","HKLM\SOFTWARE\Microsoft\Input\Settings\proc_1\loc_0409","SUCCESS","Desired Access: Query Value"
"7:12:28.0834540 PM","ctfmon.exe","3980","RegQueryValue","HKLM\SOFTWARE\Microsoft\Input\Settings\proc_1\loc_0409\AUTOCORRECTSUPPRESSPREVCHARS","NAME NOT FOUND","Length: 144"
"7:12:28.0834616 PM","ctfmon.exe","3980","RegCloseKey","HKLM\SOFTWARE\Microsoft\Input\Settings\proc_1\loc_0409","SUCCESS",""
"7:12:28.0834686 PM","ctfmon.exe","3980","RegQueryKey","HKLM\SOFTWARE\Microsoft\Input\Settings","SUCCESS","Query: HandleTags, HandleTags: 0x0"
"7:12:28.0835048 PM","ctfmon.exe","3980","RegOpenKey","HKLM\SOFTWARE\Microsoft\Input\Settings\proc_1","SUCCESS","Desired Access: Query Value"
"7:12:28.0835165 PM","ctfmon.exe","3980","RegQueryValue","HKLM\SOFTWARE\Microsoft\Input\Settings\proc_1\AUTOCORRECTSUPPRESSPREVCHARS","SUCCESS","Type: REG_SZ, Length: 10, Data: ./@\"
"7:12:28.0835269 PM","ctfmon.exe","3980","RegCloseKey","HKLM\SOFTWARE\Microsoft\Input\Settings\proc_1","SUCCESS",""
"7:12:28.0835342 PM","ctfmon.exe","3980","RegCloseKey","HKLM\SOFTWARE\Microsoft\Input\Settings","SUCCESS",""
"7:12:28.0835442 PM","ctfmon.exe","3980","RegQueryKey","HKLM","SUCCESS","Query: HandleTags, HandleTags: 0x0"
"7:12:28.0835513 PM","ctfmon.exe","3980","RegOpenKey","HKLM\Software\Microsoft\Input\Settings","SUCCESS","Desired Access: Read"
"7:12:28.0836410 PM","Explorer.EXE","4184","RegQueryValue","HKCR\CLSID\{317D06E8-5F24-433D-BDF7-79CE68D8ABC2}\InProcServer32\(Default)","SUCCESS","Type: REG_EXPAND_SZ, Length: 80, Data: %SystemRoot%\system32\windowscodecs.dll"
"7:12:28.0836541 PM","Explorer.EXE","4184","RegQueryKey","HKCR\CLSID\{317D06E8-5F24-433D-BDF7-79CE68D8ABC2}\InProcServer32","SUCCESS","Query: Name"
"7:12:28.0836568 PM","svchost.exe","2772","ReadFile","C:\Windows\System32\cdpusersvc.dll","SUCCESS","Offset: 471,552, Length: 8,192, I/O Flags: Non-cached, Paging I/O, Synchronous Paging I/O, Priority: Normal"
"7:12:28.0836654 PM","Explorer.EXE","4184","RegQueryKey","HKCR\CLSID\{317D06E8-5F24-433D-BDF7-79CE68D8ABC2}\InProcServer32","SUCCESS","Query: HandleTags, HandleTags: 0x0"
"7:12:28.0836781 PM","Explorer.EXE","4184","RegOpenKey","HKCU\Software\Classes\CLSID\{317D06E8-5F24-433D-BDF7-79CE68D8ABC2}\InProcServer32","NAME NOT FOUND","Desired Access: Maximum Allowed"
"7:12:28.0836887 PM","Explorer.EXE","4184","RegQueryValue","HKCR\CLSID\{317D06E8-5F24-433D-BDF7-79CE68D8ABC2}\InProcServer32\ThreadingModel","SUCCESS","Type: REG_SZ, Length: 10, Data: Both"
"7:12:28.0837042 PM","Explorer.EXE","4184","RegCloseKey","HKCR\CLSID\{317D06E8-5F24-433D-BDF7-79CE68D8ABC2}\InProcServer32","SUCCESS",""
"7:12:28.0837437 PM","Explorer.EXE","4184","RegQueryKey","HKCR\CLSID\{317D06E8-5F24-433D-BDF7-79CE68D8ABC2}","SUCCESS","Query: Name"
"7:12:28.0837546 PM","Explorer.EXE","4184","RegQueryKey","HKCR\CLSID\{317D06E8-5F24-433D-BDF7-79CE68D8ABC2}","SUCCESS","Query: HandleTags, HandleTags: 0x0"
"7:12:28.0837666 PM","Explorer.EXE","4184","RegOpenKey","HKCU\Software\Classes\CLSID\{317D06E8-5F24-433D-BDF7-79CE68D8ABC2}\InprocHandler32","NAME NOT FOUND","Desired Access: Query Value"
"7:12:28.0837766 PM","Explorer.EXE","4184","RegQueryKey","HKCR\CLSID\{317D06E8-5F24-433D-BDF7-79CE68D8ABC2}","SUCCESS","Query: HandleTags, HandleTags: 0x0"
"7:12:28.0837838 PM","Explorer.EXE","4184","RegOpenKey","HKCR\CLSID\{317D06E8-5F24-433D-BDF7-79CE68D8ABC2}\InprocHandler32","NAME NOT FOUND","Desired Access: Query Value"
"7:12:28.0837931 PM","Explorer.EXE","4184","RegQueryKey","HKCR\CLSID\{317D06E8-5F24-433D-BDF7-79CE68D8ABC2}","SUCCESS","Query: Name"
"7:12:28.0838343 PM","Explorer.EXE","4184","RegQueryKey","HKCR\CLSID\{317D06E8-5F24-433D-BDF7-79CE68D8ABC2}","SUCCESS","Query: HandleTags, HandleTags: 0x0"
"7:12:28.0838481 PM","Explorer.EXE","4184","RegOpenKey","HKCU\Software\Classes\CLSID\{317D06E8-5F24-433D-BDF7-79CE68D8ABC2}\InprocHandler","NAME NOT FOUND","Desired Access: Query Value"
"7:12:28.0838586 PM","Explorer.EXE","4184","RegQueryKey","HKCR\CLSID\{317D06E8-5F24-433D-BDF7-79CE68D8ABC2}","SUCCESS","Query: HandleTags, HandleTags: 0x0"
"7:12:28.0838656 PM","Explorer.EXE","4184","RegOpenKey","HKCR\CLSID\{317D06E8-5F24-433D-BDF7-79CE68D8ABC2}\InprocHandler","NAME NOT FOUND","Desired Access: Query Value"
"7:12:28.0838789 PM","Explorer.EXE","4184","RegCloseKey","HKCR\CLSID\{317D06E8-5F24-433D-BDF7-79CE68D8ABC2}","SUCCESS",""
"7:12:28.0839234 PM","svchost.exe","2128","LockFile","C:\ProgramData\Microsoft\Windows\AppRepository\StateRepository-Machine.srd-shm","SUCCESS","Exclusive: False, Offset: 123, Length: 1, Fail Immediately: True"
"7:12:28.0840246 PM","svchost.exe","2128","QueryStandardInformationFile","C:\ProgramData\Microsoft\Windows\AppRepository\StateRepository-Machine.srd","SUCCESS","AllocationSize: 3,145,728, EndOfFile: 3,145,728, NumberOfLinks: 1, DeletePending: False, Directory: False"
"7:12:28.0840361 PM","Explorer.EXE","4184","QueryStandardInformationFile","C:\Users\12220186\AppData\Local\Microsoft\Windows\Explorer\iconcache_32.db","SUCCESS","AllocationSize: 1,048,576, EndOfFile: 1,048,576, NumberOfLinks: 1, DeletePending: False, Directory: False"
"7:12:28.0840560 PM","svchost.exe","2128","UnlockFileSingle","C:\ProgramData\Microsoft\Windows\AppRepository\StateRepository-Machine.srd-shm","SUCCESS","Offset: 123, Length: 1"
"7:12:28.0840868 PM","Explorer.EXE","4184","QueryStandardInformationFile","C:\Users\12220186\AppData\Local\Microsoft\Windows\Explorer\iconcache_idx.db","SUCCESS","AllocationSize: 32,768, EndOfFile: 29,232, NumberOfLinks: 1, DeletePending: False, Directory: False"
"7:12:28.0840989 PM","Explorer.EXE","4184","QueryStandardInformationFile","C:\Users\12220186\AppData\Local\Microsoft\Windows\Explorer\iconcache_32.db","SUCCESS","AllocationSize: 1,048,576, EndOfFile: 1,048,576, NumberOfLinks: 1, DeletePending: False, Directory: False"
"7:12:28.0841060 PM","Explorer.EXE","4184","QueryStandardInformationFile","C:\Users\12220186\AppData\Local\Microsoft\Windows\Explorer\iconcache_32.db","SUCCESS","AllocationSize: 1,048,576, EndOfFile: 1,048,576, NumberOfLinks: 1, DeletePending: False, Directory: False"
"7:12:28.0842116 PM","svchost.exe","2772","LockFile","C:\Users\12220186\AppData\Local\ConnectedDevicesPlatform\L.12220186\ActivitiesCache.db-shm","SUCCESS","Exclusive: False, Offset: 124, Length: 1, Fail Immediately: True"
"7:12:28.0842602 PM","svchost.exe","2772","UnlockFileSingle","C:\Users\12220186\AppData\Local\ConnectedDevicesPlatform\L.12220186\ActivitiesCache.db-shm","SUCCESS","Offset: 124, Length: 1"
"7:12:28.0844336 PM","Procmon64.exe","1132","CreateFile","C:\Windows\System32\kernel32.dll","SUCCESS","Desired Access: Read Attributes, Disposition: Open, Options: Open Reparse Point, Attributes: n/a, ShareMode: Read, Write, Delete, AllocationSize: n/a, OpenResult: Opened"
"7:12:28.0844705 PM","ctfmon.exe","3980","RegQueryKey","HKCU","SUCCESS","Query: HandleTags, HandleTags: 0x0"
"7:12:28.0844819 PM","ctfmon.exe","3980","RegOpenKey","HKCU\Software\Microsoft\Input\Settings","NAME NOT FOUND","Desired Access: Read"
"7:12:28.0844844 PM","Procmon64.exe","1132","QueryBasicInformationFile","C:\Windows\System32\kernel32.dll","SUCCESS","CreationTime: 12/4/2023 4:49:29 AM, LastAccessTime: 3/9/2026 7:02:00 PM, LastWriteTime: 12/4/2023 4:49:29 AM, ChangeTime: 3/10/2026 12:49:06 AM, FileAttributes: A"
"7:12:28.0845337 PM","Procmon64.exe","1132","CloseFile","C:\Windows\System32\kernel32.dll","SUCCESS",""
"7:12:28.0845418 PM","ctfmon.exe","3980","RegQueryKey","HKLM\SOFTWARE\Microsoft\Input\Settings","SUCCESS","Query: HandleTags, HandleTags: 0x0"
"7:12:28.0845492 PM","Procmon64.exe","1132","IRP_MJ_CLOSE","C:\Windows\System32\kernel32.dll","SUCCESS",""
"7:12:28.0845515 PM","ctfmon.exe","3980","RegOpenKey","HKLM\SOFTWARE\Microsoft\Input\Settings\proc_1\loc_0409\im_1","SUCCESS","Desired Access: Query Value"
"7:12:28.0845660 PM","ctfmon.exe","3980","RegQueryValue","HKLM\SOFTWARE\Microsoft\Input\Settings\proc_1\loc_0409\im_1\TRANSLITERATIONSYMBOLS","NAME NOT FOUND","Length: 144"
"7:12:28.0845779 PM","ctfmon.exe","3980","RegCloseKey","HKLM\SOFTWARE\Microsoft\Input\Settings\proc_1\loc_0409\im_1","SUCCESS",""
"7:12:28.0845876 PM","ctfmon.exe","3980","RegQueryKey","HKLM\SOFTWARE\Microsoft\Input\Settings","SUCCESS","Query: HandleTags, HandleTags: 0x0"
"7:12:28.0846350 PM","Procmon64.exe","1132","RegOpenKey","HKLM\Software\Microsoft\LanguageOverlay\OverlayPackages\en-US","NAME NOT FOUND","Desired Access: Read"
"7:12:28.0846451 PM","ctfmon.exe","3980","RegOpenKey","HKLM\SOFTWARE\Microsoft\Input\Settings\proc_1\loc_0409","SUCCESS","Desired Access: Query Value"
"7:12:28.0846571 PM","ctfmon.exe","3980","RegQueryValue","HKLM\SOFTWARE\Microsoft\Input\Settings\proc_1\loc_0409\TRANSLITERATIONSYMBOLS","NAME NOT FOUND","Length: 144"
"7:12:28.0846671 PM","ctfmon.exe","3980","RegCloseKey","HKLM\SOFTWARE\Microsoft\Input\Settings\proc_1\loc_0409","SUCCESS",""
"7:12:28.0846768 PM","ctfmon.exe","3980","RegQueryKey","HKLM\SOFTWARE\Microsoft\Input\Settings","SUCCESS","Query: HandleTags, HandleTags: 0x0"
"7:12:28.0846848 PM","ctfmon.exe","3980","RegOpenKey","HKLM\SOFTWARE\Microsoft\Input\Settings\proc_1","SUCCESS","Desired Access: Query Value"
"7:12:28.0847205 PM","Procmon64.exe","1132","CreateFile","C:\Windows\System32\en-US\kernel32.dll.mui","SUCCESS","Desired Access: Read Data/List Directory, Synchronize, Disposition: Open, Options: Synchronous IO Non-Alert, Non-Directory File, Attributes: n/a, ShareMode: Read, Delete, AllocationSize: n/a, OpenResult: Opened"
"7:12:28.0847227 PM","ctfmon.exe","3980","RegQueryValue","HKLM\SOFTWARE\Microsoft\Input\Settings\proc_1\TRANSLITERATIONSYMBOLS","NAME NOT FOUND","Length: 144"
"7:12:28.0847343 PM","ctfmon.exe","3980","RegCloseKey","HKLM\SOFTWARE\Microsoft\Input\Settings\proc_1","SUCCESS",""
"7:12:28.0847419 PM","ctfmon.exe","3980","RegQueryValue","HKLM\SOFTWARE\Microsoft\Input\Settings\TRANSLITERATIONSYMBOLS","NAME NOT FOUND","Length: 144"
"7:12:28.0847668 PM","ctfmon.exe","3980","RegCloseKey","HKLM\SOFTWARE\Microsoft\Input\Settings","SUCCESS",""
"7:12:28.0847723 PM","Procmon64.exe","1132","CreateFileMapping","C:\Windows\System32\en-US\kernel32.dll.mui","FILE LOCKED WITH ONLY READERS","SyncType: SyncTypeCreateSection, PageProtection: PAGE_EXECUTE_READWRITE|PAGE_NOCACHE"
"7:12:28.0847764 PM","ctfmon.exe","3980","RegQueryKey","HKLM","SUCCESS","Query: HandleTags, HandleTags: 0x0"
"7:12:28.0848150 PM","Procmon64.exe","1132","QueryStandardInformationFile","C:\Windows\System32\en-US\kernel32.dll.mui","SUCCESS","AllocationSize: 1,011,712, EndOfFile: 1,010,688, NumberOfLinks: 2, DeletePending: False, Directory: False"
"7:12:28.0848234 PM","Procmon64.exe","1132","FASTIO_RELEASE_FOR_SECTION_SYNCHRONIZATION","C:\Windows\System32\en-US\kernel32.dll.mui","SUCCESS",""
"7:12:28.0848258 PM","ctfmon.exe","3980","RegOpenKey","HKLM\Software\Microsoft\Input\Settings","SUCCESS","Desired Access: Read"
"7:12:28.0848358 PM","Procmon64.exe","1132","CreateFileMapping","C:\Windows\System32\en-US\kernel32.dll.mui","SUCCESS","SyncType: SyncTypeOther"
"7:12:28.0848477 PM","ctfmon.exe","3980","RegQueryKey","HKCU","SUCCESS","Query: HandleTags, HandleTags: 0x0"
"7:12:28.0848514 PM","Procmon64.exe","1132","FASTIO_RELEASE_FOR_SECTION_SYNCHRONIZATION","C:\Windows\System32\en-US\kernel32.dll.mui","SUCCESS",""
"7:12:28.0848558 PM","ctfmon.exe","3980","RegOpenKey","HKCU\Software\Microsoft\Input\Settings","NAME NOT FOUND","Desired Access: Read"
"7:12:28.0848889 PM","ctfmon.exe","3980","RegQueryKey","HKLM\SOFTWARE\Microsoft\Input\Settings","SUCCESS","Query: HandleTags, HandleTags: 0x0"
"7:12:28.0849018 PM","ctfmon.exe","3980","RegOpenKey","HKLM\SOFTWARE\Microsoft\Input\Settings\proc_1\loc_0409\im_1","SUCCESS","Desired Access: Query Value"
"7:12:28.0849135 PM","ctfmon.exe","3980","RegQueryValue","HKLM\SOFTWARE\Microsoft\Input\Settings\proc_1\loc_0409\im_1\INPUTHISTORYGUID","NAME NOT FOUND","Length: 144"
"7:12:28.0849235 PM","ctfmon.exe","3980","RegCloseKey","HKLM\SOFTWARE\Microsoft\Input\Settings\proc_1\loc_0409\im_1","SUCCESS",""
"7:12:28.0849329 PM","ctfmon.exe","3980","RegQueryKey","HKLM\SOFTWARE\Microsoft\Input\Settings","SUCCESS","Query: HandleTags, HandleTags: 0x0"
"7:12:28.0849397 PM","ctfmon.exe","3980","RegOpenKey","HKLM\SOFTWARE\Microsoft\Input\Settings\proc_1\loc_0409","SUCCESS","Desired Access: Query Value"
"7:12:28.0849477 PM","ctfmon.exe","3980","RegQueryValue","HKLM\SOFTWARE\Microsoft\Input\Settings\proc_1\loc_0409\INPUTHISTORYGUID","NAME NOT FOUND","Length: 144"
"7:12:28.0849842 PM","Procmon64.exe","1132","QueryOpen","C:\Windows\System32\kernel32.dll","FAST IO DISALLOWED",""
"7:12:28.0849916 PM","ctfmon.exe","3980","RegCloseKey","HKLM\SOFTWARE\Microsoft\Input\Settings\proc_1\loc_0409","SUCCESS",""
"7:12:28.0850010 PM","ctfmon.exe","3980","RegQueryKey","HKLM\SOFTWARE\Microsoft\Input\Settings","SUCCESS","Query: HandleTags, HandleTags: 0x0"
"7:12:28.0850093 PM","ctfmon.exe","3980","RegOpenKey","HKLM\SOFTWARE\Microsoft\Input\Settings\proc_1","SUCCESS","Desired Access: Query Value"
"7:12:28.0850190 PM","ctfmon.exe","3980","RegQueryValue","HKLM\SOFTWARE\Microsoft\Input\Settings\proc_1\INPUTHISTORYGUID","NAME NOT FOUND","Length: 144"
"7:12:28.0850278 PM","ctfmon.exe","3980","RegCloseKey","HKLM\SOFTWARE\Microsoft\Input\Settings\proc_1","SUCCESS",""
"7:12:28.0850296 PM","Procmon64.exe","1132","CreateFile","C:\Windows\System32\kernel32.dll","SUCCESS","Desired Access: Read Attributes, Disposition: Open, Options: Open Reparse Point, Attributes: n/a, ShareMode: Read, Write, Delete, AllocationSize: n/a, OpenResult: Opened"
"7:12:28.0850711 PM","ctfmon.exe","3980","RegQueryValue","HKLM\SOFTWARE\Microsoft\Input\Settings\INPUTHISTORYGUID","NAME NOT FOUND","Length: 144"
"7:12:28.0850867 PM","ctfmon.exe","3980","RegCloseKey","HKLM\SOFTWARE\Microsoft\Input\Settings","SUCCESS",""
"7:12:28.0850899 PM","Procmon64.exe","1132","QueryBasicInformationFile","C:\Windows\System32\kernel32.dll","SUCCESS","CreationTime: 12/4/2023 4:49:29 AM, LastAccessTime: 3/9/2026 7:02:00 PM, LastWriteTime: 12/4/2023 4:49:29 AM, ChangeTime: 3/10/2026 12:49:06 AM, FileAttributes: A"
"7:12:28.0850977 PM","Procmon64.exe","1132","CloseFile","C:\Windows\System32\kernel32.dll","SUCCESS",""
"7:12:28.0851078 PM","Procmon64.exe","1132","IRP_MJ_CLOSE","C:\Windows\System32\kernel32.dll","SUCCESS",""
"7:12:28.0852049 PM","ctfmon.exe","3980","RegQueryKey","HKLM","SUCCESS","Query: HandleTags, HandleTags: 0x0"
"7:12:28.0852151 PM","ctfmon.exe","3980","RegOpenKey","HKLM\Software\Microsoft\Input\Locales\loc_0409","SUCCESS","Desired Access: Query Value"
"7:12:28.0852421 PM","Procmon64.exe","1132","CreateFile","C:\Windows\System32\kernel32.dll","SUCCESS","Desired Access: Generic Read, Disposition: Open, Options: Synchronous IO Non-Alert, Non-Directory File, Attributes: n/a, ShareMode: Read, AllocationSize: n/a, OpenResult: Opened"
"7:12:28.0852615 PM","ctfmon.exe","3980","RegQueryValue","HKLM\SOFTWARE\Microsoft\Input\Locales\loc_0409\UseFluency","SUCCESS","Type: REG_DWORD, Length: 4, Data: 2"
"7:12:28.0852732 PM","ctfmon.exe","3980","RegCloseKey","HKLM\SOFTWARE\Microsoft\Input\Locales\loc_0409","SUCCESS",""
"7:12:28.0852743 PM","Procmon64.exe","1132","CreateFileMapping","C:\Windows\System32\kernel32.dll","FILE LOCKED WITH ONLY READERS","SyncType: SyncTypeCreateSection, PageProtection: PAGE_EXECUTE_READWRITE|PAGE_NOCACHE"
"7:12:28.0852837 PM","Procmon64.exe","1132","QueryStandardInformationFile","C:\Windows\System32\kernel32.dll","SUCCESS","AllocationSize: 770,048, EndOfFile: 766,664, NumberOfLinks: 2, DeletePending: False, Directory: False"
"7:12:28.0852857 PM","ctfmon.exe","3980","RegQueryKey","HKLM","SUCCESS","Query: HandleTags, HandleTags: 0x0"
"7:12:28.0852901 PM","Procmon64.exe","1132","FASTIO_RELEASE_FOR_SECTION_SYNCHRONIZATION","C:\Windows\System32\kernel32.dll","SUCCESS",""
"7:12:28.0852939 PM","ctfmon.exe","3980","RegOpenKey","HKLM\Software\Microsoft\Input\Locales\loc_0409","SUCCESS","Desired Access: Query Value"
"7:12:28.0853317 PM","Procmon64.exe","1132","CreateFileMapping","C:\Windows\System32\kernel32.dll","SUCCESS","SyncType: SyncTypeOther"
"7:12:28.0853391 PM","Procmon64.exe","1132","FASTIO_RELEASE_FOR_SECTION_SYNCHRONIZATION","C:\Windows\System32\kernel32.dll","SUCCESS",""
"7:12:28.0853410 PM","ctfmon.exe","3980","RegQueryValue","HKLM\SOFTWARE\Microsoft\Input\Locales\loc_0409\Dictionary File","SUCCESS","Type: REG_SZ, Length: 34, Data: mssp7en-US.lex:1"
"7:12:28.0853517 PM","ctfmon.exe","3980","RegCloseKey","HKLM\SOFTWARE\Microsoft\Input\Locales\loc_0409","SUCCESS",""
"7:12:28.0853624 PM","ctfmon.exe","3980","RegQueryKey","HKLM","SUCCESS","Query: HandleTags, HandleTags: 0x0"
"7:12:28.0853702 PM","ctfmon.exe","3980","RegOpenKey","HKLM\Software\Microsoft\Input\Locales\loc_0409","SUCCESS","Desired Access: Query Value"
"7:12:28.0854008 PM","ctfmon.exe","3980","RegQueryValue","HKLM\SOFTWARE\Microsoft\Input\Locales\loc_0409\VersionUser","NAME NOT FOUND","Length: 16"
"7:12:28.0854157 PM","Procmon64.exe","1132","CloseFile","C:\Windows\System32\kernel32.dll","SUCCESS",""
"7:12:28.0854245 PM","ctfmon.exe","3980","RegCloseKey","HKLM\SOFTWARE\Microsoft\Input\Locales\loc_0409","SUCCESS",""
"7:12:28.0854308 PM","Procmon64.exe","1132","IRP_MJ_CLOSE","C:\Windows\System32\kernel32.dll","SUCCESS",""
"7:12:28.0854336 PM","ctfmon.exe","3980","RegQueryKey","HKLM","SUCCESS","Query: HandleTags, HandleTags: 0x0"
"7:12:28.0854478 PM","ctfmon.exe","3980","RegOpenKey","HKLM\Software\Microsoft\Input\Locales\loc_0409","SUCCESS","Desired Access: Query Value"
"7:12:28.0854588 PM","ctfmon.exe","3980","RegQueryValue","HKLM\SOFTWARE\Microsoft\Input\Locales\loc_0409\VersionOEM","SUCCESS","Type: REG_DWORD, Length: 4, Data: 1"
"7:12:28.0854886 PM","ctfmon.exe","3980","RegCloseKey","HKLM\SOFTWARE\Microsoft\Input\Locales\loc_0409","SUCCESS",""
"7:12:28.0855336 PM","Procmon64.exe","1132","QueryOpen","C:\Windows\System32\KernelBase.dll","FAST IO DISALLOWED",""
"7:12:28.0855747 PM","ctfmon.exe","3980","QueryOpen","C:\Windows\System32\en-US\mssp7en-US.lex","FAST IO DISALLOWED",""
"7:12:28.0856013 PM","Procmon64.exe","1132","CreateFile","C:\Windows\System32\KernelBase.dll","SUCCESS","Desired Access: Read Attributes, Disposition: Open, Options: Open Reparse Point, Attributes: n/a, ShareMode: Read, Write, Delete, AllocationSize: n/a, OpenResult: Opened"
"7:12:28.0856161 PM","Procmon64.exe","1132","QueryBasicInformationFile","C:\Windows\System32\KernelBase.dll","SUCCESS","CreationTime: 12/4/2023 4:49:07 AM, LastAccessTime: 3/9/2026 7:02:00 PM, LastWriteTime: 12/4/2023 4:49:07 AM, ChangeTime: 3/10/2026 12:49:06 AM, FileAttributes: A"
"7:12:28.0856199 PM","ctfmon.exe","3980","CreateFile","C:\Windows\System32\en-US\mssp7en-US.lex","NAME NOT FOUND","Desired Access: Read Attributes, Disposition: Open, Options: Open Reparse Point, Attributes: n/a, ShareMode: Read, Write, Delete, AllocationSize: n/a"
"7:12:28.0856233 PM","Procmon64.exe","1132","CloseFile","C:\Windows\System32\KernelBase.dll","SUCCESS",""
"7:12:28.0856337 PM","Procmon64.exe","1132","IRP_MJ_CLOSE","C:\Windows\System32\KernelBase.dll","SUCCESS",""
"7:12:28.0857198 PM","Procmon64.exe","1132","RegOpenKey","HKLM\Software\Microsoft\LanguageOverlay\OverlayPackages\en-US","NAME NOT FOUND","Desired Access: Read"
"7:12:28.0857945 PM","ctfmon.exe","3980","QueryOpen","C:\Windows\Globalization\ELS\SpellDictionaries\MsSp7en-US.lex","FAST IO DISALLOWED",""
"7:12:28.0858214 PM","Procmon64.exe","1132","CreateFile","C:\Windows\System32\en-US\KernelBase.dll.mui","SUCCESS","Desired Access: Read Data/List Directory, Synchronize, Disposition: Open, Options: Synchronous IO Non-Alert, Non-Directory File, Attributes: n/a, ShareMode: Read, Delete, AllocationSize: n/a, OpenResult: Opened"
"7:12:28.0858476 PM","ctfmon.exe","3980","CreateFile","C:\Windows\Globalization\ELS\SpellDictionaries\MsSp7en-US.lex","SUCCESS","Desired Access: Read Attributes, Disposition: Open, Options: Open Reparse Point, Attributes: n/a, ShareMode: Read, Write, Delete, AllocationSize: n/a, OpenResult: Opened"
"7:12:28.0858503 PM","Procmon64.exe","1132","CreateFileMapping","C:\Windows\System32\en-US\KernelBase.dll.mui","FILE LOCKED WITH ONLY READERS","SyncType: SyncTypeCreateSection, PageProtection: PAGE_EXECUTE_READWRITE|PAGE_NOCACHE"
"7:12:28.0858579 PM","Procmon64.exe","1132","QueryStandardInformationFile","C:\Windows\System32\en-US\KernelBase.dll.mui","SUCCESS","AllocationSize: 1,310,720, EndOfFile: 1,310,720, NumberOfLinks: 2, DeletePending: False, Directory: False"
"7:12:28.0858642 PM","Procmon64.exe","1132","FASTIO_RELEASE_FOR_SECTION_SYNCHRONIZATION","C:\Windows\System32\en-US\KernelBase.dll.mui","SUCCESS",""
"7:12:28.0859100 PM","ctfmon.exe","3980","QueryBasicInformationFile","C:\Windows\Globalization\ELS\SpellDictionaries\MsSp7en-US.lex","SUCCESS","CreationTime: 12/7/2019 11:52:01 AM, LastAccessTime: 3/9/2026 5:42:45 PM, LastWriteTime: 12/6/2019 6:33:00 PM, ChangeTime: 3/10/2026 1:47:50 AM, FileAttributes: A"
"7:12:28.0859125 PM","Procmon64.exe","1132","CreateFileMapping","C:\Windows\System32\en-US\KernelBase.dll.mui","SUCCESS","SyncType: SyncTypeOther"
"7:12:28.0859323 PM","ctfmon.exe","3980","CloseFile","C:\Windows\Globalization\ELS\SpellDictionaries\MsSp7en-US.lex","SUCCESS",""
"7:12:28.0859327 PM","Procmon64.exe","1132","FASTIO_RELEASE_FOR_SECTION_SYNCHRONIZATION","C:\Windows\System32\en-US\KernelBase.dll.mui","SUCCESS",""
"7:12:28.0859499 PM","ctfmon.exe","3980","IRP_MJ_CLOSE","C:\Windows\Globalization\ELS\SpellDictionaries\MsSp7en-US.lex","SUCCESS",""
"7:12:28.0859720 PM","ctfmon.exe","3980","RegQueryKey","HKLM","SUCCESS","Query: HandleTags, HandleTags: 0x0"
"7:12:28.0860118 PM","Procmon64.exe","1132","ReadFile","C:\Windows\System32\en-US\KernelBase.dll.mui","SUCCESS","Offset: 1,277,952, Length: 32,768, I/O Flags: Non-cached, Paging I/O, Synchronous Paging I/O, Priority: Normal"
"7:12:28.0860217 PM","ctfmon.exe","3980","RegOpenKey","HKLM\Software\Microsoft\Input\Locales\loc_0409","SUCCESS","Desired Access: Query Value"
"7:12:28.0860372 PM","ctfmon.exe","3980","RegQueryValue","HKLM\SOFTWARE\Microsoft\Input\Locales\loc_0409\Fluency Model Directory","SUCCESS","Type: REG_SZ, Length: 12, Data: en-US"
"7:12:28.0860487 PM","ctfmon.exe","3980","RegCloseKey","HKLM\SOFTWARE\Microsoft\Input\Locales\loc_0409","SUCCESS",""
"7:12:28.0861294 PM","ctfmon.exe","3980","QueryOpen","C:\Windows\system32\Fluency\en-US\.config","FAST IO DISALLOWED",""
"7:12:28.0861717 PM","ctfmon.exe","3980","CreateFile","C:\Windows\system32\Fluency\en-US\.config","PATH NOT FOUND","Desired Access: Read Attributes, Disposition: Open, Options: Open Reparse Point, Attributes: n/a, ShareMode: Read, Write, Delete, AllocationSize: n/a"
"7:12:28.0862859 PM","ctfmon.exe","3980","QueryOpen","C:\Windows\Globalization\ELS\SpellDictionaries\Fluency\en-US\.config","FAST IO DISALLOWED",""
"7:12:28.0863815 PM","ctfmon.exe","3980","CreateFile","C:\Windows\Globalization\ELS\SpellDictionaries\Fluency\en-US\.config","SUCCESS","Desired Access: Read Attributes, Disposition: Open, Options: Open Reparse Point, Attributes: n/a, ShareMode: Read, Write, Delete, AllocationSize: n/a, OpenResult: Opened"
"7:12:28.0864003 PM","ctfmon.exe","3980","QueryBasicInformationFile","C:\Windows\Globalization\ELS\SpellDictionaries\Fluency\en-US\.config","SUCCESS","CreationTime: 12/7/2019 11:52:01 AM, LastAccessTime: 3/9/2026 3:55:47 PM, LastWriteTime: 10/15/2019 3:49:00 PM, ChangeTime: 3/10/2026 1:46:56 AM, FileAttributes: A"
"7:12:28.0864094 PM","ctfmon.exe","3980","CloseFile","C:\Windows\Globalization\ELS\SpellDictionaries\Fluency\en-US\.config","SUCCESS",""
"7:12:28.0864205 PM","ctfmon.exe","3980","IRP_MJ_CLOSE","C:\Windows\Globalization\ELS\SpellDictionaries\Fluency\en-US\.config","SUCCESS",""
"7:12:28.0864423 PM","ctfmon.exe","3980","RegQueryKey","HKLM","SUCCESS","Query: HandleTags, HandleTags: 0x0"
"7:12:28.0864857 PM","ctfmon.exe","3980","RegOpenKey","HKLM\Software\Microsoft\Input\Locales\loc_0409","SUCCESS","Desired Access: Query Value"
"7:12:28.0865058 PM","ctfmon.exe","3980","RegQueryValue","HKLM\SOFTWARE\Microsoft\Input\Locales\loc_0409\UseFluency","SUCCESS","Type: REG_DWORD, Length: 4, Data: 2"
"7:12:28.0865180 PM","ctfmon.exe","3980","RegCloseKey","HKLM\SOFTWARE\Microsoft\Input\Locales\loc_0409","SUCCESS",""
"7:12:28.0865310 PM","ctfmon.exe","3980","RegQueryKey","HKLM","SUCCESS","Query: HandleTags, HandleTags: 0x0"
"7:12:28.0865729 PM","ctfmon.exe","3980","RegOpenKey","HKLM\Software\Microsoft\MTFKeyboardMappings\LANG_0409","SUCCESS","Desired Access: Read"
"7:12:28.0865952 PM","ctfmon.exe","3980","RegQueryValue","HKLM\SOFTWARE\Microsoft\MTFKeyboardMappings\LANG_0409\HardwareKeyboard","SUCCESS","Type: REG_SZ, Length: 78, Data: {804c72d2-b3a3-4f96-a568-eb8775eb4b97}"
"7:12:28.0866378 PM","ctfmon.exe","3980","RegCloseKey","HKLM\SOFTWARE\Microsoft\MTFKeyboardMappings\LANG_0409","SUCCESS",""
"7:12:28.0866486 PM","ctfmon.exe","3980","RegQueryKey","HKLM","SUCCESS","Query: HandleTags, HandleTags: 0x0"
"7:12:28.0866588 PM","ctfmon.exe","3980","RegOpenKey","HKLM\Software\Microsoft\Input\Settings","SUCCESS","Desired Access: Read"
"7:12:28.0866715 PM","ctfmon.exe","3980","RegQueryKey","HKCU","SUCCESS","Query: HandleTags, HandleTags: 0x0"
"7:12:28.0866783 PM","ctfmon.exe","3980","RegOpenKey","HKCU\Software\Microsoft\Input\Settings","NAME NOT FOUND","Desired Access: Read"
"7:12:28.0866922 PM","ctfmon.exe","3980","RegQueryKey","HKLM\SOFTWARE\Microsoft\Input\Settings","SUCCESS","Query: HandleTags, HandleTags: 0x0"
"7:12:28.0866993 PM","ctfmon.exe","3980","RegOpenKey","HKLM\SOFTWARE\Microsoft\Input\Settings\proc_1\loc_0409\im_1","SUCCESS","Desired Access: Query Value"
"7:12:28.0867421 PM","ctfmon.exe","3980","RegQueryValue","HKLM\SOFTWARE\Microsoft\Input\Settings\proc_1\loc_0409\im_1\MAXCANDIDATES","NAME NOT FOUND","Length: 144"
"7:12:28.0867537 PM","ctfmon.exe","3980","RegCloseKey","HKLM\SOFTWARE\Microsoft\Input\Settings\proc_1\loc_0409\im_1","SUCCESS",""
"7:12:28.0867638 PM","ctfmon.exe","3980","RegQueryKey","HKLM\SOFTWARE\Microsoft\Input\Settings","SUCCESS","Query: HandleTags, HandleTags: 0x0"
"7:12:28.0867718 PM","ctfmon.exe","3980","RegOpenKey","HKLM\SOFTWARE\Microsoft\Input\Settings\proc_1\loc_0409","SUCCESS","Desired Access: Query Value"
"7:12:28.0867803 PM","ctfmon.exe","3980","RegQueryValue","HKLM\SOFTWARE\Microsoft\Input\Settings\proc_1\loc_0409\MAXCANDIDATES","NAME NOT FOUND","Length: 144"
"7:12:28.0867879 PM","ctfmon.exe","3980","RegCloseKey","HKLM\SOFTWARE\Microsoft\Input\Settings\proc_1\loc_0409","SUCCESS",""
"7:12:28.0868270 PM","ctfmon.exe","3980","RegQueryKey","HKLM\SOFTWARE\Microsoft\Input\Settings","SUCCESS","Query: HandleTags, HandleTags: 0x0"
"7:12:28.0868419 PM","ctfmon.exe","3980","RegOpenKey","HKLM\SOFTWARE\Microsoft\Input\Settings\proc_1","SUCCESS","Desired Access: Query Value"
"7:12:28.0868565 PM","ctfmon.exe","3980","RegQueryValue","HKLM\SOFTWARE\Microsoft\Input\Settings\proc_1\MAXCANDIDATES","SUCCESS","Type: REG_DWORD, Length: 4, Data: 11"
"7:12:28.0868683 PM","ctfmon.exe","3980","RegCloseKey","HKLM\SOFTWARE\Microsoft\Input\Settings\proc_1","SUCCESS",""
"7:12:28.0868760 PM","ctfmon.exe","3980","RegCloseKey","HKLM\SOFTWARE\Microsoft\Input\Settings","SUCCESS",""
"7:12:28.0868847 PM","ctfmon.exe","3980","RegQueryKey","HKLM","SUCCESS","Query: HandleTags, HandleTags: 0x0"
"7:12:28.0868920 PM","ctfmon.exe","3980","RegOpenKey","HKLM\Software\Microsoft\Input\Settings","SUCCESS","Desired Access: Read"
"7:12:28.0869021 PM","ctfmon.exe","3980","RegQueryKey","HKCU","SUCCESS","Query: HandleTags, HandleTags: 0x0"
"7:12:28.0869091 PM","ctfmon.exe","3980","RegOpenKey","HKCU\Software\Microsoft\Input\Settings","NAME NOT FOUND","Desired Access: Read"
"7:12:28.0869197 PM","ctfmon.exe","3980","RegQueryKey","HKLM\SOFTWARE\Microsoft\Input\Settings","SUCCESS","Query: HandleTags, HandleTags: 0x0"
"7:12:28.0869268 PM","ctfmon.exe","3980","RegOpenKey","HKLM\SOFTWARE\Microsoft\Input\Settings\proc_1\loc_0409\im_1","SUCCESS","Desired Access: Query Value"
"7:12:28.0869364 PM","ctfmon.exe","3980","RegQueryValue","HKLM\SOFTWARE\Microsoft\Input\Settings\proc_1\loc_0409\im_1\MAXCORRECTIONS","NAME NOT FOUND","Length: 144"
"7:12:28.0869450 PM","ctfmon.exe","3980","RegCloseKey","HKLM\SOFTWARE\Microsoft\Input\Settings\proc_1\loc_0409\im_1","SUCCESS",""
"7:12:28.0869527 PM","ctfmon.exe","3980","RegQueryKey","HKLM\SOFTWARE\Microsoft\Input\Settings","SUCCESS","Query: HandleTags, HandleTags: 0x0"
"7:12:28.0869599 PM","ctfmon.exe","3980","RegOpenKey","HKLM\SOFTWARE\Microsoft\Input\Settings\proc_1\loc_0409","SUCCESS","Desired Access: Query Value"
"7:12:28.0869680 PM","ctfmon.exe","3980","RegQueryValue","HKLM\SOFTWARE\Microsoft\Input\Settings\proc_1\loc_0409\MAXCORRECTIONS","NAME NOT FOUND","Length: 144"
"7:12:28.0869754 PM","ctfmon.exe","3980","RegCloseKey","HKLM\SOFTWARE\Microsoft\Input\Settings\proc_1\loc_0409","SUCCESS",""
"7:12:28.0869824 PM","ctfmon.exe","3980","RegQueryKey","HKLM\SOFTWARE\Microsoft\Input\Settings","SUCCESS","Query: HandleTags, HandleTags: 0x0"
"7:12:28.0869896 PM","ctfmon.exe","3980","RegOpenKey","HKLM\SOFTWARE\Microsoft\Input\Settings\proc_1","SUCCESS","Desired Access: Query Value"
"7:12:28.0869936 PM","Explorer.EXE","4184","RegQueryKey","HKCU\Software\Classes","SUCCESS","Query: Name"
"7:12:28.0869980 PM","ctfmon.exe","3980","RegQueryValue","HKLM\SOFTWARE\Microsoft\Input\Settings\proc_1\MAXCORRECTIONS","NAME NOT FOUND","Length: 144"
"7:12:28.0870074 PM","ctfmon.exe","3980","RegCloseKey","HKLM\SOFTWARE\Microsoft\Input\Settings\proc_1","SUCCESS",""
"7:12:28.0870143 PM","ctfmon.exe","3980","RegQueryValue","HKLM\SOFTWARE\Microsoft\Input\Settings\MAXCORRECTIONS","SUCCESS","Type: REG_DWORD, Length: 4, Data: 4"
"7:12:28.0870177 PM","Explorer.EXE","4184","RegQueryKey","HKCU\Software\Classes","SUCCESS","Query: HandleTags, HandleTags: 0x0"
"7:12:28.0870229 PM","ctfmon.exe","3980","RegCloseKey","HKLM\SOFTWARE\Microsoft\Input\Settings","SUCCESS",""
"7:12:28.0870264 PM","Explorer.EXE","4184","RegQueryKey","HKCU\Software\Classes","SUCCESS","Query: HandleTags, HandleTags: 0x0"
"7:12:28.0870305 PM","ctfmon.exe","3980","RegQueryKey","HKLM","SUCCESS","Query: HandleTags, HandleTags: 0x0"
"7:12:28.0870371 PM","Explorer.EXE","4184","RegOpenKey","HKCU\Software\Classes\CLSID\{56AD4C5D-B908-4F85-8FF1-7940C29B3BCF}\Instance","NAME NOT FOUND","Desired Access: Read"
"7:12:28.0870376 PM","ctfmon.exe","3980","RegOpenKey","HKLM\Software\Microsoft\Input\Settings","SUCCESS","Desired Access: Read"
"7:12:28.0870476 PM","ctfmon.exe","3980","RegQueryKey","HKCU","SUCCESS","Query: HandleTags, HandleTags: 0x0"
"7:12:28.0870537 PM","Explorer.EXE","4184","RegOpenKey","HKCR\CLSID\{56AD4C5D-B908-4F85-8FF1-7940C29B3BCF}\Instance","NAME NOT FOUND","Desired Access: Read"
"7:12:28.0870551 PM","ctfmon.exe","3980","RegOpenKey","HKCU\Software\Microsoft\Input\Settings","NAME NOT FOUND","Desired Access: Read"
"7:12:28.0870646 PM","ctfmon.exe","3980","RegQueryKey","HKLM\SOFTWARE\Microsoft\Input\Settings","SUCCESS","Query: HandleTags, HandleTags: 0x0"
"7:12:28.0870716 PM","ctfmon.exe","3980","RegOpenKey","HKLM\SOFTWARE\Microsoft\Input\Settings\proc_1\loc_0409\im_1","SUCCESS","Desired Access: Query Value"
"7:12:28.0870800 PM","ctfmon.exe","3980","RegQueryValue","HKLM\SOFTWARE\Microsoft\Input\Settings\proc_1\loc_0409\im_1\MAXCANDIDATES","NAME NOT FOUND","Length: 144"
"7:12:28.0870883 PM","ctfmon.exe","3980","RegCloseKey","HKLM\SOFTWARE\Microsoft\Input\Settings\proc_1\loc_0409\im_1","SUCCESS",""
"7:12:28.0870957 PM","ctfmon.exe","3980","RegQueryKey","HKLM\SOFTWARE\Microsoft\Input\Settings","SUCCESS","Query: HandleTags, HandleTags: 0x0"
"7:12:28.0871025 PM","ctfmon.exe","3980","RegOpenKey","HKLM\SOFTWARE\Microsoft\Input\Settings\proc_1\loc_0409","SUCCESS","Desired Access: Query Value"
"7:12:28.0871101 PM","ctfmon.exe","3980","RegQueryValue","HKLM\SOFTWARE\Microsoft\Input\Settings\proc_1\loc_0409\MAXCANDIDATES","NAME NOT FOUND","Length: 144"
"7:12:28.0871176 PM","ctfmon.exe","3980","RegCloseKey","HKLM\SOFTWARE\Microsoft\Input\Settings\proc_1\loc_0409","SUCCESS",""
"7:12:28.0871243 PM","ctfmon.exe","3980","RegQueryKey","HKLM\SOFTWARE\Microsoft\Input\Settings","SUCCESS","Query: HandleTags, HandleTags: 0x0"
"7:12:28.0871311 PM","ctfmon.exe","3980","RegOpenKey","HKLM\SOFTWARE\Microsoft\Input\Settings\proc_1","SUCCESS","Desired Access: Query Value"
"7:12:28.0871385 PM","ctfmon.exe","3980","RegQueryValue","HKLM\SOFTWARE\Microsoft\Input\Settings\proc_1\MAXCANDIDATES","SUCCESS","Type: REG_DWORD, Length: 4, Data: 11"
"7:12:28.0871470 PM","ctfmon.exe","3980","RegCloseKey","HKLM\SOFTWARE\Microsoft\Input\Settings\proc_1","SUCCESS",""
"7:12:28.0871540 PM","ctfmon.exe","3980","RegCloseKey","HKLM\SOFTWARE\Microsoft\Input\Settings","SUCCESS",""
"7:12:28.0871609 PM","ctfmon.exe","3980","RegQueryKey","HKLM","SUCCESS","Query: HandleTags, HandleTags: 0x0"
"7:12:28.0871675 PM","ctfmon.exe","3980","RegOpenKey","HKLM\Software\Microsoft\Input\Settings","SUCCESS","Desired Access: Read"
"7:12:28.0871758 PM","ctfmon.exe","3980","RegQueryKey","HKCU","SUCCESS","Query: HandleTags, HandleTags: 0x0"
"7:12:28.0871826 PM","ctfmon.exe","3980","RegOpenKey","HKCU\Software\Microsoft\Input\Settings","NAME NOT FOUND","Desired Access: Read"
"7:12:28.0871913 PM","ctfmon.exe","3980","RegQueryKey","HKLM\SOFTWARE\Microsoft\Input\Settings","SUCCESS","Query: HandleTags, HandleTags: 0x0"
"7:12:28.0871981 PM","ctfmon.exe","3980","RegOpenKey","HKLM\SOFTWARE\Microsoft\Input\Settings\proc_1\loc_0409\im_1","SUCCESS","Desired Access: Query Value"
"7:12:28.0872061 PM","ctfmon.exe","3980","RegQueryValue","HKLM\SOFTWARE\Microsoft\Input\Settings\proc_1\loc_0409\im_1\NotActiveLanguagePenalty","NAME NOT FOUND","Length: 144"
"7:12:28.0872143 PM","ctfmon.exe","3980","RegCloseKey","HKLM\SOFTWARE\Microsoft\Input\Settings\proc_1\loc_0409\im_1","SUCCESS",""
"7:12:28.0872214 PM","ctfmon.exe","3980","RegQueryKey","HKLM\SOFTWARE\Microsoft\Input\Settings","SUCCESS","Query: HandleTags, HandleTags: 0x0"
"7:12:28.0872279 PM","ctfmon.exe","3980","RegOpenKey","HKLM\SOFTWARE\Microsoft\Input\Settings\proc_1\loc_0409","SUCCESS","Desired Access: Query Value"
"7:12:28.0872354 PM","ctfmon.exe","3980","RegQueryValue","HKLM\SOFTWARE\Microsoft\Input\Settings\proc_1\loc_0409\NotActiveLanguagePenalty","NAME NOT FOUND","Length: 144"
"7:12:28.0872425 PM","ctfmon.exe","3980","RegCloseKey","HKLM\SOFTWARE\Microsoft\Input\Settings\proc_1\loc_0409","SUCCESS",""
"7:12:28.0872491 PM","ctfmon.exe","3980","RegQueryKey","HKLM\SOFTWARE\Microsoft\Input\Settings","SUCCESS","Query: HandleTags, HandleTags: 0x0"
"7:12:28.0872558 PM","ctfmon.exe","3980","RegOpenKey","HKLM\SOFTWARE\Microsoft\Input\Settings\proc_1","SUCCESS","Desired Access: Query Value"
"7:12:28.0872632 PM","ctfmon.exe","3980","RegQueryValue","HKLM\SOFTWARE\Microsoft\Input\Settings\proc_1\NotActiveLanguagePenalty","NAME NOT FOUND","Length: 144"
"7:12:28.0872717 PM","ctfmon.exe","3980","RegCloseKey","HKLM\SOFTWARE\Microsoft\Input\Settings\proc_1","SUCCESS",""
"7:12:28.0872781 PM","ctfmon.exe","3980","RegQueryValue","HKLM\SOFTWARE\Microsoft\Input\Settings\NotActiveLanguagePenalty","SUCCESS","Type: REG_DWORD, Length: 4, Data: 40"
"7:12:28.0872867 PM","ctfmon.exe","3980","RegCloseKey","HKLM\SOFTWARE\Microsoft\Input\Settings","SUCCESS",""
"7:12:28.0872948 PM","ctfmon.exe","3980","RegQueryKey","HKLM","SUCCESS","Query: HandleTags, HandleTags: 0x0"
"7:12:28.0873017 PM","ctfmon.exe","3980","RegOpenKey","HKLM\Software\Microsoft\Input\Settings","SUCCESS","Desired Access: Read"
"7:12:28.0873101 PM","ctfmon.exe","3980","RegQueryKey","HKCU","SUCCESS","Query: HandleTags, HandleTags: 0x0"
"7:12:28.0873170 PM","ctfmon.exe","3980","RegOpenKey","HKCU\Software\Microsoft\Input\Settings","NAME NOT FOUND","Desired Access: Read"
"7:12:28.0873260 PM","ctfmon.exe","3980","RegQueryKey","HKLM\SOFTWARE\Microsoft\Input\Settings","SUCCESS","Query: HandleTags, HandleTags: 0x0"
"7:12:28.0873329 PM","ctfmon.exe","3980","RegOpenKey","HKLM\SOFTWARE\Microsoft\Input\Settings\proc_1\loc_0409\im_1","SUCCESS","Desired Access: Query Value"
"7:12:28.0873408 PM","ctfmon.exe","3980","RegQueryValue","HKLM\SOFTWARE\Microsoft\Input\Settings\proc_1\loc_0409\im_1\PREDICTIONPENALTY","SUCCESS","Type: REG_DWORD, Length: 4, Data: 7"
"7:12:28.0873500 PM","ctfmon.exe","3980","RegCloseKey","HKLM\SOFTWARE\Microsoft\Input\Settings\proc_1\loc_0409\im_1","SUCCESS",""
"7:12:28.0873571 PM","ctfmon.exe","3980","RegCloseKey","HKLM\SOFTWARE\Microsoft\Input\Settings","SUCCESS",""
"7:12:28.0873639 PM","ctfmon.exe","3980","RegQueryKey","HKLM","SUCCESS","Query: HandleTags, HandleTags: 0x0"
"7:12:28.0873706 PM","ctfmon.exe","3980","RegOpenKey","HKLM\Software\Microsoft\Input\Settings","SUCCESS","Desired Access: Read"
"7:12:28.0873789 PM","ctfmon.exe","3980","RegQueryKey","HKCU","SUCCESS","Query: HandleTags, HandleTags: 0x0"
"7:12:28.0873866 PM","ctfmon.exe","3980","RegOpenKey","HKCU\Software\Microsoft\Input\Settings","NAME NOT FOUND","Desired Access: Read"
"7:12:28.0873954 PM","ctfmon.exe","3980","RegQueryKey","HKLM\SOFTWARE\Microsoft\Input\Settings","SUCCESS","Query: HandleTags, HandleTags: 0x0"
"7:12:28.0874023 PM","ctfmon.exe","3980","RegOpenKey","HKLM\SOFTWARE\Microsoft\Input\Settings\proc_1\loc_0409\im_1","SUCCESS","Desired Access: Query Value"
"7:12:28.0874100 PM","ctfmon.exe","3980","RegQueryValue","HKLM\SOFTWARE\Microsoft\Input\Settings\proc_1\loc_0409\im_1\EXACTMATCHMAXPROB","SUCCESS","Type: REG_DWORD, Length: 4, Data: 56"
"7:12:28.0874183 PM","ctfmon.exe","3980","RegCloseKey","HKLM\SOFTWARE\Microsoft\Input\Settings\proc_1\loc_0409\im_1","SUCCESS",""
"7:12:28.0874258 PM","ctfmon.exe","3980","RegCloseKey","HKLM\SOFTWARE\Microsoft\Input\Settings","SUCCESS",""
"7:12:28.0874329 PM","ctfmon.exe","3980","RegQueryKey","HKLM","SUCCESS","Query: HandleTags, HandleTags: 0x0"
"7:12:28.0874399 PM","ctfmon.exe","3980","RegOpenKey","HKLM\Software\Microsoft\Input\Settings","SUCCESS","Desired Access: Read"
"7:12:28.0874431 PM","Explorer.EXE","4184","RegQueryKey","HKCU\Software\Classes","SUCCESS","Query: Name"
"7:12:28.0874488 PM","ctfmon.exe","3980","RegQueryKey","HKCU","SUCCESS","Query: HandleTags, HandleTags: 0x0"
"7:12:28.0874557 PM","ctfmon.exe","3980","RegOpenKey","HKCU\Software\Microsoft\Input\Settings","NAME NOT FOUND","Desired Access: Read"
"7:12:28.0874591 PM","Explorer.EXE","4184","RegQueryKey","HKCU\Software\Classes","SUCCESS","Query: HandleTags, HandleTags: 0x0"
"7:12:28.0874652 PM","ctfmon.exe","3980","RegQueryKey","HKLM\SOFTWARE\Microsoft\Input\Settings","SUCCESS","Query: HandleTags, HandleTags: 0x0"
"7:12:28.0874677 PM","Explorer.EXE","4184","RegQueryKey","HKCU\Software\Classes","SUCCESS","Query: HandleTags, HandleTags: 0x0"
"7:12:28.0874724 PM","ctfmon.exe","3980","RegOpenKey","HKLM\SOFTWARE\Microsoft\Input\Settings\proc_1\loc_0409\im_1","SUCCESS","Desired Access: Query Value"
"7:12:28.0874779 PM","Explorer.EXE","4184","RegOpenKey","HKCU\Software\Classes\Applications\Procmon64.exe","NAME NOT FOUND","Desired Access: Read"
"7:12:28.0874805 PM","ctfmon.exe","3980","RegQueryValue","HKLM\SOFTWARE\Microsoft\Input\Settings\proc_1\loc_0409\im_1\EXACTMATCHCANDIDATEMINPROB","SUCCESS","Type: REG_DWORD, Length: 4, Data: 160"
"7:12:28.0874896 PM","ctfmon.exe","3980","RegCloseKey","HKLM\SOFTWARE\Microsoft\Input\Settings\proc_1\loc_0409\im_1","SUCCESS",""
"7:12:28.0874923 PM","Explorer.EXE","4184","RegOpenKey","HKCR\Applications\Procmon64.exe","NAME NOT FOUND","Desired Access: Read"
"7:12:28.0874969 PM","ctfmon.exe","3980","RegCloseKey","HKLM\SOFTWARE\Microsoft\Input\Settings","SUCCESS",""
"7:12:28.0875039 PM","ctfmon.exe","3980","RegQueryKey","HKLM","SUCCESS","Query: HandleTags, HandleTags: 0x0"
"7:12:28.0875094 PM","Explorer.EXE","4184","RegQueryKey","HKCU\Software\Classes","SUCCESS","Query: Name"
"7:12:28.0875109 PM","ctfmon.exe","3980","RegOpenKey","HKLM\Software\Microsoft\Input\Settings","SUCCESS","Desired Access: Read"
"7:12:28.0875189 PM","Explorer.EXE","4184","RegQueryKey","HKCU\Software\Classes","SUCCESS","Query: HandleTags, HandleTags: 0x0"
"7:12:28.0875197 PM","ctfmon.exe","3980","RegQueryKey","HKCU","SUCCESS","Query: HandleTags, HandleTags: 0x0"
"7:12:28.0875268 PM","ctfmon.exe","3980","RegOpenKey","HKCU\Software\Microsoft\Input\Settings","NAME NOT FOUND","Desired Access: Read"
"7:12:28.0875290 PM","Explorer.EXE","4184","RegQueryKey","HKCU\Software\Classes","SUCCESS","Query: Name"
"7:12:28.0875359 PM","ctfmon.exe","3980","RegQueryKey","HKLM\SOFTWARE\Microsoft\Input\Settings","SUCCESS","Query: HandleTags, HandleTags: 0x0"
"7:12:28.0875431 PM","ctfmon.exe","3980","RegOpenKey","HKLM\SOFTWARE\Microsoft\Input\Settings\proc_1\loc_0409\im_1","SUCCESS","Desired Access: Query Value"
"7:12:28.0875454 PM","Explorer.EXE","4184","RegOpenKey","HKCU\Software\Classes\Applications\Procmon64.exe","NAME NOT FOUND","Desired Access: Read"
"7:12:28.0875512 PM","ctfmon.exe","3980","RegQueryValue","HKLM\SOFTWARE\Microsoft\Input\Settings\proc_1\loc_0409\im_1\PREDICTIONFILTERMINCHARS","SUCCESS","Type: REG_DWORD, Length: 4, Data: 3"
"7:12:28.0875674 PM","ctfmon.exe","3980","RegCloseKey","HKLM\SOFTWARE\Microsoft\Input\Settings\proc_1\loc_0409\im_1","SUCCESS",""
"7:12:28.0876042 PM","ctfmon.exe","3980","RegCloseKey","HKLM\SOFTWARE\Microsoft\Input\Settings","SUCCESS",""
"7:12:28.0876154 PM","ctfmon.exe","3980","RegQueryKey","HKLM","SUCCESS","Query: HandleTags, HandleTags: 0x0"
"7:12:28.0876245 PM","ctfmon.exe","3980","RegOpenKey","HKLM\Software\Microsoft\Input\Settings","SUCCESS","Desired Access: Read"
"7:12:28.0876385 PM","ctfmon.exe","3980","RegQueryKey","HKCU","SUCCESS","Query: HandleTags, HandleTags: 0x0"
"7:12:28.0876655 PM","ctfmon.exe","3980","RegOpenKey","HKCU\Software\Microsoft\Input\Settings","NAME NOT FOUND","Desired Access: Read"
"7:12:28.0876842 PM","ctfmon.exe","3980","RegQueryKey","HKLM\SOFTWARE\Microsoft\Input\Settings","SUCCESS","Query: HandleTags, HandleTags: 0x0"
"7:12:28.0876931 PM","ctfmon.exe","3980","RegOpenKey","HKLM\SOFTWARE\Microsoft\Input\Settings\proc_1\loc_0409\im_1","SUCCESS","Desired Access: Query Value"
"7:12:28.0877048 PM","ctfmon.exe","3980","RegQueryValue","HKLM\SOFTWARE\Microsoft\Input\Settings\proc_1\loc_0409\im_1\PREDICTIONFILTERSLOPE","SUCCESS","Type: REG_DWORD, Length: 4, Data: 4"
"7:12:28.0877159 PM","ctfmon.exe","3980","RegCloseKey","HKLM\SOFTWARE\Microsoft\Input\Settings\proc_1\loc_0409\im_1","SUCCESS",""
"7:12:28.0877238 PM","ctfmon.exe","3980","RegCloseKey","HKLM\SOFTWARE\Microsoft\Input\Settings","SUCCESS",""
"7:12:28.0877318 PM","ctfmon.exe","3980","RegQueryKey","HKLM","SUCCESS","Query: HandleTags, HandleTags: 0x0"
"7:12:28.0877388 PM","ctfmon.exe","3980","RegOpenKey","HKLM\Software\Microsoft\Input\HwkSettings","SUCCESS","Desired Access: Read"
"7:12:28.0877426 PM","Procmon64.exe","1132","QueryOpen","C:\Windows\System32\KernelBase.dll","FAST IO DISALLOWED",""
"7:12:28.0877498 PM","ctfmon.exe","3980","RegQueryKey","HKCU","SUCCESS","Query: HandleTags, HandleTags: 0x0"
"7:12:28.0877568 PM","ctfmon.exe","3980","RegOpenKey","HKCU\Software\Microsoft\Input\HwkSettings","NAME NOT FOUND","Desired Access: Read"
"7:12:28.0877678 PM","ctfmon.exe","3980","RegQueryKey","HKLM\SOFTWARE\Microsoft\Input\HwkSettings","SUCCESS","Query: HandleTags, HandleTags: 0x0"
"7:12:28.0877744 PM","ctfmon.exe","3980","RegOpenKey","HKLM\SOFTWARE\Microsoft\Input\HwkSettings\proc_1\loc_0409\im_1","NAME NOT FOUND","Desired Access: Query Value"
"7:12:28.0877836 PM","ctfmon.exe","3980","RegQueryKey","HKLM\SOFTWARE\Microsoft\Input\HwkSettings","SUCCESS","Query: HandleTags, HandleTags: 0x0"
"7:12:28.0877901 PM","ctfmon.exe","3980","RegOpenKey","HKLM\SOFTWARE\Microsoft\Input\HwkSettings\proc_1\loc_0409","NAME NOT FOUND","Desired Access: Query Value"
"7:12:28.0877978 PM","ctfmon.exe","3980","RegQueryKey","HKLM\SOFTWARE\Microsoft\Input\HwkSettings","SUCCESS","Query: HandleTags, HandleTags: 0x0"
"7:12:28.0878003 PM","Procmon64.exe","1132","CreateFile","C:\Windows\System32\KernelBase.dll","SUCCESS","Desired Access: Read Attributes, Disposition: Open, Options: Open Reparse Point, Attributes: n/a, ShareMode: Read, Write, Delete, AllocationSize: n/a, OpenResult: Opened"
"7:12:28.0878048 PM","ctfmon.exe","3980","RegOpenKey","HKLM\SOFTWARE\Microsoft\Input\HwkSettings\proc_1","NAME NOT FOUND","Desired Access: Query Value"
"7:12:28.0878121 PM","ctfmon.exe","3980","RegQueryValue","HKLM\SOFTWARE\Microsoft\Input\HwkSettings\AUTOCORRECTTHRESHOLD","SUCCESS","Type: REG_DWORD, Length: 4, Data: 350"
"7:12:28.0878152 PM","Procmon64.exe","1132","QueryBasicInformationFile","C:\Windows\System32\KernelBase.dll","SUCCESS","CreationTime: 12/4/2023 4:49:07 AM, LastAccessTime: 3/9/2026 7:02:00 PM, LastWriteTime: 12/4/2023 4:49:07 AM, ChangeTime: 3/10/2026 12:49:06 AM, FileAttributes: A"
"7:12:28.0878208 PM","ctfmon.exe","3980","RegCloseKey","HKLM\SOFTWARE\Microsoft\Input\HwkSettings","SUCCESS",""
"7:12:28.0878226 PM","Procmon64.exe","1132","CloseFile","C:\Windows\System32\KernelBase.dll","SUCCESS",""
"7:12:28.0878284 PM","ctfmon.exe","3980","RegQueryKey","HKLM","SUCCESS","Query: HandleTags, HandleTags: 0x0"
"7:12:28.0878333 PM","Procmon64.exe","1132","IRP_MJ_CLOSE","C:\Windows\System32\KernelBase.dll","SUCCESS",""
"7:12:28.0878357 PM","ctfmon.exe","3980","RegOpenKey","HKLM\Software\Microsoft\Input\Settings","SUCCESS","Desired Access: Read"
"7:12:28.0878445 PM","ctfmon.exe","3980","RegQueryKey","HKCU","SUCCESS","Query: HandleTags, HandleTags: 0x0"
"7:12:28.0878512 PM","ctfmon.exe","3980","RegOpenKey","HKCU\Software\Microsoft\Input\Settings","NAME NOT FOUND","Desired Access: Read"
"7:12:28.0878598 PM","ctfmon.exe","3980","RegQueryKey","HKLM\SOFTWARE\Microsoft\Input\Settings","SUCCESS","Query: HandleTags, HandleTags: 0x0"
"7:12:28.0878667 PM","ctfmon.exe","3980","RegOpenKey","HKLM\SOFTWARE\Microsoft\Input\Settings\proc_1\loc_0409\im_1","SUCCESS","Desired Access: Query Value"
"7:12:28.0878748 PM","ctfmon.exe","3980","RegQueryValue","HKLM\SOFTWARE\Microsoft\Input\Settings\proc_1\loc_0409\im_1\AutoBackCorrectionThreshold","SUCCESS","Type: REG_DWORD, Length: 4, Data: 78"
"7:12:28.0878834 PM","ctfmon.exe","3980","RegCloseKey","HKLM\SOFTWARE\Microsoft\Input\Settings\proc_1\loc_0409\im_1","SUCCESS",""
"7:12:28.0878904 PM","ctfmon.exe","3980","RegCloseKey","HKLM\SOFTWARE\Microsoft\Input\Settings","SUCCESS",""
"7:12:28.0878971 PM","ctfmon.exe","3980","RegQueryKey","HKLM","SUCCESS","Query: HandleTags, HandleTags: 0x0"
"7:12:28.0879040 PM","ctfmon.exe","3980","RegOpenKey","HKLM\Software\Microsoft\Input\Settings","SUCCESS","Desired Access: Read"
"7:12:28.0879123 PM","ctfmon.exe","3980","RegQueryKey","HKCU","SUCCESS","Query: HandleTags, HandleTags: 0x0"
"7:12:28.0879164 PM","Procmon64.exe","1132","CreateFile","C:\Windows\System32\KernelBase.dll","SUCCESS","Desired Access: Generic Read, Disposition: Open, Options: Synchronous IO Non-Alert, Non-Directory File, Attributes: n/a, ShareMode: Read, AllocationSize: n/a, OpenResult: Opened"
"7:12:28.0879192 PM","ctfmon.exe","3980","RegOpenKey","HKCU\Software\Microsoft\Input\Settings","NAME NOT FOUND","Desired Access: Read"
"7:12:28.0879277 PM","ctfmon.exe","3980","RegQueryKey","HKLM\SOFTWARE\Microsoft\Input\Settings","SUCCESS","Query: HandleTags, HandleTags: 0x0"
"7:12:28.0879344 PM","ctfmon.exe","3980","RegOpenKey","HKLM\SOFTWARE\Microsoft\Input\Settings\proc_1\loc_0409\im_1","SUCCESS","Desired Access: Query Value"
"7:12:28.0879395 PM","Procmon64.exe","1132","CreateFileMapping","C:\Windows\System32\KernelBase.dll","FILE LOCKED WITH ONLY READERS","SyncType: SyncTypeCreateSection, PageProtection: PAGE_EXECUTE_READWRITE|PAGE_NOCACHE"
"7:12:28.0879436 PM","ctfmon.exe","3980","RegQueryValue","HKLM\SOFTWARE\Microsoft\Input\Settings\proc_1\loc_0409\im_1\AUTOCORRECTEDITDISTANCEWEIGHT","SUCCESS","Type: REG_DWORD, Length: 4, Data: 24"
"7:12:28.0879476 PM","Procmon64.exe","1132","QueryStandardInformationFile","C:\Windows\System32\KernelBase.dll","SUCCESS","AllocationSize: 3,117,056, EndOfFile: 3,115,032, NumberOfLinks: 2, DeletePending: False, Directory: False"
"7:12:28.0879519 PM","ctfmon.exe","3980","RegCloseKey","HKLM\SOFTWARE\Microsoft\Input\Settings\proc_1\loc_0409\im_1","SUCCESS",""
"7:12:28.0879538 PM","Procmon64.exe","1132","FASTIO_RELEASE_FOR_SECTION_SYNCHRONIZATION","C:\Windows\System32\KernelBase.dll","SUCCESS",""
"7:12:28.0879589 PM","ctfmon.exe","3980","RegCloseKey","HKLM\SOFTWARE\Microsoft\Input\Settings","SUCCESS",""
"7:12:28.0879612 PM","Procmon64.exe","1132","CreateFileMapping","C:\Windows\System32\KernelBase.dll","SUCCESS","SyncType: SyncTypeOther"
"7:12:28.0879663 PM","ctfmon.exe","3980","RegQueryKey","HKLM","SUCCESS","Query: HandleTags, HandleTags: 0x0"
"7:12:28.0879665 PM","Procmon64.exe","1132","FASTIO_RELEASE_FOR_SECTION_SYNCHRONIZATION","C:\Windows\System32\KernelBase.dll","SUCCESS",""
"7:12:28.0879732 PM","ctfmon.exe","3980","RegOpenKey","HKLM\Software\Microsoft\Input\Settings","SUCCESS","Desired Access: Read"
"7:12:28.0879822 PM","ctfmon.exe","3980","RegQueryKey","HKCU","SUCCESS","Query: HandleTags, HandleTags: 0x0"
"7:12:28.0879888 PM","ctfmon.exe","3980","RegOpenKey","HKCU\Software\Microsoft\Input\Settings","NAME NOT FOUND","Desired Access: Read"
"7:12:28.0879974 PM","ctfmon.exe","3980","RegQueryKey","HKLM\SOFTWARE\Microsoft\Input\Settings","SUCCESS","Query: HandleTags, HandleTags: 0x0"
"7:12:28.0879982 PM","Procmon64.exe","1132","CloseFile","C:\Windows\System32\KernelBase.dll","SUCCESS",""
"7:12:28.0880147 PM","ctfmon.exe","3980","RegOpenKey","HKLM\SOFTWARE\Microsoft\Input\Settings\proc_1\loc_0409\im_1","SUCCESS","Desired Access: Query Value"
"7:12:28.0880206 PM","Procmon64.exe","1132","IRP_MJ_CLOSE","C:\Windows\System32\KernelBase.dll","SUCCESS",""
"7:12:28.0880295 PM","ctfmon.exe","3980","RegQueryValue","HKLM\SOFTWARE\Microsoft\Input\Settings\proc_1\loc_0409\im_1\AUTOCORRECTIONMAXPREDICTIONMASKING","SUCCESS","Type: REG_DWORD, Length: 4, Data: 0"
"7:12:28.0880405 PM","ctfmon.exe","3980","RegCloseKey","HKLM\SOFTWARE\Microsoft\Input\Settings\proc_1\loc_0409\im_1","SUCCESS",""
"7:12:28.0880480 PM","ctfmon.exe","3980","RegCloseKey","HKLM\SOFTWARE\Microsoft\Input\Settings","SUCCESS",""
"7:12:28.0880566 PM","ctfmon.exe","3980","RegQueryKey","HKLM","SUCCESS","Query: HandleTags, HandleTags: 0x0"
"7:12:28.0880637 PM","ctfmon.exe","3980","RegOpenKey","HKLM\Software\Microsoft\Input\Settings","SUCCESS","Desired Access: Read"
"7:12:28.0880734 PM","ctfmon.exe","3980","RegQueryKey","HKCU","SUCCESS","Query: HandleTags, HandleTags: 0x0"
"7:12:28.0880801 PM","ctfmon.exe","3980","RegOpenKey","HKCU\Software\Microsoft\Input\Settings","NAME NOT FOUND","Desired Access: Read"
"7:12:28.0880908 PM","ctfmon.exe","3980","RegQueryKey","HKLM\SOFTWARE\Microsoft\Input\Settings","SUCCESS","Query: HandleTags, HandleTags: 0x0"
"7:12:28.0880976 PM","ctfmon.exe","3980","RegOpenKey","HKLM\SOFTWARE\Microsoft\Input\Settings\proc_1\loc_0409\im_1","SUCCESS","Desired Access: Query Value"
"7:12:28.0881056 PM","ctfmon.exe","3980","RegQueryValue","HKLM\SOFTWARE\Microsoft\Input\Settings\proc_1\loc_0409\im_1\AUTOCORRECTMINSCOREDIFF","SUCCESS","Type: REG_DWORD, Length: 4, Data: 25"
"7:12:28.0881136 PM","ctfmon.exe","3980","RegCloseKey","HKLM\SOFTWARE\Microsoft\Input\Settings\proc_1\loc_0409\im_1","SUCCESS",""
"7:12:28.0881208 PM","ctfmon.exe","3980","RegCloseKey","HKLM\SOFTWARE\Microsoft\Input\Settings","SUCCESS",""
"7:12:28.0881215 PM","Procmon64.exe","1132","QueryOpen","C:\Windows\System32\apphelp.dll","FAST IO DISALLOWED",""
"7:12:28.0881366 PM","ctfmon.exe","3980","RegQueryKey","HKLM","SUCCESS","Query: HandleTags, HandleTags: 0x0"
"7:12:28.0881459 PM","ctfmon.exe","3980","RegOpenKey","HKLM\Software\Microsoft\Input\Settings","SUCCESS","Desired Access: Read"
"7:12:28.0881584 PM","ctfmon.exe","3980","RegQueryKey","HKCU","SUCCESS","Query: HandleTags, HandleTags: 0x0"
"7:12:28.0881654 PM","ctfmon.exe","3980","RegOpenKey","HKCU\Software\Microsoft\Input\Settings","NAME NOT FOUND","Desired Access: Read"
"7:12:28.0881762 PM","ctfmon.exe","3980","RegQueryKey","HKLM\SOFTWARE\Microsoft\Input\Settings","SUCCESS","Query: HandleTags, HandleTags: 0x0"
"7:12:28.0881829 PM","ctfmon.exe","3980","RegOpenKey","HKLM\SOFTWARE\Microsoft\Input\Settings\proc_1\loc_0409\im_1","SUCCESS","Desired Access: Query Value"
"7:12:28.0881919 PM","ctfmon.exe","3980","RegQueryValue","HKLM\SOFTWARE\Microsoft\Input\Settings\proc_1\loc_0409\im_1\PREDICTIONTHRESHOLD","SUCCESS","Type: REG_DWORD, Length: 4, Data: 0"
"7:12:28.0882034 PM","ctfmon.exe","3980","RegCloseKey","HKLM\SOFTWARE\Microsoft\Input\Settings\proc_1\loc_0409\im_1","SUCCESS",""
"7:12:28.0882071 PM","Procmon64.exe","1132","CreateFile","C:\Windows\System32\apphelp.dll","SUCCESS","Desired Access: Read Attributes, Disposition: Open, Options: Open Reparse Point, Attributes: n/a, ShareMode: Read, Write, Delete, AllocationSize: n/a, OpenResult: Opened"
"7:12:28.0882116 PM","ctfmon.exe","3980","RegCloseKey","HKLM\SOFTWARE\Microsoft\Input\Settings","SUCCESS",""
"7:12:28.0882202 PM","ctfmon.exe","3980","RegQueryKey","HKLM","SUCCESS","Query: HandleTags, HandleTags: 0x0"
"7:12:28.0882275 PM","ctfmon.exe","3980","RegOpenKey","HKLM\Software\Microsoft\Input\Settings","SUCCESS","Desired Access: Read"
"7:12:28.0882334 PM","Procmon64.exe","1132","QueryBasicInformationFile","C:\Windows\System32\apphelp.dll","SUCCESS","CreationTime: 12/4/2023 4:49:00 AM, LastAccessTime: 3/9/2026 7:12:27 PM, LastWriteTime: 12/4/2023 4:49:00 AM, ChangeTime: 3/10/2026 12:49:17 AM, FileAttributes: A"
"7:12:28.0882364 PM","ctfmon.exe","3980","RegQueryKey","HKCU","SUCCESS","Query: HandleTags, HandleTags: 0x0"
"7:12:28.0882407 PM","Procmon64.exe","1132","CloseFile","C:\Windows\System32\apphelp.dll","SUCCESS",""
"7:12:28.0882436 PM","ctfmon.exe","3980","RegOpenKey","HKCU\Software\Microsoft\Input\Settings","NAME NOT FOUND","Desired Access: Read"
"7:12:28.0882500 PM","Procmon64.exe","1132","IRP_MJ_CLOSE","C:\Windows\System32\apphelp.dll","SUCCESS",""
"7:12:28.0882529 PM","ctfmon.exe","3980","RegQueryKey","HKLM\SOFTWARE\Microsoft\Input\Settings","SUCCESS","Query: HandleTags, HandleTags: 0x0"
"7:12:28.0882596 PM","ctfmon.exe","3980","RegOpenKey","HKLM\SOFTWARE\Microsoft\Input\Settings\proc_1\loc_0409\im_1","SUCCESS","Desired Access: Query Value"
"7:12:28.0882676 PM","ctfmon.exe","3980","RegQueryValue","HKLM\SOFTWARE\Microsoft\Input\Settings\proc_1\loc_0409\im_1\INLINEPREDICTIONTHRESHOLD","NAME NOT FOUND","Length: 144"
"7:12:28.0882764 PM","Procmon64.exe","1132","RegOpenKey","HKLM\Software\Microsoft\LanguageOverlay\OverlayPackages\en-US","NAME NOT FOUND","Desired Access: Read"
"7:12:28.0882767 PM","ctfmon.exe","3980","RegCloseKey","HKLM\SOFTWARE\Microsoft\Input\Settings\proc_1\loc_0409\im_1","SUCCESS",""
"7:12:28.0882846 PM","ctfmon.exe","3980","RegQueryKey","HKLM\SOFTWARE\Microsoft\Input\Settings","SUCCESS","Query: HandleTags, HandleTags: 0x0"
"7:12:28.0882914 PM","ctfmon.exe","3980","RegOpenKey","HKLM\SOFTWARE\Microsoft\Input\Settings\proc_1\loc_0409","SUCCESS","Desired Access: Query Value"
"7:12:28.0882993 PM","ctfmon.exe","3980","RegQueryValue","HKLM\SOFTWARE\Microsoft\Input\Settings\proc_1\loc_0409\INLINEPREDICTIONTHRESHOLD","NAME NOT FOUND","Length: 144"
"7:12:28.0883066 PM","ctfmon.exe","3980","RegCloseKey","HKLM\SOFTWARE\Microsoft\Input\Settings\proc_1\loc_0409","SUCCESS",""
"7:12:28.0883135 PM","ctfmon.exe","3980","RegQueryKey","HKLM\SOFTWARE\Microsoft\Input\Settings","SUCCESS","Query: HandleTags, HandleTags: 0x0"
"7:12:28.0883206 PM","ctfmon.exe","3980","RegOpenKey","HKLM\SOFTWARE\Microsoft\Input\Settings\proc_1","SUCCESS","Desired Access: Query Value"
"7:12:28.0883283 PM","ctfmon.exe","3980","RegQueryValue","HKLM\SOFTWARE\Microsoft\Input\Settings\proc_1\INLINEPREDICTIONTHRESHOLD","SUCCESS","Type: REG_DWORD, Length: 4, Data: 125"
"7:12:28.0883369 PM","ctfmon.exe","3980","RegCloseKey","HKLM\SOFTWARE\Microsoft\Input\Settings\proc_1","SUCCESS",""
"7:12:28.0883427 PM","Procmon64.exe","1132","CreateFile","C:\Windows\System32\en-US\apphelp.dll.mui","SUCCESS","Desired Access: Read Data/List Directory, Synchronize, Disposition: Open, Options: Synchronous IO Non-Alert, Non-Directory File, Attributes: n/a, ShareMode: Read, Delete, AllocationSize: n/a, OpenResult: Opened"
"7:12:28.0883441 PM","ctfmon.exe","3980","RegCloseKey","HKLM\SOFTWARE\Microsoft\Input\Settings","SUCCESS",""
"7:12:28.0883952 PM","ctfmon.exe","3980","RegQueryKey","HKLM","SUCCESS","Query: HandleTags, HandleTags: 0x0"
"7:12:28.0884190 PM","Procmon64.exe","1132","ReadFile","C:\$Mft","SUCCESS","Offset: 86,466,560, Length: 4,096, I/O Flags: Non-cached, Paging I/O, Synchronous Paging I/O, Priority: Normal"
"7:12:28.0884281 PM","ctfmon.exe","3980","RegOpenKey","HKLM\Software\Microsoft\Input\Settings","SUCCESS","Desired Access: Read"
"7:12:28.0884430 PM","ctfmon.exe","3980","RegQueryKey","HKCU","SUCCESS","Query: HandleTags, HandleTags: 0x0"
"7:12:28.0884506 PM","ctfmon.exe","3980","RegOpenKey","HKCU\Software\Microsoft\Input\Settings","NAME NOT FOUND","Desired Access: Read"
"7:12:28.0884619 PM","ctfmon.exe","3980","RegQueryKey","HKLM\SOFTWARE\Microsoft\Input\Settings","SUCCESS","Query: HandleTags, HandleTags: 0x0"
"7:12:28.0884689 PM","ctfmon.exe","3980","RegOpenKey","HKLM\SOFTWARE\Microsoft\Input\Settings\proc_1\loc_0409\im_1","SUCCESS","Desired Access: Query Value"
"7:12:28.0885133 PM","ctfmon.exe","3980","RegQueryValue","HKLM\SOFTWARE\Microsoft\Input\Settings\proc_1\loc_0409\im_1\INLINEPREDICTIONMULTIWORDTHRESHOLD","NAME NOT FOUND","Length: 144"
"7:12:28.0885253 PM","ctfmon.exe","3980","RegCloseKey","HKLM\SOFTWARE\Microsoft\Input\Settings\proc_1\loc_0409\im_1","SUCCESS",""
"7:12:28.0885357 PM","ctfmon.exe","3980","RegQueryKey","HKLM\SOFTWARE\Microsoft\Input\Settings","SUCCESS","Query: HandleTags, HandleTags: 0x0"
"7:12:28.0885440 PM","ctfmon.exe","3980","RegOpenKey","HKLM\SOFTWARE\Microsoft\Input\Settings\proc_1\loc_0409","SUCCESS","Desired Access: Query Value"
"7:12:28.0885527 PM","ctfmon.exe","3980","RegQueryValue","HKLM\SOFTWARE\Microsoft\Input\Settings\proc_1\loc_0409\INLINEPREDICTIONMULTIWORDTHRESHOLD","NAME NOT FOUND","Length: 144"
"7:12:28.0885605 PM","ctfmon.exe","3980","RegCloseKey","HKLM\SOFTWARE\Microsoft\Input\Settings\proc_1\loc_0409","SUCCESS",""
"7:12:28.0886010 PM","ctfmon.exe","3980","RegQueryKey","HKLM\SOFTWARE\Microsoft\Input\Settings","SUCCESS","Query: HandleTags, HandleTags: 0x0"
"7:12:28.0886115 PM","ctfmon.exe","3980","RegOpenKey","HKLM\SOFTWARE\Microsoft\Input\Settings\proc_1","SUCCESS","Desired Access: Query Value"
"7:12:28.0886227 PM","ctfmon.exe","3980","RegQueryValue","HKLM\SOFTWARE\Microsoft\Input\Settings\proc_1\INLINEPREDICTIONMULTIWORDTHRESHOLD","SUCCESS","Type: REG_DWORD, Length: 4, Data: 30"
"7:12:28.0886336 PM","ctfmon.exe","3980","RegCloseKey","HKLM\SOFTWARE\Microsoft\Input\Settings\proc_1","SUCCESS",""
"7:12:28.0886408 PM","ctfmon.exe","3980","RegCloseKey","HKLM\SOFTWARE\Microsoft\Input\Settings","SUCCESS",""
"7:12:28.0886493 PM","ctfmon.exe","3980","RegQueryKey","HKLM","SUCCESS","Query: HandleTags, HandleTags: 0x0"
"7:12:28.0886563 PM","ctfmon.exe","3980","RegOpenKey","HKLM\Software\Microsoft\Input\Settings","SUCCESS","Desired Access: Read"
"7:12:28.0886970 PM","ctfmon.exe","3980","RegQueryKey","HKCU","SUCCESS","Query: HandleTags, HandleTags: 0x0"
"7:12:28.0887057 PM","ctfmon.exe","3980","RegOpenKey","HKCU\Software\Microsoft\Input\Settings","NAME NOT FOUND","Desired Access: Read"
"7:12:28.0887170 PM","ctfmon.exe","3980","RegQueryKey","HKLM\SOFTWARE\Microsoft\Input\Settings","SUCCESS","Query: HandleTags, HandleTags: 0x0"
"7:12:28.0887237 PM","ctfmon.exe","3980","RegOpenKey","HKLM\SOFTWARE\Microsoft\Input\Settings\proc_1\loc_0409\im_1","SUCCESS","Desired Access: Query Value"
"7:12:28.0887324 PM","ctfmon.exe","3980","RegQueryValue","HKLM\SOFTWARE\Microsoft\Input\Settings\proc_1\loc_0409\im_1\INLINEPREDICTIONMINSCOREDIFF","NAME NOT FOUND","Length: 144"
"7:12:28.0887418 PM","ctfmon.exe","3980","RegCloseKey","HKLM\SOFTWARE\Microsoft\Input\Settings\proc_1\loc_0409\im_1","SUCCESS",""
"7:12:28.0887868 PM","Explorer.EXE","4184","RegOpenKey","HKCR\Applications\Procmon64.exe","NAME NOT FOUND","Desired Access: Read"
"7:12:28.0887984 PM","ctfmon.exe","3980","RegQueryKey","HKLM\SOFTWARE\Microsoft\Input\Settings","SUCCESS","Query: HandleTags, HandleTags: 0x0"
"7:12:28.0888072 PM","ctfmon.exe","3980","RegOpenKey","HKLM\SOFTWARE\Microsoft\Input\Settings\proc_1\loc_0409","SUCCESS","Desired Access: Query Value"
"7:12:28.0888183 PM","ctfmon.exe","3980","RegQueryValue","HKLM\SOFTWARE\Microsoft\Input\Settings\proc_1\loc_0409\INLINEPREDICTIONMINSCOREDIFF","NAME NOT FOUND","Length: 144"
"7:12:28.0888273 PM","ctfmon.exe","3980","RegCloseKey","HKLM\SOFTWARE\Microsoft\Input\Settings\proc_1\loc_0409","SUCCESS",""
"7:12:28.0888348 PM","ctfmon.exe","3980","RegQueryKey","HKLM\SOFTWARE\Microsoft\Input\Settings","SUCCESS","Query: HandleTags, HandleTags: 0x0"
"7:12:28.0888719 PM","ctfmon.exe","3980","RegOpenKey","HKLM\SOFTWARE\Microsoft\Input\Settings\proc_1","SUCCESS","Desired Access: Query Value"
"7:12:28.0888834 PM","ctfmon.exe","3980","RegQueryValue","HKLM\SOFTWARE\Microsoft\Input\Settings\proc_1\INLINEPREDICTIONMINSCOREDIFF","SUCCESS","Type: REG_DWORD, Length: 4, Data: 125"
"7:12:28.0888934 PM","ctfmon.exe","3980","RegCloseKey","HKLM\SOFTWARE\Microsoft\Input\Settings\proc_1","SUCCESS",""
"7:12:28.0889009 PM","ctfmon.exe","3980","RegCloseKey","HKLM\SOFTWARE\Microsoft\Input\Settings","SUCCESS",""
"7:12:28.0889096 PM","ctfmon.exe","3980","RegQueryKey","HKLM","SUCCESS","Query: HandleTags, HandleTags: 0x0"
"7:12:28.0889166 PM","ctfmon.exe","3980","RegOpenKey","HKLM\Software\Microsoft\Input\Settings","SUCCESS","Desired Access: Read"
"7:12:28.0889657 PM","ctfmon.exe","3980","RegQueryKey","HKCU","SUCCESS","Query: HandleTags, HandleTags: 0x0"
"7:12:28.0889677 PM","Procmon64.exe","1132","CreateFileMapping","C:\Windows\System32\en-US\apphelp.dll.mui","FILE LOCKED WITH ONLY READERS","SyncType: SyncTypeCreateSection, PageProtection: PAGE_EXECUTE_READWRITE|PAGE_NOCACHE"
"7:12:28.0889741 PM","ctfmon.exe","3980","RegOpenKey","HKCU\Software\Microsoft\Input\Settings","NAME NOT FOUND","Desired Access: Read"
"7:12:28.0889774 PM","Procmon64.exe","1132","QueryStandardInformationFile","C:\Windows\System32\en-US\apphelp.dll.mui","SUCCESS","AllocationSize: 4,096, EndOfFile: 3,584, NumberOfLinks: 4, DeletePending: False, Directory: False"
"7:12:28.0889858 PM","Procmon64.exe","1132","FASTIO_RELEASE_FOR_SECTION_SYNCHRONIZATION","C:\Windows\System32\en-US\apphelp.dll.mui","SUCCESS",""
"7:12:28.0889867 PM","ctfmon.exe","3980","RegQueryKey","HKLM\SOFTWARE\Microsoft\Input\Settings","SUCCESS","Query: HandleTags, HandleTags: 0x0"
"7:12:28.0889921 PM","Procmon64.exe","1132","CreateFileMapping","C:\Windows\System32\en-US\apphelp.dll.mui","SUCCESS","SyncType: SyncTypeOther"
"7:12:28.0890220 PM","ctfmon.exe","3980","RegOpenKey","HKLM\SOFTWARE\Microsoft\Input\Settings\proc_1\loc_0409\im_1","SUCCESS","Desired Access: Query Value"
"7:12:28.0890367 PM","Procmon64.exe","1132","FASTIO_RELEASE_FOR_SECTION_SYNCHRONIZATION","C:\Windows\System32\en-US\apphelp.dll.mui","SUCCESS",""
"7:12:28.0890394 PM","ctfmon.exe","3980","RegQueryValue","HKLM\SOFTWARE\Microsoft\Input\Settings\proc_1\loc_0409\im_1\INLINEPREDICTIONMULTIWORDMINSCOREDIFF","NAME NOT FOUND","Length: 144"
"7:12:28.0890529 PM","ctfmon.exe","3980","RegCloseKey","HKLM\SOFTWARE\Microsoft\Input\Settings\proc_1\loc_0409\im_1","SUCCESS",""
"7:12:28.0890612 PM","Procmon64.exe","1132","ReadFile","C:\Windows\System32\en-US\apphelp.dll.mui","SUCCESS","Offset: 0, Length: 3,584, I/O Flags: Non-cached, Paging I/O, Synchronous Paging I/O, Priority: Normal"
"7:12:28.0890616 PM","ctfmon.exe","3980","RegQueryKey","HKLM\SOFTWARE\Microsoft\Input\Settings","SUCCESS","Query: HandleTags, HandleTags: 0x0"
"7:12:28.0890687 PM","ctfmon.exe","3980","RegOpenKey","HKLM\SOFTWARE\Microsoft\Input\Settings\proc_1\loc_0409","SUCCESS","Desired Access: Query Value"
"7:12:28.0891084 PM","ctfmon.exe","3980","RegQueryValue","HKLM\SOFTWARE\Microsoft\Input\Settings\proc_1\loc_0409\INLINEPREDICTIONMULTIWORDMINSCOREDIFF","NAME NOT FOUND","Length: 144"
"7:12:28.0891175 PM","ctfmon.exe","3980","RegCloseKey","HKLM\SOFTWARE\Microsoft\Input\Settings\proc_1\loc_0409","SUCCESS",""
"7:12:28.0891271 PM","ctfmon.exe","3980","RegQueryKey","HKLM\SOFTWARE\Microsoft\Input\Settings","SUCCESS","Query: HandleTags, HandleTags: 0x0"
"7:12:28.0891357 PM","ctfmon.exe","3980","RegOpenKey","HKLM\SOFTWARE\Microsoft\Input\Settings\proc_1","SUCCESS","Desired Access: Query Value"
"7:12:28.0891445 PM","ctfmon.exe","3980","RegQueryValue","HKLM\SOFTWARE\Microsoft\Input\Settings\proc_1\INLINEPREDICTIONMULTIWORDMINSCOREDIFF","SUCCESS","Type: REG_DWORD, Length: 4, Data: 40"
"7:12:28.0891466 PM","Explorer.EXE","4184","QueryOpen","C:\Users\12220186\Downloads\ProcessMonitor\Procmon64.exe","FAST IO DISALLOWED",""
"7:12:28.0892020 PM","ctfmon.exe","3980","RegCloseKey","HKLM\SOFTWARE\Microsoft\Input\Settings\proc_1","SUCCESS",""
"7:12:28.0892121 PM","ctfmon.exe","3980","RegCloseKey","HKLM\SOFTWARE\Microsoft\Input\Settings","SUCCESS",""
"7:12:28.0892214 PM","ctfmon.exe","3980","RegQueryKey","HKLM","SUCCESS","Query: HandleTags, HandleTags: 0x0"
"7:12:28.0892299 PM","ctfmon.exe","3980","RegOpenKey","HKLM\Software\Microsoft\Input\Settings","SUCCESS","Desired Access: Read"
"7:12:28.0892396 PM","Explorer.EXE","4184","CreateFile","C:\Users\12220186\Downloads\ProcessMonitor\Procmon64.exe","SUCCESS","Desired Access: Read Attributes, Disposition: Open, Options: Open Reparse Point, Attributes: n/a, ShareMode: Read, Write, Delete, AllocationSize: n/a, OpenResult: Opened"
"7:12:28.0892419 PM","ctfmon.exe","3980","RegQueryKey","HKCU","SUCCESS","Query: HandleTags, HandleTags: 0x0"
"7:12:28.0892902 PM","ctfmon.exe","3980","RegOpenKey","HKCU\Software\Microsoft\Input\Settings","NAME NOT FOUND","Desired Access: Read"
"7:12:28.0892913 PM","Explorer.EXE","4184","QueryBasicInformationFile","C:\Users\12220186\Downloads\ProcessMonitor\Procmon64.exe","SUCCESS","CreationTime: 6/20/2024 9:55:26 PM, LastAccessTime: 3/9/2026 7:12:28 PM, LastWriteTime: 3/9/2026 6:03:22 PM, ChangeTime: 3/9/2026 7:12:25 PM, FileAttributes: A"
"7:12:28.0893016 PM","Explorer.EXE","4184","CloseFile","C:\Users\12220186\Downloads\ProcessMonitor\Procmon64.exe","SUCCESS",""
"7:12:28.0893046 PM","ctfmon.exe","3980","RegQueryKey","HKLM\SOFTWARE\Microsoft\Input\Settings","SUCCESS","Query: HandleTags, HandleTags: 0x0"
"7:12:28.0893119 PM","ctfmon.exe","3980","RegOpenKey","HKLM\SOFTWARE\Microsoft\Input\Settings\proc_1\loc_0409\im_1","SUCCESS","Desired Access: Query Value"
"7:12:28.0893175 PM","Explorer.EXE","4184","IRP_MJ_CLOSE","C:\Users\12220186\Downloads\ProcessMonitor\Procmon64.exe","SUCCESS",""
"7:12:28.0893606 PM","ctfmon.exe","3980","RegQueryValue","HKLM\SOFTWARE\Microsoft\Input\Settings\proc_1\loc_0409\im_1\INLINEPREDICTIONMINPREDICTIONLENGTH","NAME NOT FOUND","Length: 144"
"7:12:28.0893769 PM","ctfmon.exe","3980","RegCloseKey","HKLM\SOFTWARE\Microsoft\Input\Settings\proc_1\loc_0409\im_1","SUCCESS",""
"7:12:28.0893879 PM","ctfmon.exe","3980","RegQueryKey","HKLM\SOFTWARE\Microsoft\Input\Settings","SUCCESS","Query: HandleTags, HandleTags: 0x0"
"7:12:28.0893960 PM","ctfmon.exe","3980","RegOpenKey","HKLM\SOFTWARE\Microsoft\Input\Settings\proc_1\loc_0409","SUCCESS","Desired Access: Query Value"
"7:12:28.0894074 PM","ctfmon.exe","3980","RegQueryValue","HKLM\SOFTWARE\Microsoft\Input\Settings\proc_1\loc_0409\INLINEPREDICTIONMINPREDICTIONLENGTH","NAME NOT FOUND","Length: 144"
"7:12:28.0894155 PM","ctfmon.exe","3980","RegCloseKey","HKLM\SOFTWARE\Microsoft\Input\Settings\proc_1\loc_0409","SUCCESS",""
"7:12:28.0894615 PM","ctfmon.exe","3980","RegQueryKey","HKLM\SOFTWARE\Microsoft\Input\Settings","SUCCESS","Query: HandleTags, HandleTags: 0x0"
"7:12:28.0894708 PM","ctfmon.exe","3980","RegOpenKey","HKLM\SOFTWARE\Microsoft\Input\Settings\proc_1","SUCCESS","Desired Access: Query Value"
"7:12:28.0894817 PM","ctfmon.exe","3980","RegQueryValue","HKLM\SOFTWARE\Microsoft\Input\Settings\proc_1\INLINEPREDICTIONMINPREDICTIONLENGTH","NAME NOT FOUND","Length: 144"
"7:12:28.0894923 PM","ctfmon.exe","3980","RegCloseKey","HKLM\SOFTWARE\Microsoft\Input\Settings\proc_1","SUCCESS",""
"7:12:28.0894992 PM","ctfmon.exe","3980","RegQueryValue","HKLM\SOFTWARE\Microsoft\Input\Settings\INLINEPREDICTIONMINPREDICTIONLENGTH","NAME NOT FOUND","Length: 144"
"7:12:28.0895082 PM","ctfmon.exe","3980","RegCloseKey","HKLM\SOFTWARE\Microsoft\Input\Settings","SUCCESS",""
"7:12:28.0895441 PM","ctfmon.exe","3980","RegQueryKey","HKLM","SUCCESS","Query: HandleTags, HandleTags: 0x0"
"7:12:28.0895526 PM","ctfmon.exe","3980","RegOpenKey","HKLM\Software\Microsoft\Input\Settings","SUCCESS","Desired Access: Read"
"7:12:28.0895646 PM","ctfmon.exe","3980","RegQueryKey","HKCU","SUCCESS","Query: HandleTags, HandleTags: 0x0"
"7:12:28.0895713 PM","ctfmon.exe","3980","RegOpenKey","HKCU\Software\Microsoft\Input\Settings","NAME NOT FOUND","Desired Access: Read"
"7:12:28.0895823 PM","ctfmon.exe","3980","RegQueryKey","HKLM\SOFTWARE\Microsoft\Input\Settings","SUCCESS","Query: HandleTags, HandleTags: 0x0"
"7:12:28.0896025 PM","Procmon64.exe","1132","QueryOpen","C:\Windows\System32\apphelp.dll","FAST IO DISALLOWED",""
"7:12:28.0896092 PM","ctfmon.exe","3980","RegOpenKey","HKLM\SOFTWARE\Microsoft\Input\Settings\proc_1\loc_0409\im_1","SUCCESS","Desired Access: Query Value"
"7:12:28.0896403 PM","Procmon64.exe","1132","CreateFile","C:\Windows\System32\apphelp.dll","SUCCESS","Desired Access: Read Attributes, Disposition: Open, Options: Open Reparse Point, Attributes: n/a, ShareMode: Read, Write, Delete, AllocationSize: n/a, OpenResult: Opened"
"7:12:28.0896477 PM","ctfmon.exe","3980","RegQueryValue","HKLM\SOFTWARE\Microsoft\Input\Settings\proc_1\loc_0409\im_1\PREDICTIONEDITDISTANCEWEIGHT","SUCCESS","Type: REG_DWORD, Length: 4, Data: 1"
"7:12:28.0896582 PM","ctfmon.exe","3980","RegCloseKey","HKLM\SOFTWARE\Microsoft\Input\Settings\proc_1\loc_0409\im_1","SUCCESS",""
"7:12:28.0896632 PM","Procmon64.exe","1132","QueryBasicInformationFile","C:\Windows\System32\apphelp.dll","SUCCESS","CreationTime: 12/4/2023 4:49:00 AM, LastAccessTime: 3/9/2026 7:12:27 PM, LastWriteTime: 12/4/2023 4:49:00 AM, ChangeTime: 3/10/2026 12:49:17 AM, FileAttributes: A"
"7:12:28.0896661 PM","ctfmon.exe","3980","RegCloseKey","HKLM\SOFTWARE\Microsoft\Input\Settings","SUCCESS",""
"7:12:28.0896700 PM","Procmon64.exe","1132","CloseFile","C:\Windows\System32\apphelp.dll","SUCCESS",""
"7:12:28.0896798 PM","Procmon64.exe","1132","IRP_MJ_CLOSE","C:\Windows\System32\apphelp.dll","SUCCESS",""
"7:12:28.0898287 PM","Procmon64.exe","1132","CreateFile","C:\Windows\System32\apphelp.dll","SUCCESS","Desired Access: Generic Read, Disposition: Open, Options: Synchronous IO Non-Alert, Non-Directory File, Attributes: n/a, ShareMode: Read, AllocationSize: n/a, OpenResult: Opened"
"7:12:28.0898607 PM","Procmon64.exe","1132","CreateFileMapping","C:\Windows\System32\apphelp.dll","FILE LOCKED WITH ONLY READERS","SyncType: SyncTypeCreateSection, PageProtection: PAGE_EXECUTE_READWRITE|PAGE_NOCACHE"
"7:12:28.0898687 PM","Procmon64.exe","1132","QueryStandardInformationFile","C:\Windows\System32\apphelp.dll","SUCCESS","AllocationSize: 573,440, EndOfFile: 571,392, NumberOfLinks: 2, DeletePending: False, Directory: False"
"7:12:28.0898768 PM","Procmon64.exe","1132","FASTIO_RELEASE_FOR_SECTION_SYNCHRONIZATION","C:\Windows\System32\apphelp.dll","SUCCESS",""
"7:12:28.0898828 PM","Procmon64.exe","1132","CreateFileMapping","C:\Windows\System32\apphelp.dll","SUCCESS","SyncType: SyncTypeOther"
"7:12:28.0898876 PM","Procmon64.exe","1132","FASTIO_RELEASE_FOR_SECTION_SYNCHRONIZATION","C:\Windows\System32\apphelp.dll","SUCCESS",""
"7:12:28.0899183 PM","Procmon64.exe","1132","ReadFile","C:\Windows\System32\apphelp.dll","SUCCESS","Offset: 0, Length: 32,768, I/O Flags: Non-cached, Paging I/O, Synchronous Paging I/O, Priority: Normal"
"7:12:28.0900435 PM","Explorer.EXE","4184","ReadFile","C:\Windows\System32\TaskFlowDataEngine.dll","SUCCESS","Offset: 1,389,056, Length: 12,288, I/O Flags: Non-cached, Paging I/O, Synchronous Paging I/O, Priority: Normal"
"7:12:28.0900468 PM","ctfmon.exe","3980","RegQueryKey","HKLM","SUCCESS","Query: HandleTags, HandleTags: 0x0"
"7:12:28.0900930 PM","Explorer.EXE","4184","RegOpenKey","HKCU","SUCCESS","Desired Access: Query Value"
"7:12:28.0901037 PM","ctfmon.exe","3980","RegOpenKey","HKLM\Software\Microsoft\Input\Settings","SUCCESS","Desired Access: Read"
"7:12:28.0901168 PM","Explorer.EXE","4184","RegCloseKey","HKCU","SUCCESS",""
"7:12:28.0901212 PM","ctfmon.exe","3980","RegQueryKey","HKCU","SUCCESS","Query: HandleTags, HandleTags: 0x0"
"7:12:28.0901293 PM","ctfmon.exe","3980","RegOpenKey","HKCU\Software\Microsoft\Input\Settings","NAME NOT FOUND","Desired Access: Read"
"7:12:28.0901421 PM","ctfmon.exe","3980","RegQueryKey","HKLM\SOFTWARE\Microsoft\Input\Settings","SUCCESS","Query: HandleTags, HandleTags: 0x0"
"7:12:28.0901736 PM","ctfmon.exe","3980","RegOpenKey","HKLM\SOFTWARE\Microsoft\Input\Settings\is_0\loc_0409","NAME NOT FOUND","Desired Access: Query Value"
"7:12:28.0901937 PM","ctfmon.exe","3980","RegQueryKey","HKLM\SOFTWARE\Microsoft\Input\Settings","SUCCESS","Query: HandleTags, HandleTags: 0x0"
"7:12:28.0902026 PM","ctfmon.exe","3980","RegOpenKey","HKLM\SOFTWARE\Microsoft\Input\Settings\is_0","SUCCESS","Desired Access: Query Value"
"7:12:28.0902133 PM","ctfmon.exe","3980","RegQueryValue","HKLM\SOFTWARE\Microsoft\Input\Settings\is_0\SearchDataSources","SUCCESS","Type: REG_DWORD, Length: 4, Data: 38"
"7:12:28.0902239 PM","ctfmon.exe","3980","RegCloseKey","HKLM\SOFTWARE\Microsoft\Input\Settings\is_0","SUCCESS",""
"7:12:28.0902257 PM","Explorer.EXE","4184","RegQueryKey","HKCU\Software\Classes","SUCCESS","Query: Name"
"7:12:28.0902316 PM","ctfmon.exe","3980","RegCloseKey","HKLM\SOFTWARE\Microsoft\Input\Settings","SUCCESS",""
"7:12:28.0902711 PM","ctfmon.exe","3980","RegQueryKey","HKLM","SUCCESS","Query: HandleTags, HandleTags: 0x0"
"7:12:28.0902793 PM","ctfmon.exe","3980","RegOpenKey","HKLM\Software\Microsoft\Input\Settings","SUCCESS","Desired Access: Read"
"7:12:28.0902911 PM","ctfmon.exe","3980","RegQueryKey","HKCU","SUCCESS","Query: HandleTags, HandleTags: 0x0"
"7:12:28.0902978 PM","ctfmon.exe","3980","RegOpenKey","HKCU\Software\Microsoft\Input\Settings","NAME NOT FOUND","Desired Access: Read"
"7:12:28.0903078 PM","ctfmon.exe","3980","RegQueryKey","HKLM\SOFTWARE\Microsoft\Input\Settings","SUCCESS","Query: HandleTags, HandleTags: 0x0"
"7:12:28.0903145 PM","ctfmon.exe","3980","RegOpenKey","HKLM\SOFTWARE\Microsoft\Input\Settings\is_0\loc_0409","NAME NOT FOUND","Desired Access: Query Value"
"7:12:28.0903548 PM","ctfmon.exe","3980","RegQueryKey","HKLM\SOFTWARE\Microsoft\Input\Settings","SUCCESS","Query: HandleTags, HandleTags: 0x0"
"7:12:28.0903638 PM","ctfmon.exe","3980","RegOpenKey","HKLM\SOFTWARE\Microsoft\Input\Settings\is_0","SUCCESS","Desired Access: Query Value"
"7:12:28.0903734 PM","ctfmon.exe","3980","RegQueryValue","HKLM\SOFTWARE\Microsoft\Input\Settings\is_0\SearchWeight_3","NAME NOT FOUND","Length: 144"
"7:12:28.0903828 PM","ctfmon.exe","3980","RegCloseKey","HKLM\SOFTWARE\Microsoft\Input\Settings\is_0","SUCCESS",""
"7:12:28.0903899 PM","ctfmon.exe","3980","RegQueryValue","HKLM\SOFTWARE\Microsoft\Input\Settings\SearchWeight_3","SUCCESS","Type: REG_DWORD, Length: 4, Data: 1"
"7:12:28.0903989 PM","ctfmon.exe","3980","RegCloseKey","HKLM\SOFTWARE\Microsoft\Input\Settings","SUCCESS",""
"7:12:28.0904564 PM","ctfmon.exe","3980","RegQueryKey","HKLM","SUCCESS","Query: HandleTags, HandleTags: 0x0"
"7:12:28.0904932 PM","ctfmon.exe","3980","RegOpenKey","HKLM\Software\Microsoft\Input\Settings","SUCCESS","Desired Access: Read"
"7:12:28.0905064 PM","ctfmon.exe","3980","RegQueryKey","HKCU","SUCCESS","Query: HandleTags, HandleTags: 0x0"
"7:12:28.0905132 PM","ctfmon.exe","3980","RegOpenKey","HKCU\Software\Microsoft\Input\Settings","NAME NOT FOUND","Desired Access: Read"
"7:12:28.0905240 PM","ctfmon.exe","3980","RegQueryKey","HKLM\SOFTWARE\Microsoft\Input\Settings","SUCCESS","Query: HandleTags, HandleTags: 0x0"
"7:12:28.0905306 PM","ctfmon.exe","3980","RegOpenKey","HKLM\SOFTWARE\Microsoft\Input\Settings\is_0\loc_0409","NAME NOT FOUND","Desired Access: Query Value"
"7:12:28.0905391 PM","ctfmon.exe","3980","RegQueryKey","HKLM\SOFTWARE\Microsoft\Input\Settings","SUCCESS","Query: HandleTags, HandleTags: 0x0"
"7:12:28.0905757 PM","Explorer.EXE","4184","RegQueryKey","HKCU\Software\Classes","SUCCESS","Query: HandleTags, HandleTags: 0x0"
"7:12:28.0905764 PM","ctfmon.exe","3980","RegOpenKey","HKLM\SOFTWARE\Microsoft\Input\Settings\is_0","SUCCESS","Desired Access: Query Value"
"7:12:28.0905881 PM","ctfmon.exe","3980","RegQueryValue","HKLM\SOFTWARE\Microsoft\Input\Settings\is_0\SearchWeight_10","NAME NOT FOUND","Length: 144"
"7:12:28.0905973 PM","ctfmon.exe","3980","RegCloseKey","HKLM\SOFTWARE\Microsoft\Input\Settings\is_0","SUCCESS",""
"7:12:28.0906047 PM","ctfmon.exe","3980","RegQueryValue","HKLM\SOFTWARE\Microsoft\Input\Settings\SearchWeight_10","SUCCESS","Type: REG_DWORD, Length: 4, Data: 100"
"7:12:28.0906092 PM","Procmon64.exe","1132","CloseFile","C:\Windows\System32\apphelp.dll","SUCCESS",""
"7:12:28.0906135 PM","ctfmon.exe","3980","RegCloseKey","HKLM\SOFTWARE\Microsoft\Input\Settings","SUCCESS",""
"7:12:28.0906900 PM","ctfmon.exe","3980","RegQueryKey","HKLM","SUCCESS","Query: HandleTags, HandleTags: 0x0"
"7:12:28.0907006 PM","ctfmon.exe","3980","RegOpenKey","HKLM\Software\Microsoft\Input\Locales\loc_0409","SUCCESS","Desired Access: Query Value"
"7:12:28.0907154 PM","ctfmon.exe","3980","RegQueryValue","HKLM\SOFTWARE\Microsoft\Input\Locales\loc_0409\UseFluency","SUCCESS","Type: REG_DWORD, Length: 4, Data: 2"
"7:12:28.0907259 PM","ctfmon.exe","3980","RegCloseKey","HKLM\SOFTWARE\Microsoft\Input\Locales\loc_0409","SUCCESS",""
"7:12:28.0907361 PM","ctfmon.exe","3980","RegQueryKey","HKLM","SUCCESS","Query: HandleTags, HandleTags: 0x0"
"7:12:28.0907432 PM","ctfmon.exe","3980","RegOpenKey","HKLM\Software\Microsoft\Input\Locales\loc_0409","SUCCESS","Desired Access: Query Value"
"7:12:28.0907521 PM","ctfmon.exe","3980","RegQueryValue","HKLM\SOFTWARE\Microsoft\Input\Locales\loc_0409\Dictionary File","SUCCESS","Type: REG_SZ, Length: 34, Data: mssp7en-US.lex:1"
"7:12:28.0907922 PM","Procmon64.exe","1132","QueryOpen","C:\Windows\System32\ws2_32.dll","FAST IO DISALLOWED",""
"7:12:28.0907926 PM","ctfmon.exe","3980","RegCloseKey","HKLM\SOFTWARE\Microsoft\Input\Locales\loc_0409","SUCCESS",""
"7:12:28.0908038 PM","ctfmon.exe","3980","RegQueryKey","HKLM","SUCCESS","Query: HandleTags, HandleTags: 0x0"
"7:12:28.0908121 PM","ctfmon.exe","3980","RegOpenKey","HKLM\Software\Microsoft\Input\Locales\loc_0409","SUCCESS","Desired Access: Query Value"
"7:12:28.0908231 PM","ctfmon.exe","3980","RegQueryValue","HKLM\SOFTWARE\Microsoft\Input\Locales\loc_0409\VersionUser","NAME NOT FOUND","Length: 16"
"7:12:28.0908300 PM","Procmon64.exe","1132","CreateFile","C:\Windows\System32\ws2_32.dll","SUCCESS","Desired Access: Read Attributes, Disposition: Open, Options: Open Reparse Point, Attributes: n/a, ShareMode: Read, Write, Delete, AllocationSize: n/a, OpenResult: Opened"
"7:12:28.0908317 PM","ctfmon.exe","3980","RegCloseKey","HKLM\SOFTWARE\Microsoft\Input\Locales\loc_0409","SUCCESS",""
"7:12:28.0908833 PM","ctfmon.exe","3980","RegQueryKey","HKLM","SUCCESS","Query: HandleTags, HandleTags: 0x0"
"7:12:28.0908931 PM","ctfmon.exe","3980","RegOpenKey","HKLM\Software\Microsoft\Input\Locales\loc_0409","SUCCESS","Desired Access: Query Value"
"7:12:28.0908944 PM","Procmon64.exe","1132","QueryBasicInformationFile","C:\Windows\System32\ws2_32.dll","SUCCESS","CreationTime: 12/4/2023 4:49:07 AM, LastAccessTime: 3/9/2026 5:42:45 PM, LastWriteTime: 12/4/2023 4:49:07 AM, ChangeTime: 3/10/2026 12:49:06 AM, FileAttributes: A"
"7:12:28.0909025 PM","Procmon64.exe","1132","CloseFile","C:\Windows\System32\ws2_32.dll","SUCCESS",""
"7:12:28.0909055 PM","ctfmon.exe","3980","RegQueryValue","HKLM\SOFTWARE\Microsoft\Input\Locales\loc_0409\VersionOEM","SUCCESS","Type: REG_DWORD, Length: 4, Data: 1"
"7:12:28.0909139 PM","Procmon64.exe","1132","IRP_MJ_CLOSE","C:\Windows\System32\ws2_32.dll","SUCCESS",""
"7:12:28.0909160 PM","ctfmon.exe","3980","RegCloseKey","HKLM\SOFTWARE\Microsoft\Input\Locales\loc_0409","SUCCESS",""
"7:12:28.0909822 PM","Procmon64.exe","1132","ReadFile","C:\Windows\System32\ws2_32.dll","SUCCESS","Offset: 400,896, Length: 14,336, I/O Flags: Non-cached, Paging I/O, Synchronous Paging I/O, Priority: Normal"
"7:12:28.0910459 PM","Explorer.EXE","4184","RegQueryKey","HKCU\Software\Classes","SUCCESS","Query: HandleTags, HandleTags: 0x0"
"7:12:28.0910584 PM","Explorer.EXE","4184","RegOpenKey","HKCU\Software\Classes\CLSID\{56AD4C5D-B908-4F85-8FF1-7940C29B3BCF}\Instance","NAME NOT FOUND","Desired Access: Read"
"7:12:28.0910666 PM","ctfmon.exe","3980","QueryOpen","C:\Windows\System32\en-US\mssp7en-US.lex","FAST IO DISALLOWED",""
"7:12:28.0910784 PM","Explorer.EXE","4184","RegOpenKey","HKCR\CLSID\{56AD4C5D-B908-4F85-8FF1-7940C29B3BCF}\Instance","NAME NOT FOUND","Desired Access: Read"
"7:12:28.0911165 PM","ctfmon.exe","3980","CreateFile","C:\Windows\System32\en-US\mssp7en-US.lex","NAME NOT FOUND","Desired Access: Read Attributes, Disposition: Open, Options: Open Reparse Point, Attributes: n/a, ShareMode: Read, Write, Delete, AllocationSize: n/a"
"7:12:28.0912310 PM","ctfmon.exe","3980","QueryOpen","C:\Windows\Globalization\ELS\SpellDictionaries\MsSp7en-US.lex","FAST IO DISALLOWED",""
"7:12:28.0912670 PM","ctfmon.exe","3980","CreateFile","C:\Windows\Globalization\ELS\SpellDictionaries\MsSp7en-US.lex","SUCCESS","Desired Access: Read Attributes, Disposition: Open, Options: Open Reparse Point, Attributes: n/a, ShareMode: Read, Write, Delete, AllocationSize: n/a, OpenResult: Opened"
"7:12:28.0912817 PM","ctfmon.exe","3980","QueryBasicInformationFile","C:\Windows\Globalization\ELS\SpellDictionaries\MsSp7en-US.lex","SUCCESS","CreationTime: 12/7/2019 11:52:01 AM, LastAccessTime: 3/9/2026 5:42:45 PM, LastWriteTime: 12/6/2019 6:33:00 PM, ChangeTime: 3/10/2026 1:47:50 AM, FileAttributes: A"
"7:12:28.0912902 PM","ctfmon.exe","3980","CloseFile","C:\Windows\Globalization\ELS\SpellDictionaries\MsSp7en-US.lex","SUCCESS",""
"7:12:28.0913026 PM","ctfmon.exe","3980","IRP_MJ_CLOSE","C:\Windows\Globalization\ELS\SpellDictionaries\MsSp7en-US.lex","SUCCESS",""
"7:12:28.0913198 PM","ctfmon.exe","3980","RegQueryKey","HKLM","SUCCESS","Query: HandleTags, HandleTags: 0x0"
"7:12:28.0913604 PM","ctfmon.exe","3980","RegOpenKey","HKLM\Software\Microsoft\Input\Locales\loc_0409","SUCCESS","Desired Access: Query Value"
"7:12:28.0913751 PM","ctfmon.exe","3980","RegQueryValue","HKLM\SOFTWARE\Microsoft\Input\Locales\loc_0409\Fluency Model Directory","SUCCESS","Type: REG_SZ, Length: 12, Data: en-US"
"7:12:28.0913864 PM","ctfmon.exe","3980","RegCloseKey","HKLM\SOFTWARE\Microsoft\Input\Locales\loc_0409","SUCCESS",""
"7:12:28.0914561 PM","ctfmon.exe","3980","QueryOpen","C:\Windows\system32\Fluency\en-US\.config","FAST IO DISALLOWED",""
"7:12:28.0914918 PM","ctfmon.exe","3980","CreateFile","C:\Windows\system32\Fluency\en-US\.config","PATH NOT FOUND","Desired Access: Read Attributes, Disposition: Open, Options: Open Reparse Point, Attributes: n/a, ShareMode: Read, Write, Delete, AllocationSize: n/a"
"7:12:28.0915606 PM","ctfmon.exe","3980","QueryOpen","C:\Windows\Globalization\ELS\SpellDictionaries\Fluency\en-US\.config","FAST IO DISALLOWED",""
"7:12:28.0916541 PM","ctfmon.exe","3980","CreateFile","C:\Windows\Globalization\ELS\SpellDictionaries\Fluency\en-US\.config","SUCCESS","Desired Access: Read Attributes, Disposition: Open, Options: Open Reparse Point, Attributes: n/a, ShareMode: Read, Write, Delete, AllocationSize: n/a, OpenResult: Opened"
"7:12:28.0916700 PM","ctfmon.exe","3980","QueryBasicInformationFile","C:\Windows\Globalization\ELS\SpellDictionaries\Fluency\en-US\.config","SUCCESS","CreationTime: 12/7/2019 11:52:01 AM, LastAccessTime: 3/9/2026 3:55:47 PM, LastWriteTime: 10/15/2019 3:49:00 PM, ChangeTime: 3/10/2026 1:46:56 AM, FileAttributes: A"
"7:12:28.0916780 PM","ctfmon.exe","3980","CloseFile","C:\Windows\Globalization\ELS\SpellDictionaries\Fluency\en-US\.config","SUCCESS",""
"7:12:28.0916876 PM","ctfmon.exe","3980","IRP_MJ_CLOSE","C:\Windows\Globalization\ELS\SpellDictionaries\Fluency\en-US\.config","SUCCESS",""
"7:12:28.0917050 PM","ctfmon.exe","3980","RegQueryKey","HKLM","SUCCESS","Query: HandleTags, HandleTags: 0x0"
"7:12:28.0917426 PM","ctfmon.exe","3980","RegOpenKey","HKLM\Software\Microsoft\Input\Locales\loc_0409","SUCCESS","Desired Access: Query Value"
"7:12:28.0917566 PM","ctfmon.exe","3980","RegQueryValue","HKLM\SOFTWARE\Microsoft\Input\Locales\loc_0409\UseFluency","SUCCESS","Type: REG_DWORD, Length: 4, Data: 2"
"7:12:28.0917672 PM","ctfmon.exe","3980","RegCloseKey","HKLM\SOFTWARE\Microsoft\Input\Locales\loc_0409","SUCCESS",""
"7:12:28.0917788 PM","ctfmon.exe","3980","RegQueryKey","HKLM","SUCCESS","Query: HandleTags, HandleTags: 0x0"
"7:12:28.0917859 PM","ctfmon.exe","3980","RegOpenKey","HKLM\Software\Microsoft\MTFKeyboardMappings\LANG_0409","SUCCESS","Desired Access: Read"
"7:12:28.0917965 PM","ctfmon.exe","3980","RegQueryValue","HKLM\SOFTWARE\Microsoft\MTFKeyboardMappings\LANG_0409\SoftKeyboard","SUCCESS","Type: REG_SZ, Length: 78, Data: {E0C15D57-C717-44b6-A190-1C842E3607B0}"
"7:12:28.0918311 PM","ctfmon.exe","3980","RegCloseKey","HKLM\SOFTWARE\Microsoft\MTFKeyboardMappings\LANG_0409","SUCCESS",""
"7:12:28.0918464 PM","ctfmon.exe","3980","RegQueryKey","HKLM","SUCCESS","Query: HandleTags, HandleTags: 0x0"
"7:12:28.0918546 PM","ctfmon.exe","3980","RegOpenKey","HKLM\Software\Microsoft\Input\Settings","SUCCESS","Desired Access: Read"
"7:12:28.0918666 PM","ctfmon.exe","3980","RegQueryKey","HKCU","SUCCESS","Query: HandleTags, HandleTags: 0x0"
"7:12:28.0918734 PM","ctfmon.exe","3980","RegOpenKey","HKCU\Software\Microsoft\Input\Settings","NAME NOT FOUND","Desired Access: Read"
"7:12:28.0918857 PM","ctfmon.exe","3980","RegQueryKey","HKLM\SOFTWARE\Microsoft\Input\Settings","SUCCESS","Query: HandleTags, HandleTags: 0x0"
"7:12:28.0918924 PM","ctfmon.exe","3980","RegOpenKey","HKLM\SOFTWARE\Microsoft\Input\Settings\proc_1\loc_0409\im_1","SUCCESS","Desired Access: Query Value"
"7:12:28.0919330 PM","ctfmon.exe","3980","RegQueryValue","HKLM\SOFTWARE\Microsoft\Input\Settings\proc_1\loc_0409\im_1\MAXCANDIDATES","NAME NOT FOUND","Length: 144"
"7:12:28.0919439 PM","ctfmon.exe","3980","RegCloseKey","HKLM\SOFTWARE\Microsoft\Input\Settings\proc_1\loc_0409\im_1","SUCCESS",""
"7:12:28.0919539 PM","ctfmon.exe","3980","RegQueryKey","HKLM\SOFTWARE\Microsoft\Input\Settings","SUCCESS","Query: HandleTags, HandleTags: 0x0"
"7:12:28.0919621 PM","ctfmon.exe","3980","RegOpenKey","HKLM\SOFTWARE\Microsoft\Input\Settings\proc_1\loc_0409","SUCCESS","Desired Access: Query Value"
"7:12:28.0919707 PM","ctfmon.exe","3980","RegQueryValue","HKLM\SOFTWARE\Microsoft\Input\Settings\proc_1\loc_0409\MAXCANDIDATES","NAME NOT FOUND","Length: 144"
"7:12:28.0920088 PM","ctfmon.exe","3980","RegCloseKey","HKLM\SOFTWARE\Microsoft\Input\Settings\proc_1\loc_0409","SUCCESS",""
"7:12:28.0920247 PM","ctfmon.exe","3980","RegQueryKey","HKLM\SOFTWARE\Microsoft\Input\Settings","SUCCESS","Query: HandleTags, HandleTags: 0x0"
"7:12:28.0920348 PM","ctfmon.exe","3980","RegOpenKey","HKLM\SOFTWARE\Microsoft\Input\Settings\proc_1","SUCCESS","Desired Access: Query Value"
"7:12:28.0920465 PM","ctfmon.exe","3980","RegQueryValue","HKLM\SOFTWARE\Microsoft\Input\Settings\proc_1\MAXCANDIDATES","SUCCESS","Type: REG_DWORD, Length: 4, Data: 11"
"7:12:28.0920570 PM","ctfmon.exe","3980","RegCloseKey","HKLM\SOFTWARE\Microsoft\Input\Settings\proc_1","SUCCESS",""
"7:12:28.0920641 PM","ctfmon.exe","3980","RegCloseKey","HKLM\SOFTWARE\Microsoft\Input\Settings","SUCCESS",""
"7:12:28.0920721 PM","ctfmon.exe","3980","RegQueryKey","HKLM","SUCCESS","Query: HandleTags, HandleTags: 0x0"
"7:12:28.0921075 PM","ctfmon.exe","3980","RegOpenKey","HKLM\Software\Microsoft\Input\Settings","SUCCESS","Desired Access: Read"
"7:12:28.0921209 PM","ctfmon.exe","3980","RegQueryKey","HKCU","SUCCESS","Query: HandleTags, HandleTags: 0x0"
"7:12:28.0921279 PM","ctfmon.exe","3980","RegOpenKey","HKCU\Software\Microsoft\Input\Settings","NAME NOT FOUND","Desired Access: Read"
"7:12:28.0921391 PM","ctfmon.exe","3980","RegQueryKey","HKLM\SOFTWARE\Microsoft\Input\Settings","SUCCESS","Query: HandleTags, HandleTags: 0x0"
"7:12:28.0921458 PM","ctfmon.exe","3980","RegOpenKey","HKLM\SOFTWARE\Microsoft\Input\Settings\proc_1\loc_0409\im_1","SUCCESS","Desired Access: Query Value"
"7:12:28.0921547 PM","ctfmon.exe","3980","RegQueryValue","HKLM\SOFTWARE\Microsoft\Input\Settings\proc_1\loc_0409\im_1\MAXCORRECTIONS","NAME NOT FOUND","Length: 144"
"7:12:28.0921924 PM","ctfmon.exe","3980","RegCloseKey","HKLM\SOFTWARE\Microsoft\Input\Settings\proc_1\loc_0409\im_1","SUCCESS",""
"7:12:28.0922024 PM","ctfmon.exe","3980","RegQueryKey","HKLM\SOFTWARE\Microsoft\Input\Settings","SUCCESS","Query: HandleTags, HandleTags: 0x0"
"7:12:28.0922110 PM","ctfmon.exe","3980","RegOpenKey","HKLM\SOFTWARE\Microsoft\Input\Settings\proc_1\loc_0409","SUCCESS","Desired Access: Query Value"
"7:12:28.0922134 PM","Explorer.EXE","4184","RegOpenKey","HKCU","SUCCESS","Desired Access: Query Value"
"7:12:28.0922225 PM","ctfmon.exe","3980","RegQueryValue","HKLM\SOFTWARE\Microsoft\Input\Settings\proc_1\loc_0409\MAXCORRECTIONS","NAME NOT FOUND","Length: 144"
"7:12:28.0922318 PM","Explorer.EXE","4184","RegCloseKey","HKCU","SUCCESS",""
"7:12:28.0922327 PM","ctfmon.exe","3980","RegCloseKey","HKLM\SOFTWARE\Microsoft\Input\Settings\proc_1\loc_0409","SUCCESS",""
"7:12:28.0922889 PM","ctfmon.exe","3980","RegQueryKey","HKLM\SOFTWARE\Microsoft\Input\Settings","SUCCESS","Query: HandleTags, HandleTags: 0x0"
"7:12:28.0922992 PM","ctfmon.exe","3980","RegOpenKey","HKLM\SOFTWARE\Microsoft\Input\Settings\proc_1","SUCCESS","Desired Access: Query Value"
"7:12:28.0923099 PM","Procmon64.exe","1132","RegOpenKey","HKLM\Software\Microsoft\LanguageOverlay\OverlayPackages\en-US","NAME NOT FOUND","Desired Access: Read"
"7:12:28.0923112 PM","ctfmon.exe","3980","RegQueryValue","HKLM\SOFTWARE\Microsoft\Input\Settings\proc_1\MAXCORRECTIONS","NAME NOT FOUND","Length: 144"
"7:12:28.0923229 PM","ctfmon.exe","3980","RegCloseKey","HKLM\SOFTWARE\Microsoft\Input\Settings\proc_1","SUCCESS",""
"7:12:28.0923296 PM","ctfmon.exe","3980","RegQueryValue","HKLM\SOFTWARE\Microsoft\Input\Settings\MAXCORRECTIONS","SUCCESS","Type: REG_DWORD, Length: 4, Data: 4"
"7:12:28.0923677 PM","ctfmon.exe","3980","RegCloseKey","HKLM\SOFTWARE\Microsoft\Input\Settings","SUCCESS",""
"7:12:28.0923767 PM","ctfmon.exe","3980","RegQueryKey","HKLM","SUCCESS","Query: HandleTags, HandleTags: 0x0"
"7:12:28.0923848 PM","ctfmon.exe","3980","RegOpenKey","HKLM\Software\Microsoft\Input\Settings","SUCCESS","Desired Access: Read"
"7:12:28.0923887 PM","Procmon64.exe","1132","CreateFile","C:\Windows\System32\en-US\ws2_32.dll.mui","SUCCESS","Desired Access: Read Data/List Directory, Synchronize, Disposition: Open, Options: Synchronous IO Non-Alert, Non-Directory File, Attributes: n/a, ShareMode: Read, Delete, AllocationSize: n/a, OpenResult: Opened"
"7:12:28.0923966 PM","ctfmon.exe","3980","RegQueryKey","HKCU","SUCCESS","Query: HandleTags, HandleTags: 0x0"
"7:12:28.0924035 PM","ctfmon.exe","3980","RegOpenKey","HKCU\Software\Microsoft\Input\Settings","NAME NOT FOUND","Desired Access: Read"
"7:12:28.0924148 PM","ctfmon.exe","3980","RegQueryKey","HKLM\SOFTWARE\Microsoft\Input\Settings","SUCCESS","Query: HandleTags, HandleTags: 0x0"
"7:12:28.0924710 PM","ctfmon.exe","3980","RegOpenKey","HKLM\SOFTWARE\Microsoft\Input\Settings\proc_1\loc_0409\im_1","SUCCESS","Desired Access: Query Value"
"7:12:28.0924777 PM","Procmon64.exe","1132","CreateFileMapping","C:\Windows\System32\en-US\ws2_32.dll.mui","FILE LOCKED WITH ONLY READERS","SyncType: SyncTypeCreateSection, PageProtection: PAGE_EXECUTE_READWRITE|PAGE_NOCACHE"
"7:12:28.0924887 PM","ctfmon.exe","3980","RegQueryValue","HKLM\SOFTWARE\Microsoft\Input\Settings\proc_1\loc_0409\im_1\MAXCANDIDATES","NAME NOT FOUND","Length: 144"
"7:12:28.0924931 PM","Procmon64.exe","1132","QueryStandardInformationFile","C:\Windows\System32\en-US\ws2_32.dll.mui","SUCCESS","AllocationSize: 24,576, EndOfFile: 21,504, NumberOfLinks: 2, DeletePending: False, Directory: False"
"7:12:28.0925001 PM","ctfmon.exe","3980","RegCloseKey","HKLM\SOFTWARE\Microsoft\Input\Settings\proc_1\loc_0409\im_1","SUCCESS",""
"7:12:28.0925015 PM","Procmon64.exe","1132","FASTIO_RELEASE_FOR_SECTION_SYNCHRONIZATION","C:\Windows\System32\en-US\ws2_32.dll.mui","SUCCESS",""
"7:12:28.0925079 PM","Procmon64.exe","1132","CreateFileMapping","C:\Windows\System32\en-US\ws2_32.dll.mui","SUCCESS","SyncType: SyncTypeOther"
"7:12:28.0925533 PM","ctfmon.exe","3980","RegQueryKey","HKLM\SOFTWARE\Microsoft\Input\Settings","SUCCESS","Query: HandleTags, HandleTags: 0x0"
"7:12:28.0925559 PM","Procmon64.exe","1132","FASTIO_RELEASE_FOR_SECTION_SYNCHRONIZATION","C:\Windows\System32\en-US\ws2_32.dll.mui","SUCCESS",""
"7:12:28.0925675 PM","ctfmon.exe","3980","RegOpenKey","HKLM\SOFTWARE\Microsoft\Input\Settings\proc_1\loc_0409","SUCCESS","Desired Access: Query Value"
"7:12:28.0925801 PM","ctfmon.exe","3980","RegQueryValue","HKLM\SOFTWARE\Microsoft\Input\Settings\proc_1\loc_0409\MAXCANDIDATES","NAME NOT FOUND","Length: 144"
"7:12:28.0925835 PM","Procmon64.exe","1132","ReadFile","C:\Windows\System32\en-US\ws2_32.dll.mui","SUCCESS","Offset: 0, Length: 21,504, I/O Flags: Non-cached, Paging I/O, Synchronous Paging I/O, Priority: Normal"
"7:12:28.0925890 PM","ctfmon.exe","3980","RegCloseKey","HKLM\SOFTWARE\Microsoft\Input\Settings\proc_1\loc_0409","SUCCESS",""
"7:12:28.0925977 PM","ctfmon.exe","3980","RegQueryKey","HKLM\SOFTWARE\Microsoft\Input\Settings","SUCCESS","Query: HandleTags, HandleTags: 0x0"
"7:12:28.0926362 PM","ctfmon.exe","3980","RegOpenKey","HKLM\SOFTWARE\Microsoft\Input\Settings\proc_1","SUCCESS","Desired Access: Query Value"
"7:12:28.0926478 PM","ctfmon.exe","3980","RegQueryValue","HKLM\SOFTWARE\Microsoft\Input\Settings\proc_1\MAXCANDIDATES","SUCCESS","Type: REG_DWORD, Length: 4, Data: 11"
"7:12:28.0926586 PM","ctfmon.exe","3980","RegCloseKey","HKLM\SOFTWARE\Microsoft\Input\Settings\proc_1","SUCCESS",""
"7:12:28.0926661 PM","ctfmon.exe","3980","RegCloseKey","HKLM\SOFTWARE\Microsoft\Input\Settings","SUCCESS",""
"7:12:28.0926740 PM","ctfmon.exe","3980","RegQueryKey","HKLM","SUCCESS","Query: HandleTags, HandleTags: 0x0"
"7:12:28.0926813 PM","ctfmon.exe","3980","RegOpenKey","HKLM\Software\Microsoft\Input\Settings","SUCCESS","Desired Access: Read"
"7:12:28.0926916 PM","ctfmon.exe","3980","RegQueryKey","HKCU","SUCCESS","Query: HandleTags, HandleTags: 0x0"
"7:12:28.0927299 PM","ctfmon.exe","3980","RegOpenKey","HKCU\Software\Microsoft\Input\Settings","NAME NOT FOUND","Desired Access: Read"
"7:12:28.0927514 PM","ctfmon.exe","3980","RegQueryKey","HKLM\SOFTWARE\Microsoft\Input\Settings","SUCCESS","Query: HandleTags, HandleTags: 0x0"
"7:12:28.0927586 PM","ctfmon.exe","3980","RegOpenKey","HKLM\SOFTWARE\Microsoft\Input\Settings\proc_1\loc_0409\im_1","SUCCESS","Desired Access: Query Value"
"7:12:28.0928849 PM","ctfmon.exe","3980","RegQueryValue","HKLM\SOFTWARE\Microsoft\Input\Settings\proc_1\loc_0409\im_1\NotActiveLanguagePenalty","NAME NOT FOUND","Length: 144"
"7:12:28.0928956 PM","ctfmon.exe","3980","RegCloseKey","HKLM\SOFTWARE\Microsoft\Input\Settings\proc_1\loc_0409\im_1","SUCCESS",""
"7:12:28.0929058 PM","ctfmon.exe","3980","RegQueryKey","HKLM\SOFTWARE\Microsoft\Input\Settings","SUCCESS","Query: HandleTags, HandleTags: 0x0"
"7:12:28.0929484 PM","ctfmon.exe","3980","RegOpenKey","HKLM\SOFTWARE\Microsoft\Input\Settings\proc_1\loc_0409","SUCCESS","Desired Access: Query Value"
"7:12:28.0929608 PM","ctfmon.exe","3980","RegQueryValue","HKLM\SOFTWARE\Microsoft\Input\Settings\proc_1\loc_0409\NotActiveLanguagePenalty","NAME NOT FOUND","Length: 144"
"7:12:28.0929699 PM","ctfmon.exe","3980","RegCloseKey","HKLM\SOFTWARE\Microsoft\Input\Settings\proc_1\loc_0409","SUCCESS",""
"7:12:28.0929790 PM","ctfmon.exe","3980","RegQueryKey","HKLM\SOFTWARE\Microsoft\Input\Settings","SUCCESS","Query: HandleTags, HandleTags: 0x0"
"7:12:28.0929870 PM","ctfmon.exe","3980","RegOpenKey","HKLM\SOFTWARE\Microsoft\Input\Settings\proc_1","SUCCESS","Desired Access: Query Value"
"7:12:28.0929953 PM","ctfmon.exe","3980","RegQueryValue","HKLM\SOFTWARE\Microsoft\Input\Settings\proc_1\NotActiveLanguagePenalty","NAME NOT FOUND","Length: 144"
"7:12:28.0930375 PM","ctfmon.exe","3980","RegCloseKey","HKLM\SOFTWARE\Microsoft\Input\Settings\proc_1","SUCCESS",""
"7:12:28.0930457 PM","ctfmon.exe","3980","RegQueryValue","HKLM\SOFTWARE\Microsoft\Input\Settings\NotActiveLanguagePenalty","SUCCESS","Type: REG_DWORD, Length: 4, Data: 40"
"7:12:28.0930548 PM","ctfmon.exe","3980","RegCloseKey","HKLM\SOFTWARE\Microsoft\Input\Settings","SUCCESS",""
"7:12:28.0930645 PM","ctfmon.exe","3980","RegQueryKey","HKLM","SUCCESS","Query: HandleTags, HandleTags: 0x0"
"7:12:28.0930728 PM","ctfmon.exe","3980","RegOpenKey","HKLM\Software\Microsoft\Input\Settings","SUCCESS","Desired Access: Read"
"7:12:28.0930853 PM","ctfmon.exe","3980","RegQueryKey","HKCU","SUCCESS","Query: HandleTags, HandleTags: 0x0"
"7:12:28.0930924 PM","ctfmon.exe","3980","RegOpenKey","HKCU\Software\Microsoft\Input\Settings","NAME NOT FOUND","Desired Access: Read"
"7:12:28.0931395 PM","ctfmon.exe","3980","RegQueryKey","HKLM\SOFTWARE\Microsoft\Input\Settings","SUCCESS","Query: HandleTags, HandleTags: 0x0"
"7:12:28.0931488 PM","ctfmon.exe","3980","RegOpenKey","HKLM\SOFTWARE\Microsoft\Input\Settings\proc_1\loc_0409\im_1","SUCCESS","Desired Access: Query Value"
"7:12:28.0931595 PM","ctfmon.exe","3980","RegQueryValue","HKLM\SOFTWARE\Microsoft\Input\Settings\proc_1\loc_0409\im_1\PREDICTIONPENALTY","SUCCESS","Type: REG_DWORD, Length: 4, Data: 7"
"7:12:28.0931725 PM","ctfmon.exe","3980","RegCloseKey","HKLM\SOFTWARE\Microsoft\Input\Settings\proc_1\loc_0409\im_1","SUCCESS",""
"7:12:28.0931810 PM","ctfmon.exe","3980","RegCloseKey","HKLM\SOFTWARE\Microsoft\Input\Settings","SUCCESS",""
"7:12:28.0931894 PM","ctfmon.exe","3980","RegQueryKey","HKLM","SUCCESS","Query: HandleTags, HandleTags: 0x0"
"7:12:28.0932294 PM","ctfmon.exe","3980","RegOpenKey","HKLM\Software\Microsoft\Input\Settings","SUCCESS","Desired Access: Read"
"7:12:28.0932438 PM","ctfmon.exe","3980","RegQueryKey","HKCU","SUCCESS","Query: HandleTags, HandleTags: 0x0"
"7:12:28.0932532 PM","ctfmon.exe","3980","RegOpenKey","HKCU\Software\Microsoft\Input\Settings","NAME NOT FOUND","Desired Access: Read"
"7:12:28.0932651 PM","ctfmon.exe","3980","RegQueryKey","HKLM\SOFTWARE\Microsoft\Input\Settings","SUCCESS","Query: HandleTags, HandleTags: 0x0"
"7:12:28.0932726 PM","ctfmon.exe","3980","RegOpenKey","HKLM\SOFTWARE\Microsoft\Input\Settings\proc_1\loc_0409\im_1","SUCCESS","Desired Access: Query Value"
"7:12:28.0932825 PM","ctfmon.exe","3980","RegQueryValue","HKLM\SOFTWARE\Microsoft\Input\Settings\proc_1\loc_0409\im_1\EXACTMATCHMAXPROB","SUCCESS","Type: REG_DWORD, Length: 4, Data: 56"
"7:12:28.0933337 PM","ctfmon.exe","3980","RegCloseKey","HKLM\SOFTWARE\Microsoft\Input\Settings\proc_1\loc_0409\im_1","SUCCESS",""
"7:12:28.0933421 PM","ctfmon.exe","3980","RegCloseKey","HKLM\SOFTWARE\Microsoft\Input\Settings","SUCCESS",""
"7:12:28.0933508 PM","ctfmon.exe","3980","RegQueryKey","HKLM","SUCCESS","Query: HandleTags, HandleTags: 0x0"
"7:12:28.0933595 PM","ctfmon.exe","3980","RegOpenKey","HKLM\Software\Microsoft\Input\Settings","SUCCESS","Desired Access: Read"
"7:12:28.0933730 PM","ctfmon.exe","3980","RegQueryKey","HKCU","SUCCESS","Query: HandleTags, HandleTags: 0x0"
"7:12:28.0933803 PM","ctfmon.exe","3980","RegOpenKey","HKCU\Software\Microsoft\Input\Settings","NAME NOT FOUND","Desired Access: Read"
"7:12:28.0934248 PM","ctfmon.exe","3980","RegQueryKey","HKLM\SOFTWARE\Microsoft\Input\Settings","SUCCESS","Query: HandleTags, HandleTags: 0x0"
"7:12:28.0934337 PM","ctfmon.exe","3980","RegOpenKey","HKLM\SOFTWARE\Microsoft\Input\Settings\proc_1\loc_0409\im_1","SUCCESS","Desired Access: Query Value"
"7:12:28.0934443 PM","ctfmon.exe","3980","RegQueryValue","HKLM\SOFTWARE\Microsoft\Input\Settings\proc_1\loc_0409\im_1\EXACTMATCHCANDIDATEMINPROB","SUCCESS","Type: REG_DWORD, Length: 4, Data: 160"
"7:12:28.0934558 PM","ctfmon.exe","3980","RegCloseKey","HKLM\SOFTWARE\Microsoft\Input\Settings\proc_1\loc_0409\im_1","SUCCESS",""
"7:12:28.0934665 PM","ctfmon.exe","3980","RegCloseKey","HKLM\SOFTWARE\Microsoft\Input\Settings","SUCCESS",""
"7:12:28.0934741 PM","ctfmon.exe","3980","RegQueryKey","HKLM","SUCCESS","Query: HandleTags, HandleTags: 0x0"
"7:12:28.0934817 PM","ctfmon.exe","3980","RegOpenKey","HKLM\Software\Microsoft\Input\Settings","SUCCESS","Desired Access: Read"
"7:12:28.0935237 PM","ctfmon.exe","3980","RegQueryKey","HKCU","SUCCESS","Query: HandleTags, HandleTags: 0x0"
"7:12:28.0935320 PM","ctfmon.exe","3980","RegOpenKey","HKCU\Software\Microsoft\Input\Settings","NAME NOT FOUND","Desired Access: Read"
"7:12:28.0935432 PM","ctfmon.exe","3980","RegQueryKey","HKLM\SOFTWARE\Microsoft\Input\Settings","SUCCESS","Query: HandleTags, HandleTags: 0x0"
"7:12:28.0935501 PM","ctfmon.exe","3980","RegOpenKey","HKLM\SOFTWARE\Microsoft\Input\Settings\proc_1\loc_0409\im_1","SUCCESS","Desired Access: Query Value"
"7:12:28.0935585 PM","ctfmon.exe","3980","RegQueryValue","HKLM\SOFTWARE\Microsoft\Input\Settings\proc_1\loc_0409\im_1\PREDICTIONFILTERMINCHARS","SUCCESS","Type: REG_DWORD, Length: 4, Data: 3"
"7:12:28.0935689 PM","ctfmon.exe","3980","RegCloseKey","HKLM\SOFTWARE\Microsoft\Input\Settings\proc_1\loc_0409\im_1","SUCCESS",""
"7:12:28.0936241 PM","ctfmon.exe","3980","RegCloseKey","HKLM\SOFTWARE\Microsoft\Input\Settings","SUCCESS",""
"7:12:28.0936339 PM","ctfmon.exe","3980","RegQueryKey","HKLM","SUCCESS","Query: HandleTags, HandleTags: 0x0"
"7:12:28.0936424 PM","ctfmon.exe","3980","RegOpenKey","HKLM\Software\Microsoft\Input\Settings","SUCCESS","Desired Access: Read"
"7:12:28.0936552 PM","ctfmon.exe","3980","RegQueryKey","HKCU","SUCCESS","Query: HandleTags, HandleTags: 0x0"
"7:12:28.0936626 PM","ctfmon.exe","3980","RegOpenKey","HKCU\Software\Microsoft\Input\Settings","NAME NOT FOUND","Desired Access: Read"
"7:12:28.0936740 PM","ctfmon.exe","3980","RegQueryKey","HKLM\SOFTWARE\Microsoft\Input\Settings","SUCCESS","Query: HandleTags, HandleTags: 0x0"
"7:12:28.0937126 PM","ctfmon.exe","3980","RegOpenKey","HKLM\SOFTWARE\Microsoft\Input\Settings\proc_1\loc_0409\im_1","SUCCESS","Desired Access: Query Value"
"7:12:28.0937250 PM","ctfmon.exe","3980","RegQueryValue","HKLM\SOFTWARE\Microsoft\Input\Settings\proc_1\loc_0409\im_1\PREDICTIONFILTERSLOPE","SUCCESS","Type: REG_DWORD, Length: 4, Data: 4"
"7:12:28.0937356 PM","ctfmon.exe","3980","RegCloseKey","HKLM\SOFTWARE\Microsoft\Input\Settings\proc_1\loc_0409\im_1","SUCCESS",""
"7:12:28.0937438 PM","ctfmon.exe","3980","RegCloseKey","HKLM\SOFTWARE\Microsoft\Input\Settings","SUCCESS",""
"7:12:28.0937518 PM","ctfmon.exe","3980","RegQueryKey","HKLM","SUCCESS","Query: HandleTags, HandleTags: 0x0"
"7:12:28.0937597 PM","ctfmon.exe","3980","RegOpenKey","HKLM\Software\Microsoft\Input\Settings","SUCCESS","Desired Access: Read"
"7:12:28.0937695 PM","ctfmon.exe","3980","RegQueryKey","HKCU","SUCCESS","Query: HandleTags, HandleTags: 0x0"
"7:12:28.0938067 PM","ctfmon.exe","3980","RegOpenKey","HKCU\Software\Microsoft\Input\Settings","NAME NOT FOUND","Desired Access: Read"
"7:12:28.0938205 PM","ctfmon.exe","3980","RegQueryKey","HKLM\SOFTWARE\Microsoft\Input\Settings","SUCCESS","Query: HandleTags, HandleTags: 0x0"
"7:12:28.0938272 PM","ctfmon.exe","3980","RegOpenKey","HKLM\SOFTWARE\Microsoft\Input\Settings\proc_1\loc_0409\im_1","SUCCESS","Desired Access: Query Value"
"7:12:28.0938373 PM","ctfmon.exe","3980","RegQueryValue","HKLM\SOFTWARE\Microsoft\Input\Settings\proc_1\loc_0409\im_1\AUTOCORRECTTHRESHOLD","SUCCESS","Type: REG_DWORD, Length: 4, Data: 367"
"7:12:28.0938469 PM","ctfmon.exe","3980","RegCloseKey","HKLM\SOFTWARE\Microsoft\Input\Settings\proc_1\loc_0409\im_1","SUCCESS",""
"7:12:28.0938545 PM","ctfmon.exe","3980","RegCloseKey","HKLM\SOFTWARE\Microsoft\Input\Settings","SUCCESS",""
"7:12:28.0938942 PM","ctfmon.exe","3980","RegQueryKey","HKLM","SUCCESS","Query: HandleTags, HandleTags: 0x0"
"7:12:28.0939030 PM","ctfmon.exe","3980","RegOpenKey","HKLM\Software\Microsoft\Input\Settings","SUCCESS","Desired Access: Read"
"7:12:28.0939152 PM","ctfmon.exe","3980","RegQueryKey","HKCU","SUCCESS","Query: HandleTags, HandleTags: 0x0"
"7:12:28.0939226 PM","ctfmon.exe","3980","RegOpenKey","HKCU\Software\Microsoft\Input\Settings","NAME NOT FOUND","Desired Access: Read"
"7:12:28.0939334 PM","ctfmon.exe","3980","RegQueryKey","HKLM\SOFTWARE\Microsoft\Input\Settings","SUCCESS","Query: HandleTags, HandleTags: 0x0"
"7:12:28.0939403 PM","ctfmon.exe","3980","RegOpenKey","HKLM\SOFTWARE\Microsoft\Input\Settings\proc_1\loc_0409\im_1","SUCCESS","Desired Access: Query Value"
"7:12:28.0939812 PM","ctfmon.exe","3980","RegQueryValue","HKLM\SOFTWARE\Microsoft\Input\Settings\proc_1\loc_0409\im_1\AutoBackCorrectionThreshold","SUCCESS","Type: REG_DWORD, Length: 4, Data: 78"
"7:12:28.0939916 PM","ctfmon.exe","3980","RegCloseKey","HKLM\SOFTWARE\Microsoft\Input\Settings\proc_1\loc_0409\im_1","SUCCESS",""
"7:12:28.0939996 PM","ctfmon.exe","3980","RegCloseKey","HKLM\SOFTWARE\Microsoft\Input\Settings","SUCCESS",""
"7:12:28.0940076 PM","ctfmon.exe","3980","RegQueryKey","HKLM","SUCCESS","Query: HandleTags, HandleTags: 0x0"
"7:12:28.0940152 PM","ctfmon.exe","3980","RegOpenKey","HKLM\Software\Microsoft\Input\Settings","SUCCESS","Desired Access: Read"
"7:12:28.0940249 PM","ctfmon.exe","3980","RegQueryKey","HKCU","SUCCESS","Query: HandleTags, HandleTags: 0x0"
"7:12:28.0940317 PM","ctfmon.exe","3980","RegOpenKey","HKCU\Software\Microsoft\Input\Settings","NAME NOT FOUND","Desired Access: Read"
"7:12:28.0940733 PM","ctfmon.exe","3980","RegQueryKey","HKLM\SOFTWARE\Microsoft\Input\Settings","SUCCESS","Query: HandleTags, HandleTags: 0x0"
"7:12:28.0940814 PM","ctfmon.exe","3980","RegOpenKey","HKLM\SOFTWARE\Microsoft\Input\Settings\proc_1\loc_0409\im_1","SUCCESS","Desired Access: Query Value"
"7:12:28.0940924 PM","ctfmon.exe","3980","RegQueryValue","HKLM\SOFTWARE\Microsoft\Input\Settings\proc_1\loc_0409\im_1\AUTOCORRECTEDITDISTANCEWEIGHT","SUCCESS","Type: REG_DWORD, Length: 4, Data: 24"
"7:12:28.0941018 PM","ctfmon.exe","3980","RegCloseKey","HKLM\SOFTWARE\Microsoft\Input\Settings\proc_1\loc_0409\im_1","SUCCESS",""
"7:12:28.0941094 PM","ctfmon.exe","3980","RegCloseKey","HKLM\SOFTWARE\Microsoft\Input\Settings","SUCCESS",""
"7:12:28.0941168 PM","ctfmon.exe","3980","RegQueryKey","HKLM","SUCCESS","Query: HandleTags, HandleTags: 0x0"
"7:12:28.0941542 PM","ctfmon.exe","3980","RegOpenKey","HKLM\Software\Microsoft\Input\Settings","SUCCESS","Desired Access: Read"
"7:12:28.0943993 PM","ctfmon.exe","3980","RegQueryKey","HKCU","SUCCESS","Query: HandleTags, HandleTags: 0x0"
"7:12:28.0944257 PM","ctfmon.exe","3980","RegOpenKey","HKCU\Software\Microsoft\Input\Settings","NAME NOT FOUND","Desired Access: Read"
"7:12:28.0944556 PM","ctfmon.exe","3980","RegQueryKey","HKLM\SOFTWARE\Microsoft\Input\Settings","SUCCESS","Query: HandleTags, HandleTags: 0x0"
"7:12:28.0944663 PM","ctfmon.exe","3980","RegOpenKey","HKLM\SOFTWARE\Microsoft\Input\Settings\proc_1\loc_0409\im_1","SUCCESS","Desired Access: Query Value"
"7:12:28.0944860 PM","ctfmon.exe","3980","RegQueryValue","HKLM\SOFTWARE\Microsoft\Input\Settings\proc_1\loc_0409\im_1\AUTOCORRECTIONMAXPREDICTIONMASKING","SUCCESS","Type: REG_DWORD, Length: 4, Data: 0"
"7:12:28.0945587 PM","ctfmon.exe","3980","RegCloseKey","HKLM\SOFTWARE\Microsoft\Input\Settings\proc_1\loc_0409\im_1","SUCCESS",""
"7:12:28.0945694 PM","ctfmon.exe","3980","RegCloseKey","HKLM\SOFTWARE\Microsoft\Input\Settings","SUCCESS",""
"7:12:28.0945794 PM","ctfmon.exe","3980","RegQueryKey","HKLM","SUCCESS","Query: HandleTags, HandleTags: 0x0"
"7:12:28.0945882 PM","ctfmon.exe","3980","RegOpenKey","HKLM\Software\Microsoft\Input\Settings","SUCCESS","Desired Access: Read"
"7:12:28.0946025 PM","ctfmon.exe","3980","RegQueryKey","HKCU","SUCCESS","Query: HandleTags, HandleTags: 0x0"
"7:12:28.0946098 PM","ctfmon.exe","3980","RegOpenKey","HKCU\Software\Microsoft\Input\Settings","NAME NOT FOUND","Desired Access: Read"
"7:12:28.0946536 PM","ctfmon.exe","3980","RegQueryKey","HKLM\SOFTWARE\Microsoft\Input\Settings","SUCCESS","Query: HandleTags, HandleTags: 0x0"
"7:12:28.0946626 PM","ctfmon.exe","3980","RegOpenKey","HKLM\SOFTWARE\Microsoft\Input\Settings\proc_1\loc_0409\im_1","SUCCESS","Desired Access: Query Value"
"7:12:28.0946742 PM","ctfmon.exe","3980","RegQueryValue","HKLM\SOFTWARE\Microsoft\Input\Settings\proc_1\loc_0409\im_1\AUTOCORRECTMINSCOREDIFF","SUCCESS","Type: REG_DWORD, Length: 4, Data: 25"
"7:12:28.0946856 PM","ctfmon.exe","3980","RegCloseKey","HKLM\SOFTWARE\Microsoft\Input\Settings\proc_1\loc_0409\im_1","SUCCESS",""
"7:12:28.0946934 PM","ctfmon.exe","3980","RegCloseKey","HKLM\SOFTWARE\Microsoft\Input\Settings","SUCCESS",""
"7:12:28.0947012 PM","ctfmon.exe","3980","RegQueryKey","HKLM","SUCCESS","Query: HandleTags, HandleTags: 0x0"
"7:12:28.0947087 PM","ctfmon.exe","3980","RegOpenKey","HKLM\Software\Microsoft\Input\Settings","SUCCESS","Desired Access: Read"
"7:12:28.0947503 PM","ctfmon.exe","3980","RegQueryKey","HKCU","SUCCESS","Query: HandleTags, HandleTags: 0x0"
"7:12:28.0947585 PM","ctfmon.exe","3980","RegOpenKey","HKCU\Software\Microsoft\Input\Settings","NAME NOT FOUND","Desired Access: Read"
"7:12:28.0947696 PM","ctfmon.exe","3980","RegQueryKey","HKLM\SOFTWARE\Microsoft\Input\Settings","SUCCESS","Query: HandleTags, HandleTags: 0x0"
"7:12:28.0947765 PM","ctfmon.exe","3980","RegOpenKey","HKLM\SOFTWARE\Microsoft\Input\Settings\proc_1\loc_0409\im_1","SUCCESS","Desired Access: Query Value"
"7:12:28.0947858 PM","ctfmon.exe","3980","RegQueryValue","HKLM\SOFTWARE\Microsoft\Input\Settings\proc_1\loc_0409\im_1\PREDICTIONTHRESHOLD","SUCCESS","Type: REG_DWORD, Length: 4, Data: 0"
"7:12:28.0947963 PM","ctfmon.exe","3980","RegCloseKey","HKLM\SOFTWARE\Microsoft\Input\Settings\proc_1\loc_0409\im_1","SUCCESS",""
"7:12:28.0948347 PM","ctfmon.exe","3980","RegCloseKey","HKLM\SOFTWARE\Microsoft\Input\Settings","SUCCESS",""
"7:12:28.0948449 PM","ctfmon.exe","3980","RegQueryKey","HKLM","SUCCESS","Query: HandleTags, HandleTags: 0x0"
"7:12:28.0948545 PM","ctfmon.exe","3980","RegOpenKey","HKLM\Software\Microsoft\Input\Settings","SUCCESS","Desired Access: Read"
"7:12:28.0948676 PM","ctfmon.exe","3980","RegQueryKey","HKCU","SUCCESS","Query: HandleTags, HandleTags: 0x0"
"7:12:28.0948754 PM","ctfmon.exe","3980","RegOpenKey","HKCU\Software\Microsoft\Input\Settings","NAME NOT FOUND","Desired Access: Read"
"7:12:28.0948867 PM","ctfmon.exe","3980","RegQueryKey","HKLM\SOFTWARE\Microsoft\Input\Settings","SUCCESS","Query: HandleTags, HandleTags: 0x0"
"7:12:28.0949247 PM","ctfmon.exe","3980","RegOpenKey","HKLM\SOFTWARE\Microsoft\Input\Settings\proc_1\loc_0409\im_1","SUCCESS","Desired Access: Query Value"
"7:12:28.0949394 PM","ctfmon.exe","3980","RegQueryValue","HKLM\SOFTWARE\Microsoft\Input\Settings\proc_1\loc_0409\im_1\INLINEPREDICTIONTHRESHOLD","NAME NOT FOUND","Length: 144"
"7:12:28.0949498 PM","ctfmon.exe","3980","RegCloseKey","HKLM\SOFTWARE\Microsoft\Input\Settings\proc_1\loc_0409\im_1","SUCCESS",""
"7:12:28.0949602 PM","ctfmon.exe","3980","RegQueryKey","HKLM\SOFTWARE\Microsoft\Input\Settings","SUCCESS","Query: HandleTags, HandleTags: 0x0"
"7:12:28.0949675 PM","ctfmon.exe","3980","RegOpenKey","HKLM\SOFTWARE\Microsoft\Input\Settings\proc_1\loc_0409","SUCCESS","Desired Access: Query Value"
"7:12:28.0949763 PM","ctfmon.exe","3980","RegQueryValue","HKLM\SOFTWARE\Microsoft\Input\Settings\proc_1\loc_0409\INLINEPREDICTIONTHRESHOLD","NAME NOT FOUND","Length: 144"
"7:12:28.0950119 PM","ctfmon.exe","3980","RegCloseKey","HKLM\SOFTWARE\Microsoft\Input\Settings\proc_1\loc_0409","SUCCESS",""
"7:12:28.0950214 PM","ctfmon.exe","3980","RegQueryKey","HKLM\SOFTWARE\Microsoft\Input\Settings","SUCCESS","Query: HandleTags, HandleTags: 0x0"
"7:12:28.0950300 PM","ctfmon.exe","3980","RegOpenKey","HKLM\SOFTWARE\Microsoft\Input\Settings\proc_1","SUCCESS","Desired Access: Query Value"
"7:12:28.0950407 PM","ctfmon.exe","3980","RegQueryValue","HKLM\SOFTWARE\Microsoft\Input\Settings\proc_1\INLINEPREDICTIONTHRESHOLD","SUCCESS","Type: REG_DWORD, Length: 4, Data: 125"
"7:12:28.0950502 PM","ctfmon.exe","3980","RegCloseKey","HKLM\SOFTWARE\Microsoft\Input\Settings\proc_1","SUCCESS",""
"7:12:28.0950573 PM","ctfmon.exe","3980","RegCloseKey","HKLM\SOFTWARE\Microsoft\Input\Settings","SUCCESS",""
"7:12:28.0950926 PM","ctfmon.exe","3980","RegQueryKey","HKLM","SUCCESS","Query: HandleTags, HandleTags: 0x0"
"7:12:28.0951017 PM","ctfmon.exe","3980","RegOpenKey","HKLM\Software\Microsoft\Input\Settings","SUCCESS","Desired Access: Read"
"7:12:28.0951137 PM","ctfmon.exe","3980","RegQueryKey","HKCU","SUCCESS","Query: HandleTags, HandleTags: 0x0"
"7:12:28.0951208 PM","ctfmon.exe","3980","RegOpenKey","HKCU\Software\Microsoft\Input\Settings","NAME NOT FOUND","Desired Access: Read"
"7:12:28.0951317 PM","ctfmon.exe","3980","RegQueryKey","HKLM\SOFTWARE\Microsoft\Input\Settings","SUCCESS","Query: HandleTags, HandleTags: 0x0"
"7:12:28.0951386 PM","ctfmon.exe","3980","RegOpenKey","HKLM\SOFTWARE\Microsoft\Input\Settings\proc_1\loc_0409\im_1","SUCCESS","Desired Access: Query Value"
"7:12:28.0951481 PM","ctfmon.exe","3980","RegQueryValue","HKLM\SOFTWARE\Microsoft\Input\Settings\proc_1\loc_0409\im_1\INLINEPREDICTIONMULTIWORDTHRESHOLD","NAME NOT FOUND","Length: 144"
"7:12:28.0951852 PM","ctfmon.exe","3980","RegCloseKey","HKLM\SOFTWARE\Microsoft\Input\Settings\proc_1\loc_0409\im_1","SUCCESS",""
"7:12:28.0951951 PM","ctfmon.exe","3980","RegQueryKey","HKLM\SOFTWARE\Microsoft\Input\Settings","SUCCESS","Query: HandleTags, HandleTags: 0x0"
"7:12:28.0952030 PM","ctfmon.exe","3980","RegOpenKey","HKLM\SOFTWARE\Microsoft\Input\Settings\proc_1\loc_0409","SUCCESS","Desired Access: Query Value"
"7:12:28.0952135 PM","ctfmon.exe","3980","RegQueryValue","HKLM\SOFTWARE\Microsoft\Input\Settings\proc_1\loc_0409\INLINEPREDICTIONMULTIWORDTHRESHOLD","NAME NOT FOUND","Length: 144"
"7:12:28.0952211 PM","ctfmon.exe","3980","RegCloseKey","HKLM\SOFTWARE\Microsoft\Input\Settings\proc_1\loc_0409","SUCCESS",""
"7:12:28.0952284 PM","ctfmon.exe","3980","RegQueryKey","HKLM\SOFTWARE\Microsoft\Input\Settings","SUCCESS","Query: HandleTags, HandleTags: 0x0"
"7:12:28.0952626 PM","ctfmon.exe","3980","RegOpenKey","HKLM\SOFTWARE\Microsoft\Input\Settings\proc_1","SUCCESS","Desired Access: Query Value"
"7:12:28.0952739 PM","ctfmon.exe","3980","RegQueryValue","HKLM\SOFTWARE\Microsoft\Input\Settings\proc_1\INLINEPREDICTIONMULTIWORDTHRESHOLD","SUCCESS","Type: REG_DWORD, Length: 4, Data: 30"
"7:12:28.0952850 PM","ctfmon.exe","3980","RegCloseKey","HKLM\SOFTWARE\Microsoft\Input\Settings\proc_1","SUCCESS",""
"7:12:28.0952962 PM","ctfmon.exe","3980","RegCloseKey","HKLM\SOFTWARE\Microsoft\Input\Settings","SUCCESS",""
"7:12:28.0953042 PM","ctfmon.exe","3980","RegQueryKey","HKLM","SUCCESS","Query: HandleTags, HandleTags: 0x0"
"7:12:28.0953463 PM","ctfmon.exe","3980","RegOpenKey","HKLM\Software\Microsoft\Input\Settings","SUCCESS","Desired Access: Read"
"7:12:28.0953652 PM","ctfmon.exe","3980","RegQueryKey","HKCU","SUCCESS","Query: HandleTags, HandleTags: 0x0"
"7:12:28.0953750 PM","ctfmon.exe","3980","RegOpenKey","HKCU\Software\Microsoft\Input\Settings","NAME NOT FOUND","Desired Access: Read"
"7:12:28.0953861 PM","ctfmon.exe","3980","RegQueryKey","HKLM\SOFTWARE\Microsoft\Input\Settings","SUCCESS","Query: HandleTags, HandleTags: 0x0"
"7:12:28.0953929 PM","ctfmon.exe","3980","RegOpenKey","HKLM\SOFTWARE\Microsoft\Input\Settings\proc_1\loc_0409\im_1","SUCCESS","Desired Access: Query Value"
"7:12:28.0954013 PM","ctfmon.exe","3980","RegQueryValue","HKLM\SOFTWARE\Microsoft\Input\Settings\proc_1\loc_0409\im_1\INLINEPREDICTIONMINSCOREDIFF","NAME NOT FOUND","Length: 144"
"7:12:28.0954366 PM","ctfmon.exe","3980","RegCloseKey","HKLM\SOFTWARE\Microsoft\Input\Settings\proc_1\loc_0409\im_1","SUCCESS",""
"7:12:28.0954470 PM","ctfmon.exe","3980","RegQueryKey","HKLM\SOFTWARE\Microsoft\Input\Settings","SUCCESS","Query: HandleTags, HandleTags: 0x0"
"7:12:28.0954549 PM","ctfmon.exe","3980","RegOpenKey","HKLM\SOFTWARE\Microsoft\Input\Settings\proc_1\loc_0409","SUCCESS","Desired Access: Query Value"
"7:12:28.0954652 PM","ctfmon.exe","3980","RegQueryValue","HKLM\SOFTWARE\Microsoft\Input\Settings\proc_1\loc_0409\INLINEPREDICTIONMINSCOREDIFF","NAME NOT FOUND","Length: 144"
"7:12:28.0954729 PM","ctfmon.exe","3980","RegCloseKey","HKLM\SOFTWARE\Microsoft\Input\Settings\proc_1\loc_0409","SUCCESS",""
"7:12:28.0954798 PM","ctfmon.exe","3980","RegQueryKey","HKLM\SOFTWARE\Microsoft\Input\Settings","SUCCESS","Query: HandleTags, HandleTags: 0x0"
"7:12:28.0954872 PM","ctfmon.exe","3980","RegOpenKey","HKLM\SOFTWARE\Microsoft\Input\Settings\proc_1","SUCCESS","Desired Access: Query Value"
"7:12:28.0955257 PM","ctfmon.exe","3980","RegQueryValue","HKLM\SOFTWARE\Microsoft\Input\Settings\proc_1\INLINEPREDICTIONMINSCOREDIFF","SUCCESS","Type: REG_DWORD, Length: 4, Data: 125"
"7:12:28.0955378 PM","ctfmon.exe","3980","RegCloseKey","HKLM\SOFTWARE\Microsoft\Input\Settings\proc_1","SUCCESS",""
"7:12:28.0955453 PM","ctfmon.exe","3980","RegCloseKey","HKLM\SOFTWARE\Microsoft\Input\Settings","SUCCESS",""
"7:12:28.0955537 PM","ctfmon.exe","3980","RegQueryKey","HKLM","SUCCESS","Query: HandleTags, HandleTags: 0x0"
"7:12:28.0955630 PM","ctfmon.exe","3980","RegOpenKey","HKLM\Software\Microsoft\Input\Settings","SUCCESS","Desired Access: Read"
"7:12:28.0955727 PM","ctfmon.exe","3980","RegQueryKey","HKCU","SUCCESS","Query: HandleTags, HandleTags: 0x0"
"7:12:28.0956075 PM","ctfmon.exe","3980","RegOpenKey","HKCU\Software\Microsoft\Input\Settings","NAME NOT FOUND","Desired Access: Read"
"7:12:28.0956207 PM","ctfmon.exe","3980","RegQueryKey","HKLM\SOFTWARE\Microsoft\Input\Settings","SUCCESS","Query: HandleTags, HandleTags: 0x0"
"7:12:28.0956276 PM","ctfmon.exe","3980","RegOpenKey","HKLM\SOFTWARE\Microsoft\Input\Settings\proc_1\loc_0409\im_1","SUCCESS","Desired Access: Query Value"
"7:12:28.0956387 PM","ctfmon.exe","3980","RegQueryValue","HKLM\SOFTWARE\Microsoft\Input\Settings\proc_1\loc_0409\im_1\INLINEPREDICTIONMULTIWORDMINSCOREDIFF","NAME NOT FOUND","Length: 144"
"7:12:28.0956486 PM","ctfmon.exe","3980","RegCloseKey","HKLM\SOFTWARE\Microsoft\Input\Settings\proc_1\loc_0409\im_1","SUCCESS",""
"7:12:28.0956564 PM","ctfmon.exe","3980","RegQueryKey","HKLM\SOFTWARE\Microsoft\Input\Settings","SUCCESS","Query: HandleTags, HandleTags: 0x0"
"7:12:28.0956906 PM","ctfmon.exe","3980","RegOpenKey","HKLM\SOFTWARE\Microsoft\Input\Settings\proc_1\loc_0409","SUCCESS","Desired Access: Query Value"
"7:12:28.0957030 PM","ctfmon.exe","3980","RegQueryValue","HKLM\SOFTWARE\Microsoft\Input\Settings\proc_1\loc_0409\INLINEPREDICTIONMULTIWORDMINSCOREDIFF","NAME NOT FOUND","Length: 144"
"7:12:28.0957120 PM","ctfmon.exe","3980","RegCloseKey","HKLM\SOFTWARE\Microsoft\Input\Settings\proc_1\loc_0409","SUCCESS",""
"7:12:28.0957208 PM","ctfmon.exe","3980","RegQueryKey","HKLM\SOFTWARE\Microsoft\Input\Settings","SUCCESS","Query: HandleTags, HandleTags: 0x0"
"7:12:28.0957278 PM","ctfmon.exe","3980","RegOpenKey","HKLM\SOFTWARE\Microsoft\Input\Settings\proc_1","SUCCESS","Desired Access: Query Value"
"7:12:28.0957357 PM","ctfmon.exe","3980","RegQueryValue","HKLM\SOFTWARE\Microsoft\Input\Settings\proc_1\INLINEPREDICTIONMULTIWORDMINSCOREDIFF","SUCCESS","Type: REG_DWORD, Length: 4, Data: 40"
"7:12:28.0957799 PM","ctfmon.exe","3980","RegCloseKey","HKLM\SOFTWARE\Microsoft\Input\Settings\proc_1","SUCCESS",""
"7:12:28.0957875 PM","ctfmon.exe","3980","RegCloseKey","HKLM\SOFTWARE\Microsoft\Input\Settings","SUCCESS",""
"7:12:28.0957958 PM","ctfmon.exe","3980","RegQueryKey","HKLM","SUCCESS","Query: HandleTags, HandleTags: 0x0"
"7:12:28.0958038 PM","ctfmon.exe","3980","RegOpenKey","HKLM\Software\Microsoft\Input\Settings","SUCCESS","Desired Access: Read"
"7:12:28.0958148 PM","ctfmon.exe","3980","RegQueryKey","HKCU","SUCCESS","Query: HandleTags, HandleTags: 0x0"
"7:12:28.0958216 PM","ctfmon.exe","3980","RegOpenKey","HKCU\Software\Microsoft\Input\Settings","NAME NOT FOUND","Desired Access: Read"
"7:12:28.0958603 PM","ctfmon.exe","3980","RegQueryKey","HKLM\SOFTWARE\Microsoft\Input\Settings","SUCCESS","Query: HandleTags, HandleTags: 0x0"
"7:12:28.0958685 PM","ctfmon.exe","3980","RegOpenKey","HKLM\SOFTWARE\Microsoft\Input\Settings\proc_1\loc_0409\im_1","SUCCESS","Desired Access: Query Value"
"7:12:28.0958794 PM","ctfmon.exe","3980","RegQueryValue","HKLM\SOFTWARE\Microsoft\Input\Settings\proc_1\loc_0409\im_1\INLINEPREDICTIONMINPREDICTIONLENGTH","NAME NOT FOUND","Length: 144"
"7:12:28.0958891 PM","ctfmon.exe","3980","RegCloseKey","HKLM\SOFTWARE\Microsoft\Input\Settings\proc_1\loc_0409\im_1","SUCCESS",""
"7:12:28.0958968 PM","ctfmon.exe","3980","RegQueryKey","HKLM\SOFTWARE\Microsoft\Input\Settings","SUCCESS","Query: HandleTags, HandleTags: 0x0"
"7:12:28.0959036 PM","ctfmon.exe","3980","RegOpenKey","HKLM\SOFTWARE\Microsoft\Input\Settings\proc_1\loc_0409","SUCCESS","Desired Access: Query Value"
"7:12:28.0959405 PM","ctfmon.exe","3980","RegQueryValue","HKLM\SOFTWARE\Microsoft\Input\Settings\proc_1\loc_0409\INLINEPREDICTIONMINPREDICTIONLENGTH","NAME NOT FOUND","Length: 144"
"7:12:28.0959497 PM","ctfmon.exe","3980","RegCloseKey","HKLM\SOFTWARE\Microsoft\Input\Settings\proc_1\loc_0409","SUCCESS",""
"7:12:28.0959586 PM","ctfmon.exe","3980","RegQueryKey","HKLM\SOFTWARE\Microsoft\Input\Settings","SUCCESS","Query: HandleTags, HandleTags: 0x0"
"7:12:28.0959674 PM","ctfmon.exe","3980","RegOpenKey","HKLM\SOFTWARE\Microsoft\Input\Settings\proc_1","SUCCESS","Desired Access: Query Value"
"7:12:28.0959752 PM","ctfmon.exe","3980","RegQueryValue","HKLM\SOFTWARE\Microsoft\Input\Settings\proc_1\INLINEPREDICTIONMINPREDICTIONLENGTH","NAME NOT FOUND","Length: 144"
"7:12:28.0959844 PM","ctfmon.exe","3980","RegCloseKey","HKLM\SOFTWARE\Microsoft\Input\Settings\proc_1","SUCCESS",""
"7:12:28.0960195 PM","ctfmon.exe","3980","RegQueryValue","HKLM\SOFTWARE\Microsoft\Input\Settings\INLINEPREDICTIONMINPREDICTIONLENGTH","NAME NOT FOUND","Length: 144"
"7:12:28.0960312 PM","ctfmon.exe","3980","RegCloseKey","HKLM\SOFTWARE\Microsoft\Input\Settings","SUCCESS",""
"7:12:28.0960397 PM","ctfmon.exe","3980","RegQueryKey","HKLM","SUCCESS","Query: HandleTags, HandleTags: 0x0"
"7:12:28.0960474 PM","ctfmon.exe","3980","RegOpenKey","HKLM\Software\Microsoft\Input\Settings","SUCCESS","Desired Access: Read"
"7:12:28.0960584 PM","ctfmon.exe","3980","RegQueryKey","HKCU","SUCCESS","Query: HandleTags, HandleTags: 0x0"
"7:12:28.0960653 PM","ctfmon.exe","3980","RegOpenKey","HKCU\Software\Microsoft\Input\Settings","NAME NOT FOUND","Desired Access: Read"
"7:12:28.0960757 PM","ctfmon.exe","3980","RegQueryKey","HKLM\SOFTWARE\Microsoft\Input\Settings","SUCCESS","Query: HandleTags, HandleTags: 0x0"
"7:12:28.0961102 PM","ctfmon.exe","3980","RegOpenKey","HKLM\SOFTWARE\Microsoft\Input\Settings\proc_1\loc_0409\im_1","SUCCESS","Desired Access: Query Value"
"7:12:28.0961223 PM","ctfmon.exe","3980","RegQueryValue","HKLM\SOFTWARE\Microsoft\Input\Settings\proc_1\loc_0409\im_1\PREDICTIONEDITDISTANCEWEIGHT","SUCCESS","Type: REG_DWORD, Length: 4, Data: 1"
"7:12:28.0961324 PM","ctfmon.exe","3980","RegCloseKey","HKLM\SOFTWARE\Microsoft\Input\Settings\proc_1\loc_0409\im_1","SUCCESS",""
"7:12:28.0961398 PM","ctfmon.exe","3980","RegCloseKey","HKLM\SOFTWARE\Microsoft\Input\Settings","SUCCESS",""
"7:12:28.0961836 PM","ctfmon.exe","3980","RegQueryKey","HKLM","SUCCESS","Query: HandleTags, HandleTags: 0x0"
"7:12:28.0961904 PM","ctfmon.exe","3980","RegOpenKey","HKLM\Software\Microsoft\Input\Settings","SUCCESS","Desired Access: Read"
"7:12:28.0962305 PM","ctfmon.exe","3980","RegQueryKey","HKCU","SUCCESS","Query: HandleTags, HandleTags: 0x0"
"7:12:28.0962384 PM","ctfmon.exe","3980","RegOpenKey","HKCU\Software\Microsoft\Input\Settings","NAME NOT FOUND","Desired Access: Read"
"7:12:28.0962491 PM","ctfmon.exe","3980","RegQueryKey","HKLM\SOFTWARE\Microsoft\Input\Settings","SUCCESS","Query: HandleTags, HandleTags: 0x0"
"7:12:28.0962556 PM","ctfmon.exe","3980","RegOpenKey","HKLM\SOFTWARE\Microsoft\Input\Settings\is_0\loc_0409","NAME NOT FOUND","Desired Access: Query Value"
"7:12:28.0962656 PM","ctfmon.exe","3980","RegQueryKey","HKLM\SOFTWARE\Microsoft\Input\Settings","SUCCESS","Query: HandleTags, HandleTags: 0x0"
"7:12:28.0962724 PM","ctfmon.exe","3980","RegOpenKey","HKLM\SOFTWARE\Microsoft\Input\Settings\is_0","SUCCESS","Desired Access: Query Value"
"7:12:28.0963021 PM","ctfmon.exe","3980","RegQueryValue","HKLM\SOFTWARE\Microsoft\Input\Settings\is_0\ShapeDataSources","NAME NOT FOUND","Length: 144"
"7:12:28.0963166 PM","ctfmon.exe","3980","RegCloseKey","HKLM\SOFTWARE\Microsoft\Input\Settings\is_0","SUCCESS",""
"7:12:28.0963245 PM","ctfmon.exe","3980","RegQueryValue","HKLM\SOFTWARE\Microsoft\Input\Settings\ShapeDataSources","SUCCESS","Type: REG_DWORD, Length: 4, Data: 26"
"7:12:28.0963333 PM","ctfmon.exe","3980","RegCloseKey","HKLM\SOFTWARE\Microsoft\Input\Settings","SUCCESS",""
"7:12:28.0963424 PM","ctfmon.exe","3980","RegQueryKey","HKLM","SUCCESS","Query: HandleTags, HandleTags: 0x0"
"7:12:28.0963501 PM","ctfmon.exe","3980","RegOpenKey","HKLM\Software\Microsoft\Input\Settings","SUCCESS","Desired Access: Read"
"7:12:28.0963613 PM","ctfmon.exe","3980","RegQueryKey","HKCU","SUCCESS","Query: HandleTags, HandleTags: 0x0"
"7:12:28.0963688 PM","ctfmon.exe","3980","RegOpenKey","HKCU\Software\Microsoft\Input\Settings","NAME NOT FOUND","Desired Access: Read"
"7:12:28.0963779 PM","ctfmon.exe","3980","RegQueryKey","HKLM\SOFTWARE\Microsoft\Input\Settings","SUCCESS","Query: HandleTags, HandleTags: 0x0"
"7:12:28.0963847 PM","ctfmon.exe","3980","RegOpenKey","HKLM\SOFTWARE\Microsoft\Input\Settings\is_0\loc_0409","NAME NOT FOUND","Desired Access: Query Value"
"7:12:28.0963926 PM","ctfmon.exe","3980","RegQueryKey","HKLM\SOFTWARE\Microsoft\Input\Settings","SUCCESS","Query: HandleTags, HandleTags: 0x0"
"7:12:28.0964039 PM","ctfmon.exe","3980","RegOpenKey","HKLM\SOFTWARE\Microsoft\Input\Settings\is_0","SUCCESS","Desired Access: Query Value"
"7:12:28.0964116 PM","ctfmon.exe","3980","RegQueryValue","HKLM\SOFTWARE\Microsoft\Input\Settings\is_0\ShapeWeight_4","NAME NOT FOUND","Length: 144"
"7:12:28.0964194 PM","ctfmon.exe","3980","RegCloseKey","HKLM\SOFTWARE\Microsoft\Input\Settings\is_0","SUCCESS",""
"7:12:28.0964262 PM","ctfmon.exe","3980","RegQueryValue","HKLM\SOFTWARE\Microsoft\Input\Settings\ShapeWeight_4","SUCCESS","Type: REG_DWORD, Length: 4, Data: 128"
"7:12:28.0964348 PM","ctfmon.exe","3980","RegCloseKey","HKLM\SOFTWARE\Microsoft\Input\Settings","SUCCESS",""
"7:12:28.0964426 PM","ctfmon.exe","3980","RegQueryKey","HKLM","SUCCESS","Query: HandleTags, HandleTags: 0x0"
"7:12:28.0964493 PM","ctfmon.exe","3980","RegOpenKey","HKLM\Software\Microsoft\Input\Settings","SUCCESS","Desired Access: Read"
"7:12:28.0964578 PM","ctfmon.exe","3980","RegQueryKey","HKCU","SUCCESS","Query: HandleTags, HandleTags: 0x0"
"7:12:28.0964644 PM","ctfmon.exe","3980","RegOpenKey","HKCU\Software\Microsoft\Input\Settings","NAME NOT FOUND","Desired Access: Read"
"7:12:28.0964729 PM","ctfmon.exe","3980","RegQueryKey","HKLM\SOFTWARE\Microsoft\Input\Settings","SUCCESS","Query: HandleTags, HandleTags: 0x0"
"7:12:28.0964793 PM","ctfmon.exe","3980","RegOpenKey","HKLM\SOFTWARE\Microsoft\Input\Settings\is_0\loc_0409","NAME NOT FOUND","Desired Access: Query Value"
"7:12:28.0964874 PM","ctfmon.exe","3980","RegQueryKey","HKLM\SOFTWARE\Microsoft\Input\Settings","SUCCESS","Query: HandleTags, HandleTags: 0x0"
"7:12:28.0964939 PM","ctfmon.exe","3980","RegOpenKey","HKLM\SOFTWARE\Microsoft\Input\Settings\is_0","SUCCESS","Desired Access: Query Value"
"7:12:28.0965013 PM","ctfmon.exe","3980","RegQueryValue","HKLM\SOFTWARE\Microsoft\Input\Settings\is_0\ShapeWeight_5","NAME NOT FOUND","Length: 144"
"7:12:28.0965090 PM","ctfmon.exe","3980","RegCloseKey","HKLM\SOFTWARE\Microsoft\Input\Settings\is_0","SUCCESS",""
"7:12:28.0965156 PM","ctfmon.exe","3980","RegQueryValue","HKLM\SOFTWARE\Microsoft\Input\Settings\ShapeWeight_5","SUCCESS","Type: REG_DWORD, Length: 4, Data: 64"
"7:12:28.0965237 PM","ctfmon.exe","3980","RegCloseKey","HKLM\SOFTWARE\Microsoft\Input\Settings","SUCCESS",""
"7:12:28.0965307 PM","ctfmon.exe","3980","RegQueryKey","HKLM","SUCCESS","Query: HandleTags, HandleTags: 0x0"
"7:12:28.0965373 PM","ctfmon.exe","3980","RegOpenKey","HKLM\Software\Microsoft\Input\Settings","SUCCESS","Desired Access: Read"
"7:12:28.0965455 PM","ctfmon.exe","3980","RegQueryKey","HKCU","SUCCESS","Query: HandleTags, HandleTags: 0x0"
"7:12:28.0965520 PM","ctfmon.exe","3980","RegOpenKey","HKCU\Software\Microsoft\Input\Settings","NAME NOT FOUND","Desired Access: Read"
"7:12:28.0965600 PM","ctfmon.exe","3980","RegQueryKey","HKLM\SOFTWARE\Microsoft\Input\Settings","SUCCESS","Query: HandleTags, HandleTags: 0x0"
"7:12:28.0965667 PM","ctfmon.exe","3980","RegOpenKey","HKLM\SOFTWARE\Microsoft\Input\Settings\is_0\loc_0409","NAME NOT FOUND","Desired Access: Query Value"
"7:12:28.0965747 PM","ctfmon.exe","3980","RegQueryKey","HKLM\SOFTWARE\Microsoft\Input\Settings","SUCCESS","Query: HandleTags, HandleTags: 0x0"
"7:12:28.0965814 PM","ctfmon.exe","3980","RegOpenKey","HKLM\SOFTWARE\Microsoft\Input\Settings\is_0","SUCCESS","Desired Access: Query Value"
"7:12:28.0965889 PM","ctfmon.exe","3980","RegQueryValue","HKLM\SOFTWARE\Microsoft\Input\Settings\is_0\ShapeWeight_10","NAME NOT FOUND","Length: 144"
"7:12:28.0965966 PM","ctfmon.exe","3980","RegCloseKey","HKLM\SOFTWARE\Microsoft\Input\Settings\is_0","SUCCESS",""
"7:12:28.0966030 PM","ctfmon.exe","3980","RegQueryValue","HKLM\SOFTWARE\Microsoft\Input\Settings\ShapeWeight_10","SUCCESS","Type: REG_DWORD, Length: 4, Data: 100"
"7:12:28.0966113 PM","ctfmon.exe","3980","RegCloseKey","HKLM\SOFTWARE\Microsoft\Input\Settings","SUCCESS",""
"7:12:28.0966457 PM","ctfmon.exe","3980","RegQueryKey","HKCU","SUCCESS","Query: HandleTags, HandleTags: 0x0"
"7:12:28.0966524 PM","ctfmon.exe","3980","RegOpenKey","HKCU\Software\Microsoft\Input\Locales","SUCCESS","Desired Access: Read"
"7:12:28.0966669 PM","ctfmon.exe","3980","RegQueryValue","HKCU\SOFTWARE\Microsoft\Input\Locales\InputLocale","NAME NOT FOUND","Length: 16"
"7:12:28.0966811 PM","ctfmon.exe","3980","RegQueryKey","HKLM","SUCCESS","Query: HandleTags, HandleTags: 0x0"
"7:12:28.0966882 PM","ctfmon.exe","3980","RegOpenKey","HKLM\Software\Microsoft\Input\Locales","SUCCESS","Desired Access: Query Value"
"7:12:28.0966993 PM","ctfmon.exe","3980","RegQueryValue","HKLM\SOFTWARE\Microsoft\Input\Locales\InputLocale","SUCCESS","Type: REG_DWORD, Length: 4, Data: 1115145"
"7:12:28.0967073 PM","ctfmon.exe","3980","RegCloseKey","HKLM\SOFTWARE\Microsoft\Input\Locales","SUCCESS",""
"7:12:28.0967143 PM","ctfmon.exe","3980","RegCloseKey","HKCU\SOFTWARE\Microsoft\Input\Locales","SUCCESS",""
"7:12:28.0967586 PM","ctfmon.exe","3980","RegQueryKey","HKCU","SUCCESS","Query: HandleTags, HandleTags: 0x0"
"7:12:28.0967665 PM","ctfmon.exe","3980","RegOpenKey","HKCU\Software\Microsoft\Input\Settings","NAME NOT FOUND","Desired Access: Query Value"
"7:12:28.0967749 PM","ctfmon.exe","3980","RegQueryKey","HKLM","SUCCESS","Query: HandleTags, HandleTags: 0x0"
"7:12:28.0967813 PM","ctfmon.exe","3980","RegOpenKey","HKLM\Software\Microsoft\Input\Settings","SUCCESS","Desired Access: Query Value"
"7:12:28.0967902 PM","ctfmon.exe","3980","RegQueryValue","HKLM\SOFTWARE\Microsoft\Input\Settings\MultilingualEnabled","SUCCESS","Type: REG_DWORD, Length: 4, Data: 0"
"7:12:28.0967990 PM","ctfmon.exe","3980","RegCloseKey","HKLM\SOFTWARE\Microsoft\Input\Settings","SUCCESS",""
"7:12:28.0968572 PM","ctfmon.exe","3980","RegQueryKey","HKCU","SUCCESS","Query: HandleTags, HandleTags: 0x0"
"7:12:28.0968642 PM","ctfmon.exe","3980","RegOpenKey","HKCU\Software\Microsoft\Input\Settings","NAME NOT FOUND","Desired Access: Query Value"
"7:12:28.0968726 PM","ctfmon.exe","3980","RegQueryKey","HKLM","SUCCESS","Query: HandleTags, HandleTags: 0x0"
"7:12:28.0968789 PM","ctfmon.exe","3980","RegOpenKey","HKLM\Software\Microsoft\Input\Settings","SUCCESS","Desired Access: Query Value"
"7:12:28.0968872 PM","ctfmon.exe","3980","RegQueryValue","HKLM\SOFTWARE\Microsoft\Input\Settings\MultilingualEnabled","SUCCESS","Type: REG_DWORD, Length: 4, Data: 0"
"7:12:28.0968960 PM","ctfmon.exe","3980","RegCloseKey","HKLM\SOFTWARE\Microsoft\Input\Settings","SUCCESS",""
"7:12:28.0969319 PM","ctfmon.exe","3980","RegQueryKey","HKCU","SUCCESS","Query: HandleTags, HandleTags: 0x0"
"7:12:28.0969386 PM","ctfmon.exe","3980","RegOpenKey","HKCU\SOFTWARE\Microsoft\Input\Settings","NAME NOT FOUND","Desired Access: Read"
"7:12:28.0969470 PM","ctfmon.exe","3980","RegQueryKey","HKLM","SUCCESS","Query: HandleTags, HandleTags: 0x0"
"7:12:28.0969536 PM","ctfmon.exe","3980","RegOpenKey","HKLM\SOFTWARE\Microsoft\Input\Settings","SUCCESS","Desired Access: Read"
"7:12:28.0969622 PM","ctfmon.exe","3980","RegQueryValue","HKLM\SOFTWARE\Microsoft\Input\Settings\UserStatsEnabled","NAME NOT FOUND","Length: 16"
"7:12:28.0969709 PM","ctfmon.exe","3980","RegCloseKey","HKLM\SOFTWARE\Microsoft\Input\Settings","SUCCESS",""
"7:12:28.0969791 PM","ctfmon.exe","3980","RegQueryKey","HKCU","SUCCESS","Query: HandleTags, HandleTags: 0x0"
"7:12:28.0969857 PM","ctfmon.exe","3980","RegOpenKey","HKCU\SOFTWARE\Microsoft\Input\Settings","NAME NOT FOUND","Desired Access: Read"
"7:12:28.0969937 PM","ctfmon.exe","3980","RegQueryKey","HKLM","SUCCESS","Query: HandleTags, HandleTags: 0x0"
"7:12:28.0970003 PM","ctfmon.exe","3980","RegOpenKey","HKLM\SOFTWARE\Microsoft\Input\Settings","SUCCESS","Desired Access: Read"
"7:12:28.0970081 PM","ctfmon.exe","3980","RegQueryValue","HKLM\SOFTWARE\Microsoft\Input\Settings\UserStatsEnabled","NAME NOT FOUND","Length: 16"
"7:12:28.0970165 PM","ctfmon.exe","3980","RegCloseKey","HKLM\SOFTWARE\Microsoft\Input\Settings","SUCCESS",""
"7:12:28.0970249 PM","ctfmon.exe","3980","RegQueryKey","HKLM","SUCCESS","Query: HandleTags, HandleTags: 0x0"
"7:12:28.0970314 PM","ctfmon.exe","3980","RegOpenKey","HKLM\Software\Microsoft\Input\Settings","SUCCESS","Desired Access: Read"
"7:12:28.0970391 PM","ctfmon.exe","3980","RegQueryKey","HKCU","SUCCESS","Query: HandleTags, HandleTags: 0x0"
"7:12:28.0970456 PM","ctfmon.exe","3980","RegOpenKey","HKCU\Software\Microsoft\Input\Settings","NAME NOT FOUND","Desired Access: Read"
"7:12:28.0970544 PM","ctfmon.exe","3980","RegQueryKey","HKLM\SOFTWARE\Microsoft\Input\Settings","SUCCESS","Query: HandleTags, HandleTags: 0x0"
"7:12:28.0970609 PM","ctfmon.exe","3980","RegOpenKey","HKLM\SOFTWARE\Microsoft\Input\Settings\is_0\loc_0409","NAME NOT FOUND","Desired Access: Query Value"
"7:12:28.0970693 PM","ctfmon.exe","3980","RegQueryKey","HKLM\SOFTWARE\Microsoft\Input\Settings","SUCCESS","Query: HandleTags, HandleTags: 0x0"
"7:12:28.0970757 PM","ctfmon.exe","3980","RegOpenKey","HKLM\SOFTWARE\Microsoft\Input\Settings\is_0","SUCCESS","Desired Access: Query Value"
"7:12:28.0970835 PM","ctfmon.exe","3980","RegQueryValue","HKLM\SOFTWARE\Microsoft\Input\Settings\is_0\KEYBOARDMODE","NAME NOT FOUND","Length: 144"
"7:12:28.0970916 PM","ctfmon.exe","3980","RegCloseKey","HKLM\SOFTWARE\Microsoft\Input\Settings\is_0","SUCCESS",""
"7:12:28.0970980 PM","ctfmon.exe","3980","RegQueryValue","HKLM\SOFTWARE\Microsoft\Input\Settings\KEYBOARDMODE","SUCCESS","Type: REG_DWORD, Length: 4, Data: 0"
"7:12:28.0971068 PM","ctfmon.exe","3980","RegCloseKey","HKLM\SOFTWARE\Microsoft\Input\Settings","SUCCESS",""
"7:12:28.0971149 PM","ctfmon.exe","3980","RegQueryKey","HKLM","SUCCESS","Query: HandleTags, HandleTags: 0x0"
"7:12:28.0971216 PM","ctfmon.exe","3980","RegOpenKey","HKLM\Software\Microsoft\Input\Locales\loc_0409","SUCCESS","Desired Access: Query Value"
"7:12:28.0971324 PM","ctfmon.exe","3980","RegQueryValue","HKLM\SOFTWARE\Microsoft\Input\Locales\loc_0409\UseFluency","SUCCESS","Type: REG_DWORD, Length: 4, Data: 2"
"7:12:28.0971403 PM","ctfmon.exe","3980","RegCloseKey","HKLM\SOFTWARE\Microsoft\Input\Locales\loc_0409","SUCCESS",""
"7:12:28.0971490 PM","ctfmon.exe","3980","RegQueryKey","HKLM","SUCCESS","Query: HandleTags, HandleTags: 0x0"
"7:12:28.0971563 PM","ctfmon.exe","3980","RegOpenKey","HKLM\Software\Microsoft\Input\Locales\loc_0409","SUCCESS","Desired Access: Query Value"
"7:12:28.0971642 PM","ctfmon.exe","3980","RegQueryValue","HKLM\SOFTWARE\Microsoft\Input\Locales\loc_0409\Dictionary File","SUCCESS","Type: REG_SZ, Length: 34, Data: mssp7en-US.lex:1"
"7:12:28.0971735 PM","ctfmon.exe","3980","RegCloseKey","HKLM\SOFTWARE\Microsoft\Input\Locales\loc_0409","SUCCESS",""
"7:12:28.0971816 PM","ctfmon.exe","3980","RegQueryKey","HKLM","SUCCESS","Query: HandleTags, HandleTags: 0x0"
"7:12:28.0971886 PM","ctfmon.exe","3980","RegOpenKey","HKLM\Software\Microsoft\Input\Locales\loc_0409","SUCCESS","Desired Access: Query Value"
"7:12:28.0971968 PM","ctfmon.exe","3980","RegQueryValue","HKLM\SOFTWARE\Microsoft\Input\Locales\loc_0409\VersionUser","NAME NOT FOUND","Length: 16"
"7:12:28.0972045 PM","ctfmon.exe","3980","RegCloseKey","HKLM\SOFTWARE\Microsoft\Input\Locales\loc_0409","SUCCESS",""
"7:12:28.0973042 PM","ctfmon.exe","3980","RegQueryKey","HKLM","SUCCESS","Query: HandleTags, HandleTags: 0x0"
"7:12:28.0973131 PM","ctfmon.exe","3980","RegOpenKey","HKLM\Software\Microsoft\Input\Locales\loc_0409","SUCCESS","Desired Access: Query Value"
"7:12:28.0973592 PM","ctfmon.exe","3980","RegQueryValue","HKLM\SOFTWARE\Microsoft\Input\Locales\loc_0409\VersionOEM","SUCCESS","Type: REG_DWORD, Length: 4, Data: 1"
"7:12:28.0973692 PM","ctfmon.exe","3980","RegCloseKey","HKLM\SOFTWARE\Microsoft\Input\Locales\loc_0409","SUCCESS",""
"7:12:28.0979010 PM","ctfmon.exe","3980","QueryOpen","C:\Windows\System32\en-US\mssp7en-US.lex","FAST IO DISALLOWED",""
"7:12:28.0980348 PM","ctfmon.exe","3980","CreateFile","C:\Windows\System32\en-US\mssp7en-US.lex","NAME NOT FOUND","Desired Access: Read Attributes, Disposition: Open, Options: Open Reparse Point, Attributes: n/a, ShareMode: Read, Write, Delete, AllocationSize: n/a"
"7:12:28.0982747 PM","ctfmon.exe","3980","QueryOpen","C:\Windows\Globalization\ELS\SpellDictionaries\MsSp7en-US.lex","FAST IO DISALLOWED",""
"7:12:28.0983376 PM","ctfmon.exe","3980","CreateFile","C:\Windows\Globalization\ELS\SpellDictionaries\MsSp7en-US.lex","SUCCESS","Desired Access: Read Attributes, Disposition: Open, Options: Open Reparse Point, Attributes: n/a, ShareMode: Read, Write, Delete, AllocationSize: n/a, OpenResult: Opened"
"7:12:28.0983658 PM","ctfmon.exe","3980","QueryBasicInformationFile","C:\Windows\Globalization\ELS\SpellDictionaries\MsSp7en-US.lex","SUCCESS","CreationTime: 12/7/2019 11:52:01 AM, LastAccessTime: 3/9/2026 5:42:45 PM, LastWriteTime: 12/6/2019 6:33:00 PM, ChangeTime: 3/10/2026 1:47:50 AM, FileAttributes: A"
"7:12:28.0983809 PM","ctfmon.exe","3980","CloseFile","C:\Windows\Globalization\ELS\SpellDictionaries\MsSp7en-US.lex","SUCCESS",""
"7:12:28.0984079 PM","ctfmon.exe","3980","IRP_MJ_CLOSE","C:\Windows\Globalization\ELS\SpellDictionaries\MsSp7en-US.lex","SUCCESS",""
"7:12:28.0984369 PM","ctfmon.exe","3980","RegQueryKey","HKLM","SUCCESS","Query: HandleTags, HandleTags: 0x0"
"7:12:28.0984506 PM","ctfmon.exe","3980","RegOpenKey","HKLM\Software\Microsoft\Input\Settings","SUCCESS","Desired Access: Read"
"7:12:28.0984692 PM","ctfmon.exe","3980","RegQueryKey","HKCU","SUCCESS","Query: HandleTags, HandleTags: 0x0"
"7:12:28.0984773 PM","ctfmon.exe","3980","RegOpenKey","HKCU\Software\Microsoft\Input\Settings","NAME NOT FOUND","Desired Access: Read"
"7:12:28.0984936 PM","ctfmon.exe","3980","RegQueryKey","HKLM\SOFTWARE\Microsoft\Input\Settings","SUCCESS","Query: HandleTags, HandleTags: 0x0"
"7:12:28.0985011 PM","ctfmon.exe","3980","RegOpenKey","HKLM\SOFTWARE\Microsoft\Input\Settings\proc_1\loc_0409\im_1","SUCCESS","Desired Access: Query Value"
"7:12:28.0985148 PM","ctfmon.exe","3980","RegQueryValue","HKLM\SOFTWARE\Microsoft\Input\Settings\proc_1\loc_0409\im_1\TRANSLITERATION","NAME NOT FOUND","Length: 144"
"7:12:28.0985301 PM","ctfmon.exe","3980","RegCloseKey","HKLM\SOFTWARE\Microsoft\Input\Settings\proc_1\loc_0409\im_1","SUCCESS",""
"7:12:28.0985393 PM","ctfmon.exe","3980","RegQueryKey","HKLM\SOFTWARE\Microsoft\Input\Settings","SUCCESS","Query: HandleTags, HandleTags: 0x0"
"7:12:28.0985467 PM","ctfmon.exe","3980","RegOpenKey","HKLM\SOFTWARE\Microsoft\Input\Settings\proc_1\loc_0409","SUCCESS","Desired Access: Query Value"
"7:12:28.0985552 PM","ctfmon.exe","3980","RegQueryValue","HKLM\SOFTWARE\Microsoft\Input\Settings\proc_1\loc_0409\TRANSLITERATION","NAME NOT FOUND","Length: 144"
"7:12:28.0985633 PM","ctfmon.exe","3980","RegCloseKey","HKLM\SOFTWARE\Microsoft\Input\Settings\proc_1\loc_0409","SUCCESS",""
"7:12:28.0985713 PM","ctfmon.exe","3980","RegQueryKey","HKLM\SOFTWARE\Microsoft\Input\Settings","SUCCESS","Query: HandleTags, HandleTags: 0x0"
"7:12:28.0985782 PM","ctfmon.exe","3980","RegOpenKey","HKLM\SOFTWARE\Microsoft\Input\Settings\proc_1","SUCCESS","Desired Access: Query Value"
"7:12:28.0985868 PM","ctfmon.exe","3980","RegQueryValue","HKLM\SOFTWARE\Microsoft\Input\Settings\proc_1\TRANSLITERATION","NAME NOT FOUND","Length: 144"
"7:12:28.0985972 PM","ctfmon.exe","3980","RegCloseKey","HKLM\SOFTWARE\Microsoft\Input\Settings\proc_1","SUCCESS",""
"7:12:28.0986039 PM","ctfmon.exe","3980","RegQueryValue","HKLM\SOFTWARE\Microsoft\Input\Settings\TRANSLITERATION","NAME NOT FOUND","Length: 144"
"7:12:28.0986128 PM","ctfmon.exe","3980","RegCloseKey","HKLM\SOFTWARE\Microsoft\Input\Settings","SUCCESS",""
"7:12:28.0986206 PM","ctfmon.exe","3980","RegQueryKey","HKLM","SUCCESS","Query: HandleTags, HandleTags: 0x0"
"7:12:28.0986298 PM","ctfmon.exe","3980","RegOpenKey","HKLM\Software\Microsoft\Input\Settings","SUCCESS","Desired Access: Read"
"7:12:28.0986456 PM","ctfmon.exe","3980","RegQueryKey","HKCU","SUCCESS","Query: HandleTags, HandleTags: 0x0"
"7:12:28.0986721 PM","ctfmon.exe","3980","RegOpenKey","HKCU\Software\Microsoft\Input\Settings","NAME NOT FOUND","Desired Access: Read"
"7:12:28.0986848 PM","ctfmon.exe","3980","RegQueryKey","HKLM\SOFTWARE\Microsoft\Input\Settings","SUCCESS","Query: HandleTags, HandleTags: 0x0"
"7:12:28.0986916 PM","ctfmon.exe","3980","RegOpenKey","HKLM\SOFTWARE\Microsoft\Input\Settings\proc_1\loc_0409\im_1","SUCCESS","Desired Access: Query Value"
"7:12:28.0987015 PM","ctfmon.exe","3980","RegQueryValue","HKLM\SOFTWARE\Microsoft\Input\Settings\proc_1\loc_0409\im_1\TRANSLITERATIONONTHEFLY","NAME NOT FOUND","Length: 144"
"7:12:28.0987108 PM","ctfmon.exe","3980","RegCloseKey","HKLM\SOFTWARE\Microsoft\Input\Settings\proc_1\loc_0409\im_1","SUCCESS",""
"7:12:28.0987190 PM","ctfmon.exe","3980","RegQueryKey","HKLM\SOFTWARE\Microsoft\Input\Settings","SUCCESS","Query: HandleTags, HandleTags: 0x0"
"7:12:28.0987259 PM","ctfmon.exe","3980","RegOpenKey","HKLM\SOFTWARE\Microsoft\Input\Settings\proc_1\loc_0409","SUCCESS","Desired Access: Query Value"
"7:12:28.0987342 PM","ctfmon.exe","3980","RegQueryValue","HKLM\SOFTWARE\Microsoft\Input\Settings\proc_1\loc_0409\TRANSLITERATIONONTHEFLY","NAME NOT FOUND","Length: 144"
"7:12:28.0987546 PM","ctfmon.exe","3980","RegCloseKey","HKLM\SOFTWARE\Microsoft\Input\Settings\proc_1\loc_0409","SUCCESS",""
"7:12:28.0987641 PM","ctfmon.exe","3980","RegQueryKey","HKLM\SOFTWARE\Microsoft\Input\Settings","SUCCESS","Query: HandleTags, HandleTags: 0x0"
"7:12:28.0987712 PM","ctfmon.exe","3980","RegOpenKey","HKLM\SOFTWARE\Microsoft\Input\Settings\proc_1","SUCCESS","Desired Access: Query Value"
"7:12:28.0987794 PM","ctfmon.exe","3980","RegQueryValue","HKLM\SOFTWARE\Microsoft\Input\Settings\proc_1\TRANSLITERATIONONTHEFLY","NAME NOT FOUND","Length: 144"
"7:12:28.0987885 PM","ctfmon.exe","3980","RegCloseKey","HKLM\SOFTWARE\Microsoft\Input\Settings\proc_1","SUCCESS",""
"7:12:28.0987953 PM","ctfmon.exe","3980","RegQueryValue","HKLM\SOFTWARE\Microsoft\Input\Settings\TRANSLITERATIONONTHEFLY","NAME NOT FOUND","Length: 144"
"7:12:28.0988049 PM","ctfmon.exe","3980","RegCloseKey","HKLM\SOFTWARE\Microsoft\Input\Settings","SUCCESS",""
"7:12:28.0988132 PM","ctfmon.exe","3980","RegQueryKey","HKLM","SUCCESS","Query: HandleTags, HandleTags: 0x0"
"7:12:28.0988204 PM","ctfmon.exe","3980","RegOpenKey","HKLM\Software\Microsoft\Input\Settings","SUCCESS","Desired Access: Read"
"7:12:28.0988243 PM","Procmon64.exe","1132","QueryOpen","C:\Windows\System32\ws2_32.dll","FAST IO DISALLOWED",""
"7:12:28.0988414 PM","ctfmon.exe","3980","RegQueryKey","HKCU","SUCCESS","Query: HandleTags, HandleTags: 0x0"
"7:12:28.0988520 PM","ctfmon.exe","3980","RegOpenKey","HKCU\Software\Microsoft\Input\Settings","NAME NOT FOUND","Desired Access: Read"
"7:12:28.0988671 PM","ctfmon.exe","3980","RegQueryKey","HKLM\SOFTWARE\Microsoft\Input\Settings","SUCCESS","Query: HandleTags, HandleTags: 0x0"
"7:12:28.0988747 PM","ctfmon.exe","3980","RegOpenKey","HKLM\SOFTWARE\Microsoft\Input\Settings\proc_1\loc_0409\im_1","SUCCESS","Desired Access: Query Value"
"7:12:28.0988885 PM","ctfmon.exe","3980","RegQueryValue","HKLM\SOFTWARE\Microsoft\Input\Settings\proc_1\loc_0409\im_1\USEDANDA","NAME NOT FOUND","Length: 144"
"7:12:28.0989003 PM","ctfmon.exe","3980","RegCloseKey","HKLM\SOFTWARE\Microsoft\Input\Settings\proc_1\loc_0409\im_1","SUCCESS",""
"7:12:28.0989091 PM","ctfmon.exe","3980","RegQueryKey","HKLM\SOFTWARE\Microsoft\Input\Settings","SUCCESS","Query: HandleTags, HandleTags: 0x0"
"7:12:28.0989163 PM","ctfmon.exe","3980","RegOpenKey","HKLM\SOFTWARE\Microsoft\Input\Settings\proc_1\loc_0409","SUCCESS","Desired Access: Query Value"
"7:12:28.0989252 PM","ctfmon.exe","3980","RegQueryValue","HKLM\SOFTWARE\Microsoft\Input\Settings\proc_1\loc_0409\USEDANDA","NAME NOT FOUND","Length: 144"
"7:12:28.0989330 PM","ctfmon.exe","3980","RegCloseKey","HKLM\SOFTWARE\Microsoft\Input\Settings\proc_1\loc_0409","SUCCESS",""
"7:12:28.0989406 PM","ctfmon.exe","3980","RegQueryKey","HKLM\SOFTWARE\Microsoft\Input\Settings","SUCCESS","Query: HandleTags, HandleTags: 0x0"
"7:12:28.0989474 PM","ctfmon.exe","3980","RegOpenKey","HKLM\SOFTWARE\Microsoft\Input\Settings\proc_1","SUCCESS","Desired Access: Query Value"
"7:12:28.0989588 PM","ctfmon.exe","3980","RegQueryValue","HKLM\SOFTWARE\Microsoft\Input\Settings\proc_1\USEDANDA","NAME NOT FOUND","Length: 144"
"7:12:28.0989733 PM","ctfmon.exe","3980","RegCloseKey","HKLM\SOFTWARE\Microsoft\Input\Settings\proc_1","SUCCESS",""
"7:12:28.0989848 PM","ctfmon.exe","3980","RegQueryValue","HKLM\SOFTWARE\Microsoft\Input\Settings\USEDANDA","NAME NOT FOUND","Length: 144"
"7:12:28.0989958 PM","ctfmon.exe","3980","RegCloseKey","HKLM\SOFTWARE\Microsoft\Input\Settings","SUCCESS",""
"7:12:28.0990039 PM","ctfmon.exe","3980","RegQueryKey","HKLM","SUCCESS","Query: HandleTags, HandleTags: 0x0"
"7:12:28.0990215 PM","ctfmon.exe","3980","RegOpenKey","HKLM\Software\Microsoft\Input\Settings","SUCCESS","Desired Access: Read"
"7:12:28.0990416 PM","ctfmon.exe","3980","RegQueryKey","HKCU","SUCCESS","Query: HandleTags, HandleTags: 0x0"
"7:12:28.0990542 PM","ctfmon.exe","3980","RegOpenKey","HKCU\Software\Microsoft\Input\Settings","NAME NOT FOUND","Desired Access: Read"
"7:12:28.0990678 PM","Procmon64.exe","1132","CreateFile","C:\Windows\System32\ws2_32.dll","SUCCESS","Desired Access: Read Attributes, Disposition: Open, Options: Open Reparse Point, Attributes: n/a, ShareMode: Read, Write, Delete, AllocationSize: n/a, OpenResult: Opened"
"7:12:28.0990693 PM","ctfmon.exe","3980","RegQueryKey","HKLM\SOFTWARE\Microsoft\Input\Settings","SUCCESS","Query: HandleTags, HandleTags: 0x0"
"7:12:28.0990769 PM","ctfmon.exe","3980","RegOpenKey","HKLM\SOFTWARE\Microsoft\Input\Settings\is_0\loc_0409","NAME NOT FOUND","Desired Access: Query Value"
"7:12:28.0990872 PM","ctfmon.exe","3980","RegQueryKey","HKLM\SOFTWARE\Microsoft\Input\Settings","SUCCESS","Query: HandleTags, HandleTags: 0x0"
"7:12:28.0990952 PM","ctfmon.exe","3980","RegOpenKey","HKLM\SOFTWARE\Microsoft\Input\Settings\is_0","SUCCESS","Desired Access: Query Value"
"7:12:28.0991074 PM","ctfmon.exe","3980","RegQueryValue","HKLM\SOFTWARE\Microsoft\Input\Settings\is_0\SUPPRESSCONVERSION","NAME NOT FOUND","Length: 144"
"7:12:28.0991153 PM","Procmon64.exe","1132","QueryBasicInformationFile","C:\Windows\System32\ws2_32.dll","SUCCESS","CreationTime: 12/4/2023 4:49:07 AM, LastAccessTime: 3/9/2026 5:42:45 PM, LastWriteTime: 12/4/2023 4:49:07 AM, ChangeTime: 3/10/2026 12:49:06 AM, FileAttributes: A"
"7:12:28.0991181 PM","ctfmon.exe","3980","RegCloseKey","HKLM\SOFTWARE\Microsoft\Input\Settings\is_0","SUCCESS",""
"7:12:28.0991244 PM","Procmon64.exe","1132","CloseFile","C:\Windows\System32\ws2_32.dll","SUCCESS",""
"7:12:28.0991257 PM","ctfmon.exe","3980","RegQueryValue","HKLM\SOFTWARE\Microsoft\Input\Settings\SUPPRESSCONVERSION","NAME NOT FOUND","Length: 144"
"7:12:28.0991345 PM","ctfmon.exe","3980","RegCloseKey","HKLM\SOFTWARE\Microsoft\Input\Settings","SUCCESS",""
"7:12:28.0991372 PM","Procmon64.exe","1132","IRP_MJ_CLOSE","C:\Windows\System32\ws2_32.dll","SUCCESS",""
"7:12:28.0991425 PM","ctfmon.exe","3980","RegQueryKey","HKLM","SUCCESS","Query: HandleTags, HandleTags: 0x0"
"7:12:28.0991500 PM","ctfmon.exe","3980","RegOpenKey","HKLM\Software\Microsoft\Input\Settings","SUCCESS","Desired Access: Read"
"7:12:28.0991596 PM","ctfmon.exe","3980","RegQueryKey","HKCU","SUCCESS","Query: HandleTags, HandleTags: 0x0"
"7:12:28.0991664 PM","ctfmon.exe","3980","RegOpenKey","HKCU\Software\Microsoft\Input\Settings","NAME NOT FOUND","Desired Access: Read"
"7:12:28.0991754 PM","ctfmon.exe","3980","RegQueryKey","HKLM\SOFTWARE\Microsoft\Input\Settings","SUCCESS","Query: HandleTags, HandleTags: 0x0"
"7:12:28.0991823 PM","ctfmon.exe","3980","RegOpenKey","HKLM\SOFTWARE\Microsoft\Input\Settings\proc_1\loc_0409\im_1","SUCCESS","Desired Access: Query Value"
"7:12:28.0991910 PM","ctfmon.exe","3980","RegQueryValue","HKLM\SOFTWARE\Microsoft\Input\Settings\proc_1\loc_0409\im_1\RULEBASEDCONVERSION","NAME NOT FOUND","Length: 144"
"7:12:28.0991995 PM","ctfmon.exe","3980","RegCloseKey","HKLM\SOFTWARE\Microsoft\Input\Settings\proc_1\loc_0409\im_1","SUCCESS",""
"7:12:28.0992069 PM","ctfmon.exe","3980","RegQueryKey","HKLM\SOFTWARE\Microsoft\Input\Settings","SUCCESS","Query: HandleTags, HandleTags: 0x0"
"7:12:28.0992137 PM","ctfmon.exe","3980","RegOpenKey","HKLM\SOFTWARE\Microsoft\Input\Settings\proc_1\loc_0409","SUCCESS","Desired Access: Query Value"
"7:12:28.0992217 PM","ctfmon.exe","3980","RegQueryValue","HKLM\SOFTWARE\Microsoft\Input\Settings\proc_1\loc_0409\RULEBASEDCONVERSION","NAME NOT FOUND","Length: 144"
"7:12:28.0992290 PM","ctfmon.exe","3980","RegCloseKey","HKLM\SOFTWARE\Microsoft\Input\Settings\proc_1\loc_0409","SUCCESS",""
"7:12:28.0992360 PM","ctfmon.exe","3980","RegQueryKey","HKLM\SOFTWARE\Microsoft\Input\Settings","SUCCESS","Query: HandleTags, HandleTags: 0x0"
"7:12:28.0992427 PM","ctfmon.exe","3980","RegOpenKey","HKLM\SOFTWARE\Microsoft\Input\Settings\proc_1","SUCCESS","Desired Access: Query Value"
"7:12:28.0992507 PM","Procmon64.exe","1132","CreateFile","C:\Windows\System32\ws2_32.dll","SUCCESS","Desired Access: Generic Read, Disposition: Open, Options: Synchronous IO Non-Alert, Non-Directory File, Attributes: n/a, ShareMode: Read, AllocationSize: n/a, OpenResult: Opened"
"7:12:28.0992734 PM","ctfmon.exe","3980","RegQueryValue","HKLM\SOFTWARE\Microsoft\Input\Settings\proc_1\RULEBASEDCONVERSION","NAME NOT FOUND","Length: 144"
"7:12:28.0993060 PM","ctfmon.exe","3980","RegCloseKey","HKLM\SOFTWARE\Microsoft\Input\Settings\proc_1","SUCCESS",""
"7:12:28.0993149 PM","ctfmon.exe","3980","RegQueryValue","HKLM\SOFTWARE\Microsoft\Input\Settings\RULEBASEDCONVERSION","NAME NOT FOUND","Length: 144"
"7:12:28.0993209 PM","Procmon64.exe","1132","CreateFileMapping","C:\Windows\System32\ws2_32.dll","FILE LOCKED WITH ONLY READERS","SyncType: SyncTypeCreateSection, PageProtection: PAGE_EXECUTE_READWRITE|PAGE_NOCACHE"
"7:12:28.0993248 PM","ctfmon.exe","3980","RegCloseKey","HKLM\SOFTWARE\Microsoft\Input\Settings","SUCCESS",""
"7:12:28.0993317 PM","Procmon64.exe","1132","QueryStandardInformationFile","C:\Windows\System32\ws2_32.dll","SUCCESS","AllocationSize: 430,080, EndOfFile: 429,408, NumberOfLinks: 2, DeletePending: False, Directory: False"
"7:12:28.0993334 PM","ctfmon.exe","3980","RegQueryKey","HKCU","SUCCESS","Query: HandleTags, HandleTags: 0x0"
"7:12:28.0993411 PM","Procmon64.exe","1132","FASTIO_RELEASE_FOR_SECTION_SYNCHRONIZATION","C:\Windows\System32\ws2_32.dll","SUCCESS",""
"7:12:28.0993422 PM","ctfmon.exe","3980","RegOpenKey","HKCU\Software\Microsoft\Input\Settings","NAME NOT FOUND","Desired Access: Query Value"
"7:12:28.0993478 PM","Procmon64.exe","1132","CreateFileMapping","C:\Windows\System32\ws2_32.dll","SUCCESS","SyncType: SyncTypeOther"
"7:12:28.0993526 PM","Procmon64.exe","1132","FASTIO_RELEASE_FOR_SECTION_SYNCHRONIZATION","C:\Windows\System32\ws2_32.dll","SUCCESS",""
"7:12:28.0993531 PM","ctfmon.exe","3980","RegQueryKey","HKLM","SUCCESS","Query: HandleTags, HandleTags: 0x0"
"7:12:28.0993737 PM","ctfmon.exe","3980","RegOpenKey","HKLM\Software\Microsoft\Input\Settings","SUCCESS","Desired Access: Query Value"
"7:12:28.0993838 PM","ctfmon.exe","3980","RegQueryValue","HKLM\SOFTWARE\Microsoft\Input\Settings\PredictionDisabled","NAME NOT FOUND","Length: 144"
"7:12:28.0993927 PM","ctfmon.exe","3980","RegCloseKey","HKLM\SOFTWARE\Microsoft\Input\Settings","SUCCESS",""
"7:12:28.0994001 PM","ctfmon.exe","3980","RegQueryKey","HKCU","SUCCESS","Query: HandleTags, HandleTags: 0x0"
"7:12:28.0994071 PM","Procmon64.exe","1132","ReadFile","C:\Windows\System32\ws2_32.dll","SUCCESS","Offset: 0, Length: 32,768, I/O Flags: Non-cached, Paging I/O, Synchronous Paging I/O, Priority: Normal"
"7:12:28.0994072 PM","ctfmon.exe","3980","RegOpenKey","HKCU\Software\Microsoft\TabletTip\1.7","SUCCESS","Desired Access: Query Value"
"7:12:28.0994195 PM","ctfmon.exe","3980","RegQueryValue","HKCU\SOFTWARE\Microsoft\TabletTip\1.7\EnablePredictionSpaceInsertion","NAME NOT FOUND","Length: 16"
"7:12:28.0994274 PM","ctfmon.exe","3980","RegCloseKey","HKCU\SOFTWARE\Microsoft\TabletTip\1.7","SUCCESS",""
"7:12:28.0994344 PM","ctfmon.exe","3980","RegQueryKey","HKLM","SUCCESS","Query: HandleTags, HandleTags: 0x0"
"7:12:28.0994409 PM","ctfmon.exe","3980","RegOpenKey","HKLM\Software\Microsoft\Input\Settings","SUCCESS","Desired Access: Read"
"7:12:28.0994492 PM","ctfmon.exe","3980","RegQueryKey","HKCU","SUCCESS","Query: HandleTags, HandleTags: 0x0"
"7:12:28.0994558 PM","ctfmon.exe","3980","RegOpenKey","HKCU\Software\Microsoft\Input\Settings","NAME NOT FOUND","Desired Access: Read"
"7:12:28.0994669 PM","ctfmon.exe","3980","RegQueryKey","HKLM\SOFTWARE\Microsoft\Input\Settings","SUCCESS","Query: HandleTags, HandleTags: 0x0"
"7:12:28.0994962 PM","ctfmon.exe","3980","RegOpenKey","HKLM\SOFTWARE\Microsoft\Input\Settings\proc_1\loc_0409\im_1","SUCCESS","Desired Access: Query Value"
"7:12:28.0995138 PM","ctfmon.exe","3980","RegQueryValue","HKLM\SOFTWARE\Microsoft\Input\Settings\proc_1\loc_0409\im_1\HASTRAILER","SUCCESS","Type: REG_DWORD, Length: 4, Data: 1"
"7:12:28.0995302 PM","ctfmon.exe","3980","RegCloseKey","HKLM\SOFTWARE\Microsoft\Input\Settings\proc_1\loc_0409\im_1","SUCCESS",""
"7:12:28.0995371 PM","Explorer.EXE","4184","RegQueryKey","HKCU\Software\Classes","SUCCESS","Query: Name"
"7:12:28.0995383 PM","ctfmon.exe","3980","RegCloseKey","HKLM\SOFTWARE\Microsoft\Input\Settings","SUCCESS",""
"7:12:28.0995473 PM","ctfmon.exe","3980","RegQueryKey","HKLM","SUCCESS","Query: HandleTags, HandleTags: 0x0"
"7:12:28.0995560 PM","ctfmon.exe","3980","RegOpenKey","HKLM\Software\Microsoft\Input\Settings","SUCCESS","Desired Access: Read"
"7:12:28.0995601 PM","Explorer.EXE","4184","RegQueryKey","HKCU\Software\Classes","SUCCESS","Query: HandleTags, HandleTags: 0x0"
"7:12:28.0995659 PM","ctfmon.exe","3980","RegQueryKey","HKCU","SUCCESS","Query: HandleTags, HandleTags: 0x0"
"7:12:28.0995687 PM","Explorer.EXE","4184","RegQueryKey","HKCU\Software\Classes","SUCCESS","Query: HandleTags, HandleTags: 0x0"
"7:12:28.0995731 PM","ctfmon.exe","3980","RegOpenKey","HKCU\Software\Microsoft\Input\Settings","NAME NOT FOUND","Desired Access: Read"
"7:12:28.0995805 PM","Explorer.EXE","4184","RegOpenKey","HKCU\Software\Classes\CLSID\{56AD4C5D-B908-4F85-8FF1-7940C29B3BCF}\Instance","NAME NOT FOUND","Desired Access: Read"
"7:12:28.0995846 PM","ctfmon.exe","3980","RegQueryKey","HKLM\SOFTWARE\Microsoft\Input\Settings","SUCCESS","Query: HandleTags, HandleTags: 0x0"
"7:12:28.0995921 PM","ctfmon.exe","3980","RegOpenKey","HKLM\SOFTWARE\Microsoft\Input\Settings\is_0\loc_0409","NAME NOT FOUND","Desired Access: Query Value"
"7:12:28.0995971 PM","Explorer.EXE","4184","RegOpenKey","HKCR\CLSID\{56AD4C5D-B908-4F85-8FF1-7940C29B3BCF}\Instance","NAME NOT FOUND","Desired Access: Read"
"7:12:28.0996011 PM","ctfmon.exe","3980","RegQueryKey","HKLM\SOFTWARE\Microsoft\Input\Settings","SUCCESS","Query: HandleTags, HandleTags: 0x0"
"7:12:28.0996083 PM","ctfmon.exe","3980","RegOpenKey","HKLM\SOFTWARE\Microsoft\Input\Settings\is_0","SUCCESS","Desired Access: Query Value"
"7:12:28.0996174 PM","ctfmon.exe","3980","RegQueryValue","HKLM\SOFTWARE\Microsoft\Input\Settings\is_0\HASTRAILER","SUCCESS","Type: REG_DWORD, Length: 4, Data: 1"
"7:12:28.0996279 PM","ctfmon.exe","3980","RegCloseKey","HKLM\SOFTWARE\Microsoft\Input\Settings\is_0","SUCCESS",""
"7:12:28.0996398 PM","ctfmon.exe","3980","RegCloseKey","HKLM\SOFTWARE\Microsoft\Input\Settings","SUCCESS",""
"7:12:28.0996625 PM","ctfmon.exe","3980","RegQueryKey","HKLM","SUCCESS","Query: HandleTags, HandleTags: 0x0"
"7:12:28.0996710 PM","ctfmon.exe","3980","RegOpenKey","HKLM\Software\Microsoft\PolicyManager\default\TextInput\AllowKeyboardTextSuggestions","SUCCESS","Desired Access: Read"
"7:12:28.0996920 PM","ctfmon.exe","3980","RegSetInfoKey","HKLM\SOFTWARE\Microsoft\PolicyManager\default\TextInput\AllowKeyboardTextSuggestions","SUCCESS","KeySetInformationClass: KeySetHandleTagsInformation, Length: 0"
"7:12:28.0997002 PM","ctfmon.exe","3980","RegQueryValue","HKLM\SOFTWARE\Microsoft\PolicyManager\default\TextInput\AllowKeyboardTextSuggestions\PolicyType","SUCCESS","Type: REG_DWORD, Length: 4, Data: 4"
"7:12:28.0997089 PM","ctfmon.exe","3980","RegQueryValue","HKLM\SOFTWARE\Microsoft\PolicyManager\default\TextInput\AllowKeyboardTextSuggestions\Behavior","SUCCESS","Type: REG_DWORD, Length: 4, Data: 32"
"7:12:28.0997160 PM","ctfmon.exe","3980","RegQueryValue","HKLM\SOFTWARE\Microsoft\PolicyManager\default\TextInput\AllowKeyboardTextSuggestions\MergeAlgorithm","SUCCESS","Type: REG_DWORD, Length: 4, Data: 1"
"7:12:28.0997232 PM","ctfmon.exe","3980","RegQueryValue","HKLM\SOFTWARE\Microsoft\PolicyManager\default\TextInput\AllowKeyboardTextSuggestions\RegKeyPathRedirectMapped","NAME NOT FOUND","Length: 16"
"7:12:28.0997301 PM","ctfmon.exe","3980","RegQueryValue","HKLM\SOFTWARE\Microsoft\PolicyManager\default\TextInput\AllowKeyboardTextSuggestions\RegKeyPathRedirect","NAME NOT FOUND","Length: 12"
"7:12:28.0997370 PM","ctfmon.exe","3980","RegQueryValue","HKLM\SOFTWARE\Microsoft\PolicyManager\default\TextInput\AllowKeyboardTextSuggestions\grouppolicyname","NAME NOT FOUND","Length: 12"
"7:12:28.0997437 PM","ctfmon.exe","3980","RegQueryValue","HKLM\SOFTWARE\Microsoft\PolicyManager\default\TextInput\AllowKeyboardTextSuggestions\ADMXMetadataUser","NAME NOT FOUND","Length: 12"
"7:12:28.0997508 PM","ctfmon.exe","3980","RegQueryValue","HKLM\SOFTWARE\Microsoft\PolicyManager\default\TextInput\AllowKeyboardTextSuggestions\ADMXMetadataDevice","NAME NOT FOUND","Length: 12"
"7:12:28.0997575 PM","ctfmon.exe","3980","RegQueryValue","HKLM\SOFTWARE\Microsoft\PolicyManager\default\TextInput\AllowKeyboardTextSuggestions\ADMXMetadataBoth","NAME NOT FOUND","Length: 12"
"7:12:28.0997937 PM","ctfmon.exe","3980","RegQueryValue","HKLM\SOFTWARE\Microsoft\PolicyManager\default\TextInput\AllowKeyboardTextSuggestions\30Value","NAME NOT FOUND","Length: 12"
"7:12:28.0998027 PM","ctfmon.exe","3980","RegQueryValue","HKLM\SOFTWARE\Microsoft\PolicyManager\default\TextInput\AllowKeyboardTextSuggestions\Value","SUCCESS","Type: REG_DWORD, Length: 4, Data: 1"
"7:12:28.0998108 PM","ctfmon.exe","3980","RegCloseKey","HKLM\SOFTWARE\Microsoft\PolicyManager\default\TextInput\AllowKeyboardTextSuggestions","SUCCESS",""
"7:12:28.0998239 PM","ctfmon.exe","3980","RegQueryKey","HKLM","SUCCESS","Query: HandleTags, HandleTags: 0x0"
"7:12:28.0998315 PM","ctfmon.exe","3980","RegOpenKey","HKLM\Software\Microsoft\PolicyManager\current\Device\TextInput","NAME NOT FOUND","Desired Access: Read"
"7:12:28.0998477 PM","ctfmon.exe","3980","RegQueryKey","HKCU","SUCCESS","Query: HandleTags, HandleTags: 0x0"
"7:12:28.0998546 PM","ctfmon.exe","3980","RegOpenKey","HKCU\Software\Microsoft\TabletTip\1.7","SUCCESS","Desired Access: Query Value"
"7:12:28.0998642 PM","ctfmon.exe","3980","RegQueryValue","HKCU\SOFTWARE\Microsoft\TabletTip\1.7\EnableTextPrediction","NAME NOT FOUND","Length: 16"
"7:12:28.0998723 PM","ctfmon.exe","3980","RegCloseKey","HKCU\SOFTWARE\Microsoft\TabletTip\1.7","SUCCESS",""
"7:12:28.0998795 PM","ctfmon.exe","3980","RegQueryKey","HKLM","SUCCESS","Query: HandleTags, HandleTags: 0x0"
"7:12:28.0998863 PM","ctfmon.exe","3980","RegOpenKey","HKLM\Software\Microsoft\Input\Settings","SUCCESS","Desired Access: Read"
"7:12:28.0998954 PM","ctfmon.exe","3980","RegQueryKey","HKCU","SUCCESS","Query: HandleTags, HandleTags: 0x0"
"7:12:28.0999020 PM","ctfmon.exe","3980","RegOpenKey","HKCU\Software\Microsoft\Input\Settings","NAME NOT FOUND","Desired Access: Read"
"7:12:28.0999118 PM","ctfmon.exe","3980","RegQueryKey","HKLM\SOFTWARE\Microsoft\Input\Settings","SUCCESS","Query: HandleTags, HandleTags: 0x0"
"7:12:28.0999187 PM","ctfmon.exe","3980","RegOpenKey","HKLM\SOFTWARE\Microsoft\Input\Settings\proc_1\loc_0409\im_1","SUCCESS","Desired Access: Query Value"
"7:12:28.0999287 PM","ctfmon.exe","3980","RegQueryValue","HKLM\SOFTWARE\Microsoft\Input\Settings\proc_1\loc_0409\im_1\PREDICTION","SUCCESS","Type: REG_DWORD, Length: 4, Data: 1"
"7:12:28.0999386 PM","ctfmon.exe","3980","RegCloseKey","HKLM\SOFTWARE\Microsoft\Input\Settings\proc_1\loc_0409\im_1","SUCCESS",""
"7:12:28.0999455 PM","ctfmon.exe","3980","RegCloseKey","HKLM\SOFTWARE\Microsoft\Input\Settings","SUCCESS",""
"7:12:28.0999528 PM","ctfmon.exe","3980","RegQueryKey","HKCU","SUCCESS","Query: HandleTags, HandleTags: 0x0"
"7:12:28.0999607 PM","ctfmon.exe","3980","RegOpenKey","HKCU\Software\Microsoft\TabletTip\1.7","SUCCESS","Desired Access: Query Value"
"7:12:28.0999693 PM","ctfmon.exe","3980","RegQueryValue","HKCU\SOFTWARE\Microsoft\TabletTip\1.7\EnableAutoCorrection","NAME NOT FOUND","Length: 16"
"7:12:28.0999784 PM","ctfmon.exe","3980","RegCloseKey","HKCU\SOFTWARE\Microsoft\TabletTip\1.7","SUCCESS",""
"7:12:28.0999855 PM","ctfmon.exe","3980","RegQueryKey","HKLM","SUCCESS","Query: HandleTags, HandleTags: 0x0"
"7:12:28.0999926 PM","ctfmon.exe","3980","RegOpenKey","HKLM\Software\Microsoft\Input\Settings","SUCCESS","Desired Access: Read"
"7:12:28.1000004 PM","ctfmon.exe","3980","RegQueryKey","HKCU","SUCCESS","Query: HandleTags, HandleTags: 0x0"
"7:12:28.1000069 PM","ctfmon.exe","3980","RegOpenKey","HKCU\Software\Microsoft\Input\Settings","NAME NOT FOUND","Desired Access: Read"
"7:12:28.1000159 PM","ctfmon.exe","3980","RegQueryKey","HKLM\SOFTWARE\Microsoft\Input\Settings","SUCCESS","Query: HandleTags, HandleTags: 0x0"
"7:12:28.1000227 PM","ctfmon.exe","3980","RegOpenKey","HKLM\SOFTWARE\Microsoft\Input\Settings\proc_1\loc_0409\im_1","SUCCESS","Desired Access: Query Value"
"7:12:28.1000315 PM","ctfmon.exe","3980","RegQueryValue","HKLM\SOFTWARE\Microsoft\Input\Settings\proc_1\loc_0409\im_1\AUTOCORRECTION","SUCCESS","Type: REG_DWORD, Length: 4, Data: 1"
"7:12:28.1000396 PM","ctfmon.exe","3980","RegCloseKey","HKLM\SOFTWARE\Microsoft\Input\Settings\proc_1\loc_0409\im_1","SUCCESS",""
"7:12:28.1000466 PM","ctfmon.exe","3980","RegCloseKey","HKLM\SOFTWARE\Microsoft\Input\Settings","SUCCESS",""
"7:12:28.1000538 PM","ctfmon.exe","3980","RegQueryKey","HKLM","SUCCESS","Query: HandleTags, HandleTags: 0x0"
"7:12:28.1000608 PM","ctfmon.exe","3980","RegOpenKey","HKLM\Software\Microsoft\Input\Settings","SUCCESS","Desired Access: Read"
"7:12:28.1000698 PM","ctfmon.exe","3980","RegQueryKey","HKCU","SUCCESS","Query: HandleTags, HandleTags: 0x0"
"7:12:28.1000770 PM","ctfmon.exe","3980","RegOpenKey","HKCU\Software\Microsoft\Input\Settings","NAME NOT FOUND","Desired Access: Read"
"7:12:28.1000867 PM","ctfmon.exe","3980","RegQueryKey","HKLM\SOFTWARE\Microsoft\Input\Settings","SUCCESS","Query: HandleTags, HandleTags: 0x0"
"7:12:28.1000936 PM","ctfmon.exe","3980","RegOpenKey","HKLM\SOFTWARE\Microsoft\Input\Settings\is_0\loc_0409","NAME NOT FOUND","Desired Access: Query Value"
"7:12:28.1001032 PM","ctfmon.exe","3980","RegQueryKey","HKLM\SOFTWARE\Microsoft\Input\Settings","SUCCESS","Query: HandleTags, HandleTags: 0x0"
"7:12:28.1001101 PM","ctfmon.exe","3980","RegOpenKey","HKLM\SOFTWARE\Microsoft\Input\Settings\is_0","SUCCESS","Desired Access: Query Value"
"7:12:28.1001182 PM","ctfmon.exe","3980","RegQueryValue","HKLM\SOFTWARE\Microsoft\Input\Settings\is_0\AUTOCORRECTION","SUCCESS","Type: REG_DWORD, Length: 4, Data: 1"
"7:12:28.1001295 PM","ctfmon.exe","3980","RegCloseKey","HKLM\SOFTWARE\Microsoft\Input\Settings\is_0","SUCCESS",""
"7:12:28.1001372 PM","ctfmon.exe","3980","RegCloseKey","HKLM\SOFTWARE\Microsoft\Input\Settings","SUCCESS",""
"7:12:28.1001443 PM","ctfmon.exe","3980","RegQueryKey","HKLM","SUCCESS","Query: HandleTags, HandleTags: 0x0"
"7:12:28.1001522 PM","ctfmon.exe","3980","RegOpenKey","HKLM\Software\Microsoft\Input\Settings","SUCCESS","Desired Access: Read"
"7:12:28.1001619 PM","ctfmon.exe","3980","RegQueryKey","HKCU","SUCCESS","Query: HandleTags, HandleTags: 0x0"
"7:12:28.1001696 PM","ctfmon.exe","3980","RegOpenKey","HKCU\Software\Microsoft\Input\Settings","NAME NOT FOUND","Desired Access: Read"
"7:12:28.1001793 PM","ctfmon.exe","3980","RegQueryKey","HKLM\SOFTWARE\Microsoft\Input\Settings","SUCCESS","Query: HandleTags, HandleTags: 0x0"
"7:12:28.1001857 PM","ctfmon.exe","3980","RegOpenKey","HKLM\SOFTWARE\Microsoft\Input\Settings\proc_1\loc_0409\im_1","SUCCESS","Desired Access: Query Value"
"7:12:28.1001951 PM","ctfmon.exe","3980","RegQueryValue","HKLM\SOFTWARE\Microsoft\Input\Settings\proc_1\loc_0409\im_1\SPELLCHECK","SUCCESS","Type: REG_DWORD, Length: 4, Data: 1"
"7:12:28.1002048 PM","ctfmon.exe","3980","RegCloseKey","HKLM\SOFTWARE\Microsoft\Input\Settings\proc_1\loc_0409\im_1","SUCCESS",""
"7:12:28.1002120 PM","ctfmon.exe","3980","RegCloseKey","HKLM\SOFTWARE\Microsoft\Input\Settings","SUCCESS",""
"7:12:28.1002187 PM","ctfmon.exe","3980","RegQueryKey","HKLM","SUCCESS","Query: HandleTags, HandleTags: 0x0"
"7:12:28.1002257 PM","ctfmon.exe","3980","RegOpenKey","HKLM\Software\Microsoft\Input\Settings","SUCCESS","Desired Access: Read"
"7:12:28.1002357 PM","ctfmon.exe","3980","RegQueryKey","HKCU","SUCCESS","Query: HandleTags, HandleTags: 0x0"
"7:12:28.1002423 PM","ctfmon.exe","3980","RegOpenKey","HKCU\Software\Microsoft\Input\Settings","NAME NOT FOUND","Desired Access: Read"
"7:12:28.1002505 PM","ctfmon.exe","3980","RegQueryKey","HKLM\SOFTWARE\Microsoft\Input\Settings","SUCCESS","Query: HandleTags, HandleTags: 0x0"
"7:12:28.1002570 PM","ctfmon.exe","3980","RegOpenKey","HKLM\SOFTWARE\Microsoft\Input\Settings\is_0\loc_0409","NAME NOT FOUND","Desired Access: Query Value"
"7:12:28.1002649 PM","ctfmon.exe","3980","RegQueryKey","HKLM\SOFTWARE\Microsoft\Input\Settings","SUCCESS","Query: HandleTags, HandleTags: 0x0"
"7:12:28.1002716 PM","ctfmon.exe","3980","RegOpenKey","HKLM\SOFTWARE\Microsoft\Input\Settings\is_0","SUCCESS","Desired Access: Query Value"
"7:12:28.1002743 PM","Procmon64.exe","1132","CloseFile","C:\Windows\System32\ws2_32.dll","SUCCESS",""
"7:12:28.1002792 PM","ctfmon.exe","3980","RegQueryValue","HKLM\SOFTWARE\Microsoft\Input\Settings\is_0\SPELLCHECK","SUCCESS","Type: REG_DWORD, Length: 4, Data: 0"
"7:12:28.1002873 PM","ctfmon.exe","3980","RegCloseKey","HKLM\SOFTWARE\Microsoft\Input\Settings\is_0","SUCCESS",""
"7:12:28.1002945 PM","ctfmon.exe","3980","RegCloseKey","HKLM\SOFTWARE\Microsoft\Input\Settings","SUCCESS",""
"7:12:28.1003017 PM","ctfmon.exe","3980","RegQueryKey","HKLM","SUCCESS","Query: HandleTags, HandleTags: 0x0"
"7:12:28.1003083 PM","ctfmon.exe","3980","RegOpenKey","HKLM\Software\Microsoft\Input\Settings","SUCCESS","Desired Access: Read"
"7:12:28.1003167 PM","ctfmon.exe","3980","RegQueryKey","HKCU","SUCCESS","Query: HandleTags, HandleTags: 0x0"
"7:12:28.1003234 PM","ctfmon.exe","3980","RegOpenKey","HKCU\Software\Microsoft\Input\Settings","NAME NOT FOUND","Desired Access: Read"
"7:12:28.1003314 PM","ctfmon.exe","3980","RegQueryKey","HKLM\SOFTWARE\Microsoft\Input\Settings","SUCCESS","Query: HandleTags, HandleTags: 0x0"
"7:12:28.1003380 PM","ctfmon.exe","3980","RegOpenKey","HKLM\SOFTWARE\Microsoft\Input\Settings\proc_1\loc_0409\im_1","SUCCESS","Desired Access: Query Value"
"7:12:28.1003465 PM","ctfmon.exe","3980","RegQueryValue","HKLM\SOFTWARE\Microsoft\Input\Settings\proc_1\loc_0409\im_1\CORRECTION","NAME NOT FOUND","Length: 144"
"7:12:28.1003549 PM","ctfmon.exe","3980","RegCloseKey","HKLM\SOFTWARE\Microsoft\Input\Settings\proc_1\loc_0409\im_1","SUCCESS",""
"7:12:28.1003620 PM","ctfmon.exe","3980","RegQueryKey","HKLM\SOFTWARE\Microsoft\Input\Settings","SUCCESS","Query: HandleTags, HandleTags: 0x0"
"7:12:28.1003687 PM","ctfmon.exe","3980","RegOpenKey","HKLM\SOFTWARE\Microsoft\Input\Settings\proc_1\loc_0409","SUCCESS","Desired Access: Query Value"
"7:12:28.1003761 PM","ctfmon.exe","3980","RegQueryValue","HKLM\SOFTWARE\Microsoft\Input\Settings\proc_1\loc_0409\CORRECTION","NAME NOT FOUND","Length: 144"
"7:12:28.1003837 PM","ctfmon.exe","3980","RegCloseKey","HKLM\SOFTWARE\Microsoft\Input\Settings\proc_1\loc_0409","SUCCESS",""
"7:12:28.1003904 PM","ctfmon.exe","3980","RegQueryKey","HKLM\SOFTWARE\Microsoft\Input\Settings","SUCCESS","Query: HandleTags, HandleTags: 0x0"
"7:12:28.1003970 PM","ctfmon.exe","3980","RegOpenKey","HKLM\SOFTWARE\Microsoft\Input\Settings\proc_1","SUCCESS","Desired Access: Query Value"
"7:12:28.1004045 PM","ctfmon.exe","3980","RegQueryValue","HKLM\SOFTWARE\Microsoft\Input\Settings\proc_1\CORRECTION","SUCCESS","Type: REG_DWORD, Length: 4, Data: 0"
"7:12:28.1004120 PM","ctfmon.exe","3980","RegCloseKey","HKLM\SOFTWARE\Microsoft\Input\Settings\proc_1","SUCCESS",""
"7:12:28.1004187 PM","ctfmon.exe","3980","RegCloseKey","HKLM\SOFTWARE\Microsoft\Input\Settings","SUCCESS",""
"7:12:28.1004258 PM","ctfmon.exe","3980","RegQueryKey","HKLM","SUCCESS","Query: HandleTags, HandleTags: 0x0"
"7:12:28.1004272 PM","Procmon64.exe","1132","QueryOpen","C:\Windows\System32\rpcrt4.dll","FAST IO DISALLOWED",""
"7:12:28.1004323 PM","ctfmon.exe","3980","RegOpenKey","HKLM\Software\Microsoft\Input\Settings","SUCCESS","Desired Access: Read"
"7:12:28.1004403 PM","ctfmon.exe","3980","RegQueryKey","HKCU","SUCCESS","Query: HandleTags, HandleTags: 0x0"
"7:12:28.1004467 PM","ctfmon.exe","3980","RegOpenKey","HKCU\Software\Microsoft\Input\Settings","NAME NOT FOUND","Desired Access: Read"
"7:12:28.1004548 PM","ctfmon.exe","3980","RegQueryKey","HKLM\SOFTWARE\Microsoft\Input\Settings","SUCCESS","Query: HandleTags, HandleTags: 0x0"
"7:12:28.1004613 PM","ctfmon.exe","3980","RegOpenKey","HKLM\SOFTWARE\Microsoft\Input\Settings\proc_1\loc_0409\im_1","SUCCESS","Desired Access: Query Value"
"7:12:28.1004676 PM","Procmon64.exe","1132","CreateFile","C:\Windows\System32\rpcrt4.dll","SUCCESS","Desired Access: Read Attributes, Disposition: Open, Options: Open Reparse Point, Attributes: n/a, ShareMode: Read, Write, Delete, AllocationSize: n/a, OpenResult: Opened"
"7:12:28.1004695 PM","ctfmon.exe","3980","RegQueryValue","HKLM\SOFTWARE\Microsoft\Input\Settings\proc_1\loc_0409\im_1\SHAPEWRITING","SUCCESS","Type: REG_DWORD, Length: 4, Data: 1"
"7:12:28.1004779 PM","ctfmon.exe","3980","RegCloseKey","HKLM\SOFTWARE\Microsoft\Input\Settings\proc_1\loc_0409\im_1","SUCCESS",""
"7:12:28.1004847 PM","ctfmon.exe","3980","RegCloseKey","HKLM\SOFTWARE\Microsoft\Input\Settings","SUCCESS",""
"7:12:28.1004913 PM","ctfmon.exe","3980","RegQueryKey","HKLM","SUCCESS","Query: HandleTags, HandleTags: 0x0"
"7:12:28.1004918 PM","Procmon64.exe","1132","QueryBasicInformationFile","C:\Windows\System32\rpcrt4.dll","SUCCESS","CreationTime: 12/4/2023 4:49:07 AM, LastAccessTime: 3/9/2026 7:02:00 PM, LastWriteTime: 12/4/2023 4:49:07 AM, ChangeTime: 3/10/2026 12:49:06 AM, FileAttributes: A"
"7:12:28.1004982 PM","ctfmon.exe","3980","RegOpenKey","HKLM\Software\Microsoft\Input\Settings","SUCCESS","Desired Access: Read"
"7:12:28.1004996 PM","Procmon64.exe","1132","CloseFile","C:\Windows\System32\rpcrt4.dll","SUCCESS",""
"7:12:28.1005062 PM","ctfmon.exe","3980","RegQueryKey","HKCU","SUCCESS","Query: HandleTags, HandleTags: 0x0"
"7:12:28.1005394 PM","ctfmon.exe","3980","RegOpenKey","HKCU\Software\Microsoft\Input\Settings","NAME NOT FOUND","Desired Access: Read"
"7:12:28.1005401 PM","Procmon64.exe","1132","IRP_MJ_CLOSE","C:\Windows\System32\rpcrt4.dll","SUCCESS",""
"7:12:28.1005504 PM","ctfmon.exe","3980","RegQueryKey","HKLM\SOFTWARE\Microsoft\Input\Settings","SUCCESS","Query: HandleTags, HandleTags: 0x0"
"7:12:28.1005575 PM","ctfmon.exe","3980","RegOpenKey","HKLM\SOFTWARE\Microsoft\Input\Settings\proc_1\loc_0409\im_1","SUCCESS","Desired Access: Query Value"
"7:12:28.1005659 PM","ctfmon.exe","3980","RegQueryValue","HKLM\SOFTWARE\Microsoft\Input\Settings\proc_1\loc_0409\im_1\SHAPEWRITINGPREDICTION","NAME NOT FOUND","Length: 144"
"7:12:28.1005747 PM","ctfmon.exe","3980","RegCloseKey","HKLM\SOFTWARE\Microsoft\Input\Settings\proc_1\loc_0409\im_1","SUCCESS",""
"7:12:28.1005823 PM","ctfmon.exe","3980","RegQueryKey","HKLM\SOFTWARE\Microsoft\Input\Settings","SUCCESS","Query: HandleTags, HandleTags: 0x0"
"7:12:28.1005889 PM","ctfmon.exe","3980","RegOpenKey","HKLM\SOFTWARE\Microsoft\Input\Settings\proc_1\loc_0409","SUCCESS","Desired Access: Query Value"
"7:12:28.1005963 PM","ctfmon.exe","3980","RegQueryValue","HKLM\SOFTWARE\Microsoft\Input\Settings\proc_1\loc_0409\SHAPEWRITINGPREDICTION","NAME NOT FOUND","Length: 144"
"7:12:28.1006031 PM","ctfmon.exe","3980","RegCloseKey","HKLM\SOFTWARE\Microsoft\Input\Settings\proc_1\loc_0409","SUCCESS",""
"7:12:28.1006102 PM","ctfmon.exe","3980","RegQueryKey","HKLM\SOFTWARE\Microsoft\Input\Settings","SUCCESS","Query: HandleTags, HandleTags: 0x0"
"7:12:28.1006166 PM","ctfmon.exe","3980","RegOpenKey","HKLM\SOFTWARE\Microsoft\Input\Settings\proc_1","SUCCESS","Desired Access: Query Value"
"7:12:28.1006250 PM","ctfmon.exe","3980","RegQueryValue","HKLM\SOFTWARE\Microsoft\Input\Settings\proc_1\SHAPEWRITINGPREDICTION","NAME NOT FOUND","Length: 144"
"7:12:28.1006355 PM","Procmon64.exe","1132","RegOpenKey","HKLM\Software\Microsoft\LanguageOverlay\OverlayPackages\en-US","NAME NOT FOUND","Desired Access: Read"
"7:12:28.1006392 PM","ctfmon.exe","3980","RegCloseKey","HKLM\SOFTWARE\Microsoft\Input\Settings\proc_1","SUCCESS",""
"7:12:28.1006501 PM","ctfmon.exe","3980","RegQueryValue","HKLM\SOFTWARE\Microsoft\Input\Settings\SHAPEWRITINGPREDICTION","NAME NOT FOUND","Length: 144"
"7:12:28.1006634 PM","ctfmon.exe","3980","RegCloseKey","HKLM\SOFTWARE\Microsoft\Input\Settings","SUCCESS",""
"7:12:28.1006770 PM","ctfmon.exe","3980","RegQueryKey","HKLM","SUCCESS","Query: HandleTags, HandleTags: 0x0"
"7:12:28.1006877 PM","ctfmon.exe","3980","RegOpenKey","HKLM\Software\Microsoft\Input\Locales\loc_0409","SUCCESS","Desired Access: Query Value"
"7:12:28.1007059 PM","ctfmon.exe","3980","RegQueryValue","HKLM\SOFTWARE\Microsoft\Input\Locales\loc_0409\UseFluency","SUCCESS","Type: REG_DWORD, Length: 4, Data: 2"
"7:12:28.1007219 PM","ctfmon.exe","3980","RegCloseKey","HKLM\SOFTWARE\Microsoft\Input\Locales\loc_0409","SUCCESS",""
"7:12:28.1007480 PM","ctfmon.exe","3980","RegQueryKey","HKLM","SUCCESS","Query: HandleTags, HandleTags: 0x0"
"7:12:28.1007644 PM","ctfmon.exe","3980","RegOpenKey","HKLM\Software\Microsoft\PolicyManager\default\TextInput\AllowHardwareKeyboardTextSuggestions","SUCCESS","Desired Access: Read"
"7:12:28.1007702 PM","Procmon64.exe","1132","CreateFile","C:\Windows\System32\en-US\rpcrt4.dll.mui","SUCCESS","Desired Access: Read Data/List Directory, Synchronize, Disposition: Open, Options: Synchronous IO Non-Alert, Non-Directory File, Attributes: n/a, ShareMode: Read, Delete, AllocationSize: n/a, OpenResult: Opened"
"7:12:28.1007833 PM","ctfmon.exe","3980","RegSetInfoKey","HKLM\SOFTWARE\Microsoft\PolicyManager\default\TextInput\AllowHardwareKeyboardTextSuggestions","SUCCESS","KeySetInformationClass: KeySetHandleTagsInformation, Length: 0"
"7:12:28.1007926 PM","ctfmon.exe","3980","RegQueryValue","HKLM\SOFTWARE\Microsoft\PolicyManager\default\TextInput\AllowHardwareKeyboardTextSuggestions\PolicyType","SUCCESS","Type: REG_DWORD, Length: 4, Data: 4"
"7:12:28.1008010 PM","ctfmon.exe","3980","RegQueryValue","HKLM\SOFTWARE\Microsoft\PolicyManager\default\TextInput\AllowHardwareKeyboardTextSuggestions\Behavior","SUCCESS","Type: REG_DWORD, Length: 4, Data: 32"
"7:12:28.1008083 PM","ctfmon.exe","3980","RegQueryValue","HKLM\SOFTWARE\Microsoft\PolicyManager\default\TextInput\AllowHardwareKeyboardTextSuggestions\MergeAlgorithm","SUCCESS","Type: REG_DWORD, Length: 4, Data: 1"
"7:12:28.1008155 PM","ctfmon.exe","3980","RegQueryValue","HKLM\SOFTWARE\Microsoft\PolicyManager\default\TextInput\AllowHardwareKeyboardTextSuggestions\RegKeyPathRedirectMapped","NAME NOT FOUND","Length: 16"
"7:12:28.1008223 PM","ctfmon.exe","3980","RegQueryValue","HKLM\SOFTWARE\Microsoft\PolicyManager\default\TextInput\AllowHardwareKeyboardTextSuggestions\RegKeyPathRedirect","NAME NOT FOUND","Length: 12"
"7:12:28.1008333 PM","ctfmon.exe","3980","RegQueryValue","HKLM\SOFTWARE\Microsoft\PolicyManager\default\TextInput\AllowHardwareKeyboardTextSuggestions\grouppolicyname","NAME NOT FOUND","Length: 12"
"7:12:28.1008490 PM","ctfmon.exe","3980","RegQueryValue","HKLM\SOFTWARE\Microsoft\PolicyManager\default\TextInput\AllowHardwareKeyboardTextSuggestions\ADMXMetadataUser","NAME NOT FOUND","Length: 12"
"7:12:28.1008572 PM","ctfmon.exe","3980","RegQueryValue","HKLM\SOFTWARE\Microsoft\PolicyManager\default\TextInput\AllowHardwareKeyboardTextSuggestions\ADMXMetadataDevice","NAME NOT FOUND","Length: 12"
"7:12:28.1008641 PM","ctfmon.exe","3980","RegQueryValue","HKLM\SOFTWARE\Microsoft\PolicyManager\default\TextInput\AllowHardwareKeyboardTextSuggestions\ADMXMetadataBoth","NAME NOT FOUND","Length: 12"
"7:12:28.1008903 PM","ctfmon.exe","3980","RegQueryValue","HKLM\SOFTWARE\Microsoft\PolicyManager\default\TextInput\AllowHardwareKeyboardTextSuggestions\30Value","NAME NOT FOUND","Length: 12"
"7:12:28.1008984 PM","ctfmon.exe","3980","RegQueryValue","HKLM\SOFTWARE\Microsoft\PolicyManager\default\TextInput\AllowHardwareKeyboardTextSuggestions\Value","SUCCESS","Type: REG_DWORD, Length: 4, Data: 1"
"7:12:28.1009095 PM","ctfmon.exe","3980","RegCloseKey","HKLM\SOFTWARE\Microsoft\PolicyManager\default\TextInput\AllowHardwareKeyboardTextSuggestions","SUCCESS",""
"7:12:28.1009234 PM","ctfmon.exe","3980","RegQueryKey","HKLM","SUCCESS","Query: HandleTags, HandleTags: 0x0"
"7:12:28.1009321 PM","ctfmon.exe","3980","RegOpenKey","HKLM\Software\Microsoft\PolicyManager\current\Device\TextInput","NAME NOT FOUND","Desired Access: Read"
"7:12:28.1009469 PM","ctfmon.exe","3980","RegQueryKey","HKLM","SUCCESS","Query: HandleTags, HandleTags: 0x0"
"7:12:28.1009537 PM","ctfmon.exe","3980","RegOpenKey","HKLM\Software\Microsoft\PolicyManager\current\Device\TextInput","NAME NOT FOUND","Desired Access: Read"
"7:12:28.1009671 PM","ctfmon.exe","3980","RegQueryKey","HKLM","SUCCESS","Query: HandleTags, HandleTags: 0x0"
"7:12:28.1009742 PM","ctfmon.exe","3980","RegOpenKey","HKLM\Software\Microsoft\PolicyManager\default\TextInput\AllowKeyboardTextSuggestions","SUCCESS","Desired Access: Read"
"7:12:28.1009891 PM","ctfmon.exe","3980","RegSetInfoKey","HKLM\SOFTWARE\Microsoft\PolicyManager\default\TextInput\AllowKeyboardTextSuggestions","SUCCESS","KeySetInformationClass: KeySetHandleTagsInformation, Length: 0"
"7:12:28.1009964 PM","ctfmon.exe","3980","RegQueryValue","HKLM\SOFTWARE\Microsoft\PolicyManager\default\TextInput\AllowKeyboardTextSuggestions\PolicyType","SUCCESS","Type: REG_DWORD, Length: 4, Data: 4"
"7:12:28.1010036 PM","ctfmon.exe","3980","RegQueryValue","HKLM\SOFTWARE\Microsoft\PolicyManager\default\TextInput\AllowKeyboardTextSuggestions\Behavior","SUCCESS","Type: REG_DWORD, Length: 4, Data: 32"
"7:12:28.1010103 PM","ctfmon.exe","3980","RegQueryValue","HKLM\SOFTWARE\Microsoft\PolicyManager\default\TextInput\AllowKeyboardTextSuggestions\MergeAlgorithm","SUCCESS","Type: REG_DWORD, Length: 4, Data: 1"
"7:12:28.1010171 PM","ctfmon.exe","3980","RegQueryValue","HKLM\SOFTWARE\Microsoft\PolicyManager\default\TextInput\AllowKeyboardTextSuggestions\RegKeyPathRedirectMapped","NAME NOT FOUND","Length: 16"
"7:12:28.1010236 PM","ctfmon.exe","3980","RegQueryValue","HKLM\SOFTWARE\Microsoft\PolicyManager\default\TextInput\AllowKeyboardTextSuggestions\RegKeyPathRedirect","NAME NOT FOUND","Length: 12"
"7:12:28.1010306 PM","ctfmon.exe","3980","RegQueryValue","HKLM\SOFTWARE\Microsoft\PolicyManager\default\TextInput\AllowKeyboardTextSuggestions\grouppolicyname","NAME NOT FOUND","Length: 12"
"7:12:28.1010374 PM","ctfmon.exe","3980","RegQueryValue","HKLM\SOFTWARE\Microsoft\PolicyManager\default\TextInput\AllowKeyboardTextSuggestions\ADMXMetadataUser","NAME NOT FOUND","Length: 12"
"7:12:28.1010439 PM","ctfmon.exe","3980","RegQueryValue","HKLM\SOFTWARE\Microsoft\PolicyManager\default\TextInput\AllowKeyboardTextSuggestions\ADMXMetadataDevice","NAME NOT FOUND","Length: 12"
"7:12:28.1010507 PM","ctfmon.exe","3980","RegQueryValue","HKLM\SOFTWARE\Microsoft\PolicyManager\default\TextInput\AllowKeyboardTextSuggestions\ADMXMetadataBoth","NAME NOT FOUND","Length: 12"
"7:12:28.1010529 PM","Explorer.EXE","4184","RegOpenKey","HKCU","SUCCESS","Desired Access: Query Value"
"7:12:28.1010683 PM","ctfmon.exe","3980","RegQueryValue","HKLM\SOFTWARE\Microsoft\PolicyManager\default\TextInput\AllowKeyboardTextSuggestions\30Value","NAME NOT FOUND","Length: 12"
"7:12:28.1010746 PM","Explorer.EXE","4184","RegCloseKey","HKCU","SUCCESS",""
"7:12:28.1010758 PM","ctfmon.exe","3980","RegQueryValue","HKLM\SOFTWARE\Microsoft\PolicyManager\default\TextInput\AllowKeyboardTextSuggestions\Value","SUCCESS","Type: REG_DWORD, Length: 4, Data: 1"
"7:12:28.1011084 PM","ctfmon.exe","3980","RegCloseKey","HKLM\SOFTWARE\Microsoft\PolicyManager\default\TextInput\AllowKeyboardTextSuggestions","SUCCESS",""
"7:12:28.1011102 PM","Procmon64.exe","1132","CreateFileMapping","C:\Windows\System32\en-US\rpcrt4.dll.mui","FILE LOCKED WITH ONLY READERS","SyncType: SyncTypeCreateSection, PageProtection: PAGE_EXECUTE_READWRITE|PAGE_NOCACHE"
"7:12:28.1011195 PM","ctfmon.exe","3980","RegQueryKey","HKLM","SUCCESS","Query: HandleTags, HandleTags: 0x0"
"7:12:28.1011219 PM","Procmon64.exe","1132","QueryStandardInformationFile","C:\Windows\System32\en-US\rpcrt4.dll.mui","SUCCESS","AllocationSize: 24,576, EndOfFile: 22,016, NumberOfLinks: 2, DeletePending: False, Directory: False"
"7:12:28.1011272 PM","ctfmon.exe","3980","RegOpenKey","HKLM\Software\Microsoft\PolicyManager\current\Device\TextInput","NAME NOT FOUND","Desired Access: Read"
"7:12:28.1011309 PM","Procmon64.exe","1132","FASTIO_RELEASE_FOR_SECTION_SYNCHRONIZATION","C:\Windows\System32\en-US\rpcrt4.dll.mui","SUCCESS",""
"7:12:28.1011373 PM","Procmon64.exe","1132","CreateFileMapping","C:\Windows\System32\en-US\rpcrt4.dll.mui","SUCCESS","SyncType: SyncTypeOther"
"7:12:28.1011389 PM","ctfmon.exe","3980","RegQueryKey","HKLM","SUCCESS","Query: HandleTags, HandleTags: 0x0"
"7:12:28.1011422 PM","Procmon64.exe","1132","FASTIO_RELEASE_FOR_SECTION_SYNCHRONIZATION","C:\Windows\System32\en-US\rpcrt4.dll.mui","SUCCESS",""
"7:12:28.1011463 PM","ctfmon.exe","3980","RegOpenKey","HKLM\Software\Microsoft\Input\Settings","SUCCESS","Desired Access: Read"
"7:12:28.1011557 PM","ctfmon.exe","3980","RegQueryKey","HKCU","SUCCESS","Query: HandleTags, HandleTags: 0x0"
"7:12:28.1011624 PM","ctfmon.exe","3980","RegOpenKey","HKCU\Software\Microsoft\Input\Settings","NAME NOT FOUND","Desired Access: Read"
"7:12:28.1011705 PM","Procmon64.exe","1132","ReadFile","C:\Windows\System32\en-US\rpcrt4.dll.mui","SUCCESS","Offset: 0, Length: 22,016, I/O Flags: Non-cached, Paging I/O, Synchronous Paging I/O, Priority: Normal"
"7:12:28.1011730 PM","ctfmon.exe","3980","RegQueryKey","HKLM\SOFTWARE\Microsoft\Input\Settings","SUCCESS","Query: HandleTags, HandleTags: 0x0"
"7:12:28.1011796 PM","ctfmon.exe","3980","RegOpenKey","HKLM\SOFTWARE\Microsoft\Input\Settings\proc_1\loc_0409\im_1","SUCCESS","Desired Access: Query Value"
"7:12:28.1011894 PM","ctfmon.exe","3980","RegQueryValue","HKLM\SOFTWARE\Microsoft\Input\Settings\proc_1\loc_0409\im_1\EnableHwkbMode","SUCCESS","Type: REG_DWORD, Length: 4, Data: 1"
"7:12:28.1011985 PM","ctfmon.exe","3980","RegCloseKey","HKLM\SOFTWARE\Microsoft\Input\Settings\proc_1\loc_0409\im_1","SUCCESS",""
"7:12:28.1012061 PM","ctfmon.exe","3980","RegCloseKey","HKLM\SOFTWARE\Microsoft\Input\Settings","SUCCESS",""
"7:12:28.1012130 PM","ctfmon.exe","3980","RegQueryKey","HKCU","SUCCESS","Query: HandleTags, HandleTags: 0x0"
"7:12:28.1012197 PM","ctfmon.exe","3980","RegOpenKey","HKCU\Software\Microsoft\Input\Settings","NAME NOT FOUND","Desired Access: Query Value"
"7:12:28.1012283 PM","ctfmon.exe","3980","RegQueryKey","HKLM","SUCCESS","Query: HandleTags, HandleTags: 0x0"
"7:12:28.1012350 PM","ctfmon.exe","3980","RegOpenKey","HKLM\Software\Microsoft\Input\Settings","SUCCESS","Desired Access: Query Value"
"7:12:28.1012436 PM","ctfmon.exe","3980","RegQueryValue","HKLM\SOFTWARE\Microsoft\Input\Settings\EnableHwkbTextPrediction","SUCCESS","Type: REG_DWORD, Length: 4, Data: 0"
"7:12:28.1012525 PM","ctfmon.exe","3980","RegCloseKey","HKLM\SOFTWARE\Microsoft\Input\Settings","SUCCESS",""
"7:12:28.1012611 PM","ctfmon.exe","3980","RegQueryKey","HKLM","SUCCESS","Query: HandleTags, HandleTags: 0x0"
"7:12:28.1012683 PM","ctfmon.exe","3980","RegOpenKey","HKLM\Software\Microsoft\Input\Settings","SUCCESS","Desired Access: Read"
"7:12:28.1012775 PM","ctfmon.exe","3980","RegQueryKey","HKCU","SUCCESS","Query: HandleTags, HandleTags: 0x0"
"7:12:28.1012845 PM","ctfmon.exe","3980","RegOpenKey","HKCU\Software\Microsoft\Input\Settings","NAME NOT FOUND","Desired Access: Read"
"7:12:28.1012942 PM","ctfmon.exe","3980","RegQueryKey","HKLM\SOFTWARE\Microsoft\Input\Settings","SUCCESS","Query: HandleTags, HandleTags: 0x0"
"7:12:28.1013009 PM","ctfmon.exe","3980","RegOpenKey","HKLM\SOFTWARE\Microsoft\Input\Settings\proc_1\loc_0409\im_1","SUCCESS","Desired Access: Query Value"
"7:12:28.1013095 PM","ctfmon.exe","3980","RegQueryValue","HKLM\SOFTWARE\Microsoft\Input\Settings\proc_1\loc_0409\im_1\EnableHwkbMode","SUCCESS","Type: REG_DWORD, Length: 4, Data: 1"
"7:12:28.1013185 PM","ctfmon.exe","3980","RegCloseKey","HKLM\SOFTWARE\Microsoft\Input\Settings\proc_1\loc_0409\im_1","SUCCESS",""
"7:12:28.1013264 PM","ctfmon.exe","3980","RegCloseKey","HKLM\SOFTWARE\Microsoft\Input\Settings","SUCCESS",""
"7:12:28.1013342 PM","ctfmon.exe","3980","RegQueryKey","HKLM","SUCCESS","Query: HandleTags, HandleTags: 0x0"
"7:12:28.1013411 PM","ctfmon.exe","3980","RegOpenKey","HKLM\Software\Microsoft\Input\Settings","SUCCESS","Desired Access: Read"
"7:12:28.1013505 PM","ctfmon.exe","3980","RegQueryKey","HKCU","SUCCESS","Query: HandleTags, HandleTags: 0x0"
"7:12:28.1013575 PM","ctfmon.exe","3980","RegOpenKey","HKCU\Software\Microsoft\Input\Settings","NAME NOT FOUND","Desired Access: Read"
"7:12:28.1013692 PM","ctfmon.exe","3980","RegQueryKey","HKLM\SOFTWARE\Microsoft\Input\Settings","SUCCESS","Query: HandleTags, HandleTags: 0x0"
"7:12:28.1013796 PM","ctfmon.exe","3980","RegOpenKey","HKLM\SOFTWARE\Microsoft\Input\Settings\proc_1\loc_0409\im_1","SUCCESS","Desired Access: Query Value"
"7:12:28.1013946 PM","ctfmon.exe","3980","RegQueryValue","HKLM\SOFTWARE\Microsoft\Input\Settings\proc_1\loc_0409\im_1\EnableHwkbMode","SUCCESS","Type: REG_DWORD, Length: 4, Data: 1"
"7:12:28.1014092 PM","ctfmon.exe","3980","RegCloseKey","HKLM\SOFTWARE\Microsoft\Input\Settings\proc_1\loc_0409\im_1","SUCCESS",""
"7:12:28.1014224 PM","ctfmon.exe","3980","RegCloseKey","HKLM\SOFTWARE\Microsoft\Input\Settings","SUCCESS",""
"7:12:28.1014339 PM","ctfmon.exe","3980","RegQueryKey","HKCU","SUCCESS","Query: HandleTags, HandleTags: 0x0"
"7:12:28.1014450 PM","ctfmon.exe","3980","RegOpenKey","HKCU\Software\Microsoft\Input\Settings","NAME NOT FOUND","Desired Access: Query Value"
"7:12:28.1014586 PM","ctfmon.exe","3980","RegQueryKey","HKLM","SUCCESS","Query: HandleTags, HandleTags: 0x0"
"7:12:28.1014695 PM","ctfmon.exe","3980","RegOpenKey","HKLM\Software\Microsoft\Input\Settings","SUCCESS","Desired Access: Query Value"
"7:12:28.1014794 PM","ctfmon.exe","3980","RegQueryValue","HKLM\SOFTWARE\Microsoft\Input\Settings\EnableHwkbAutocorrection2","NAME NOT FOUND","Length: 16"
"7:12:28.1014897 PM","ctfmon.exe","3980","RegCloseKey","HKLM\SOFTWARE\Microsoft\Input\Settings","SUCCESS",""
"7:12:28.1014977 PM","ctfmon.exe","3980","RegQueryKey","HKCU","SUCCESS","Query: HandleTags, HandleTags: 0x0"
"7:12:28.1015049 PM","ctfmon.exe","3980","RegOpenKey","HKCU\Software\Policies\Microsoft\InputPersonalization","NAME NOT FOUND","Desired Access: Query Value"
"7:12:28.1015154 PM","ctfmon.exe","3980","RegQueryKey","HKCU","SUCCESS","Query: HandleTags, HandleTags: 0x0"
"7:12:28.1015219 PM","ctfmon.exe","3980","RegOpenKey","HKCU\Software\Microsoft\PolicyManager\Current\Device\Privacy","NAME NOT FOUND","Desired Access: Query Value"
"7:12:28.1015316 PM","ctfmon.exe","3980","RegQueryKey","HKCU","SUCCESS","Query: HandleTags, HandleTags: 0x0"
"7:12:28.1015384 PM","ctfmon.exe","3980","RegOpenKey","HKCU\Software\Microsoft\Personalization\Settings","SUCCESS","Desired Access: Query Value"
"7:12:28.1015524 PM","ctfmon.exe","3980","RegQueryValue","HKCU\SOFTWARE\Microsoft\Personalization\Settings\AcceptedPrivacyPolicy","SUCCESS","Type: REG_DWORD, Length: 4, Data: 1"
"7:12:28.1015615 PM","ctfmon.exe","3980","RegCloseKey","HKCU\SOFTWARE\Microsoft\Personalization\Settings","SUCCESS",""
"7:12:28.1015688 PM","ctfmon.exe","3980","RegQueryKey","HKLM","SUCCESS","Query: HandleTags, HandleTags: 0x0"
"7:12:28.1015705 PM","Explorer.EXE","4184","RegOpenKey","HKCU","SUCCESS","Desired Access: Query Value"
"7:12:28.1015759 PM","ctfmon.exe","3980","RegOpenKey","HKLM\Software\Microsoft\Input\Settings","SUCCESS","Desired Access: Read"
"7:12:28.1015850 PM","ctfmon.exe","3980","RegQueryKey","HKCU","SUCCESS","Query: HandleTags, HandleTags: 0x0"
"7:12:28.1015892 PM","Explorer.EXE","4184","RegCloseKey","HKCU","SUCCESS",""
"7:12:28.1015916 PM","ctfmon.exe","3980","RegOpenKey","HKCU\Software\Microsoft\Input\Settings","NAME NOT FOUND","Desired Access: Read"
"7:12:28.1016020 PM","ctfmon.exe","3980","RegQueryKey","HKLM\SOFTWARE\Microsoft\Input\Settings","SUCCESS","Query: HandleTags, HandleTags: 0x0"
"7:12:28.1016086 PM","ctfmon.exe","3980","RegOpenKey","HKLM\SOFTWARE\Microsoft\Input\Settings\proc_1\loc_0409\im_1","SUCCESS","Desired Access: Query Value"
"7:12:28.1016167 PM","ctfmon.exe","3980","RegQueryValue","HKLM\SOFTWARE\Microsoft\Input\Settings\proc_1\loc_0409\im_1\HwkbNavigationOverrideMode","NAME NOT FOUND","Length: 144"
"7:12:28.1016300 PM","ctfmon.exe","3980","RegCloseKey","HKLM\SOFTWARE\Microsoft\Input\Settings\proc_1\loc_0409\im_1","SUCCESS",""
"7:12:28.1016416 PM","ctfmon.exe","3980","RegQueryKey","HKLM\SOFTWARE\Microsoft\Input\Settings","SUCCESS","Query: HandleTags, HandleTags: 0x0"
"7:12:28.1016524 PM","ctfmon.exe","3980","RegOpenKey","HKLM\SOFTWARE\Microsoft\Input\Settings\proc_1\loc_0409","SUCCESS","Desired Access: Query Value"
"7:12:28.1016646 PM","ctfmon.exe","3980","RegQueryValue","HKLM\SOFTWARE\Microsoft\Input\Settings\proc_1\loc_0409\HwkbNavigationOverrideMode","NAME NOT FOUND","Length: 144"
"7:12:28.1016732 PM","ctfmon.exe","3980","RegCloseKey","HKLM\SOFTWARE\Microsoft\Input\Settings\proc_1\loc_0409","SUCCESS",""
"7:12:28.1016810 PM","ctfmon.exe","3980","RegQueryKey","HKLM\SOFTWARE\Microsoft\Input\Settings","SUCCESS","Query: HandleTags, HandleTags: 0x0"
"7:12:28.1016877 PM","ctfmon.exe","3980","RegOpenKey","HKLM\SOFTWARE\Microsoft\Input\Settings\proc_1","SUCCESS","Desired Access: Query Value"
"7:12:28.1016956 PM","ctfmon.exe","3980","RegQueryValue","HKLM\SOFTWARE\Microsoft\Input\Settings\proc_1\HwkbNavigationOverrideMode","NAME NOT FOUND","Length: 144"
"7:12:28.1017044 PM","ctfmon.exe","3980","RegCloseKey","HKLM\SOFTWARE\Microsoft\Input\Settings\proc_1","SUCCESS",""
"7:12:28.1017109 PM","ctfmon.exe","3980","RegQueryValue","HKLM\SOFTWARE\Microsoft\Input\Settings\HwkbNavigationOverrideMode","NAME NOT FOUND","Length: 144"
"7:12:28.1017193 PM","ctfmon.exe","3980","RegCloseKey","HKLM\SOFTWARE\Microsoft\Input\Settings","SUCCESS",""
"7:12:28.1017268 PM","ctfmon.exe","3980","RegQueryKey","HKLM","SUCCESS","Query: HandleTags, HandleTags: 0x0"
"7:12:28.1017281 PM","Explorer.EXE","4184","RegOpenKey","HKCU","SUCCESS","Desired Access: Query Value"
"7:12:28.1017433 PM","Explorer.EXE","4184","RegCloseKey","HKCU","SUCCESS",""
"7:12:28.1017691 PM","ctfmon.exe","3980","RegOpenKey","HKLM\Software\Microsoft\Input\Settings","SUCCESS","Desired Access: Read"
"7:12:28.1018130 PM","ctfmon.exe","3980","RegQueryKey","HKCU","SUCCESS","Query: HandleTags, HandleTags: 0x0"
"7:12:28.1018237 PM","ctfmon.exe","3980","RegOpenKey","HKCU\Software\Microsoft\Input\Settings","NAME NOT FOUND","Desired Access: Read"
"7:12:28.1018382 PM","ctfmon.exe","3980","RegQueryKey","HKLM\SOFTWARE\Microsoft\Input\Settings","SUCCESS","Query: HandleTags, HandleTags: 0x0"
"7:12:28.1018453 PM","ctfmon.exe","3980","RegOpenKey","HKLM\SOFTWARE\Microsoft\Input\Settings\proc_1\loc_0409\im_1","SUCCESS","Desired Access: Query Value"
"7:12:28.1018570 PM","ctfmon.exe","3980","RegQueryValue","HKLM\SOFTWARE\Microsoft\Input\Settings\proc_1\loc_0409\im_1\HwkbTextPredictionDelay","NAME NOT FOUND","Length: 144"
"7:12:28.1018673 PM","ctfmon.exe","3980","RegCloseKey","HKLM\SOFTWARE\Microsoft\Input\Settings\proc_1\loc_0409\im_1","SUCCESS",""
"7:12:28.1018759 PM","ctfmon.exe","3980","RegQueryKey","HKLM\SOFTWARE\Microsoft\Input\Settings","SUCCESS","Query: HandleTags, HandleTags: 0x0"
"7:12:28.1018832 PM","ctfmon.exe","3980","RegOpenKey","HKLM\SOFTWARE\Microsoft\Input\Settings\proc_1\loc_0409","SUCCESS","Desired Access: Query Value"
"7:12:28.1018894 PM","Explorer.EXE","4184","RegOpenKey","HKCU","SUCCESS","Desired Access: Query Value"
"7:12:28.1018918 PM","ctfmon.exe","3980","RegQueryValue","HKLM\SOFTWARE\Microsoft\Input\Settings\proc_1\loc_0409\HwkbTextPredictionDelay","NAME NOT FOUND","Length: 144"
"7:12:28.1018996 PM","ctfmon.exe","3980","RegCloseKey","HKLM\SOFTWARE\Microsoft\Input\Settings\proc_1\loc_0409","SUCCESS",""
"7:12:28.1019070 PM","ctfmon.exe","3980","RegQueryKey","HKLM\SOFTWARE\Microsoft\Input\Settings","SUCCESS","Query: HandleTags, HandleTags: 0x0"
"7:12:28.1019332 PM","ctfmon.exe","3980","RegOpenKey","HKLM\SOFTWARE\Microsoft\Input\Settings\proc_1","SUCCESS","Desired Access: Query Value"
"7:12:28.1019477 PM","ctfmon.exe","3980","RegQueryValue","HKLM\SOFTWARE\Microsoft\Input\Settings\proc_1\HwkbTextPredictionDelay","NAME NOT FOUND","Length: 144"
"7:12:28.1019568 PM","ctfmon.exe","3980","RegCloseKey","HKLM\SOFTWARE\Microsoft\Input\Settings\proc_1","SUCCESS",""
"7:12:28.1019643 PM","ctfmon.exe","3980","RegQueryValue","HKLM\SOFTWARE\Microsoft\Input\Settings\HwkbTextPredictionDelay","NAME NOT FOUND","Length: 144"
"7:12:28.1019736 PM","ctfmon.exe","3980","RegCloseKey","HKLM\SOFTWARE\Microsoft\Input\Settings","SUCCESS",""
"7:12:28.1019864 PM","ctfmon.exe","3980","RegQueryKey","HKLM","SUCCESS","Query: HandleTags, HandleTags: 0x0"
"7:12:28.1019938 PM","ctfmon.exe","3980","RegOpenKey","HKLM\Software\Microsoft\PolicyManager\default\TextInput\AllowKeyboardTextSuggestions","SUCCESS","Desired Access: Read"
"7:12:28.1020084 PM","ctfmon.exe","3980","RegSetInfoKey","HKLM\SOFTWARE\Microsoft\PolicyManager\default\TextInput\AllowKeyboardTextSuggestions","SUCCESS","KeySetInformationClass: KeySetHandleTagsInformation, Length: 0"
"7:12:28.1020161 PM","ctfmon.exe","3980","RegQueryValue","HKLM\SOFTWARE\Microsoft\PolicyManager\default\TextInput\AllowKeyboardTextSuggestions\PolicyType","SUCCESS","Type: REG_DWORD, Length: 4, Data: 4"
"7:12:28.1020239 PM","ctfmon.exe","3980","RegQueryValue","HKLM\SOFTWARE\Microsoft\PolicyManager\default\TextInput\AllowKeyboardTextSuggestions\Behavior","SUCCESS","Type: REG_DWORD, Length: 4, Data: 32"
"7:12:28.1020309 PM","ctfmon.exe","3980","RegQueryValue","HKLM\SOFTWARE\Microsoft\PolicyManager\default\TextInput\AllowKeyboardTextSuggestions\MergeAlgorithm","SUCCESS","Type: REG_DWORD, Length: 4, Data: 1"
"7:12:28.1020381 PM","ctfmon.exe","3980","RegQueryValue","HKLM\SOFTWARE\Microsoft\PolicyManager\default\TextInput\AllowKeyboardTextSuggestions\RegKeyPathRedirectMapped","NAME NOT FOUND","Length: 16"
"7:12:28.1020446 PM","Procmon64.exe","1132","QueryOpen","C:\Windows\System32\rpcrt4.dll","FAST IO DISALLOWED",""
"7:12:28.1020449 PM","ctfmon.exe","3980","RegQueryValue","HKLM\SOFTWARE\Microsoft\PolicyManager\default\TextInput\AllowKeyboardTextSuggestions\RegKeyPathRedirect","NAME NOT FOUND","Length: 12"
"7:12:28.1020516 PM","ctfmon.exe","3980","RegQueryValue","HKLM\SOFTWARE\Microsoft\PolicyManager\default\TextInput\AllowKeyboardTextSuggestions\grouppolicyname","NAME NOT FOUND","Length: 12"
"7:12:28.1020582 PM","ctfmon.exe","3980","RegQueryValue","HKLM\SOFTWARE\Microsoft\PolicyManager\default\TextInput\AllowKeyboardTextSuggestions\ADMXMetadataUser","NAME NOT FOUND","Length: 12"
"7:12:28.1020662 PM","ctfmon.exe","3980","RegQueryValue","HKLM\SOFTWARE\Microsoft\PolicyManager\default\TextInput\AllowKeyboardTextSuggestions\ADMXMetadataDevice","NAME NOT FOUND","Length: 12"
"7:12:28.1020727 PM","ctfmon.exe","3980","RegQueryValue","HKLM\SOFTWARE\Microsoft\PolicyManager\default\TextInput\AllowKeyboardTextSuggestions\ADMXMetadataBoth","NAME NOT FOUND","Length: 12"
"7:12:28.1020860 PM","Procmon64.exe","1132","CreateFile","C:\Windows\System32\rpcrt4.dll","SUCCESS","Desired Access: Read Attributes, Disposition: Open, Options: Open Reparse Point, Attributes: n/a, ShareMode: Read, Write, Delete, AllocationSize: n/a, OpenResult: Opened"
"7:12:28.1020958 PM","ctfmon.exe","3980","RegQueryValue","HKLM\SOFTWARE\Microsoft\PolicyManager\default\TextInput\AllowKeyboardTextSuggestions\30Value","NAME NOT FOUND","Length: 12"
"7:12:28.1021041 PM","ctfmon.exe","3980","RegQueryValue","HKLM\SOFTWARE\Microsoft\PolicyManager\default\TextInput\AllowKeyboardTextSuggestions\Value","SUCCESS","Type: REG_DWORD, Length: 4, Data: 1"
"7:12:28.1021098 PM","Procmon64.exe","1132","QueryBasicInformationFile","C:\Windows\System32\rpcrt4.dll","SUCCESS","CreationTime: 12/4/2023 4:49:07 AM, LastAccessTime: 3/9/2026 7:02:00 PM, LastWriteTime: 12/4/2023 4:49:07 AM, ChangeTime: 3/10/2026 12:49:06 AM, FileAttributes: A"
"7:12:28.1021132 PM","ctfmon.exe","3980","RegCloseKey","HKLM\SOFTWARE\Microsoft\PolicyManager\default\TextInput\AllowKeyboardTextSuggestions","SUCCESS",""
"7:12:28.1021170 PM","Procmon64.exe","1132","CloseFile","C:\Windows\System32\rpcrt4.dll","SUCCESS",""
"7:12:28.1021253 PM","ctfmon.exe","3980","RegQueryKey","HKLM","SUCCESS","Query: HandleTags, HandleTags: 0x0"
"7:12:28.1021271 PM","Procmon64.exe","1132","IRP_MJ_CLOSE","C:\Windows\System32\rpcrt4.dll","SUCCESS",""
"7:12:28.1021331 PM","ctfmon.exe","3980","RegOpenKey","HKLM\Software\Microsoft\PolicyManager\current\Device\TextInput","NAME NOT FOUND","Desired Access: Read"
"7:12:28.1021458 PM","ctfmon.exe","3980","RegQueryKey","HKCU","SUCCESS","Query: HandleTags, HandleTags: 0x0"
"7:12:28.1021526 PM","ctfmon.exe","3980","RegOpenKey","HKCU\Software\Microsoft\TabletTip\1.7","SUCCESS","Desired Access: Query Value"
"7:12:28.1021633 PM","ctfmon.exe","3980","RegQueryValue","HKCU\SOFTWARE\Microsoft\TabletTip\1.7\EnableTextPrediction","NAME NOT FOUND","Length: 16"
"7:12:28.1021709 PM","ctfmon.exe","3980","RegCloseKey","HKCU\SOFTWARE\Microsoft\TabletTip\1.7","SUCCESS",""
"7:12:28.1021785 PM","ctfmon.exe","3980","RegQueryKey","HKLM","SUCCESS","Query: HandleTags, HandleTags: 0x0"
"7:12:28.1021853 PM","ctfmon.exe","3980","RegOpenKey","HKLM\Software\Microsoft\Input\Settings","SUCCESS","Desired Access: Read"
"7:12:28.1021940 PM","ctfmon.exe","3980","RegQueryKey","HKCU","SUCCESS","Query: HandleTags, HandleTags: 0x0"
"7:12:28.1022012 PM","ctfmon.exe","3980","RegOpenKey","HKCU\Software\Microsoft\Input\Settings","NAME NOT FOUND","Desired Access: Read"
"7:12:28.1022085 PM","Procmon64.exe","1132","CreateFile","C:\Windows\System32\rpcrt4.dll","SUCCESS","Desired Access: Generic Read, Disposition: Open, Options: Synchronous IO Non-Alert, Non-Directory File, Attributes: n/a, ShareMode: Read, AllocationSize: n/a, OpenResult: Opened"
"7:12:28.1022106 PM","ctfmon.exe","3980","RegQueryKey","HKLM\SOFTWARE\Microsoft\Input\Settings","SUCCESS","Query: HandleTags, HandleTags: 0x0"
"7:12:28.1022172 PM","ctfmon.exe","3980","RegOpenKey","HKLM\SOFTWARE\Microsoft\Input\Settings\proc_1\loc_0409\im_1","SUCCESS","Desired Access: Query Value"
"7:12:28.1022255 PM","ctfmon.exe","3980","RegQueryValue","HKLM\SOFTWARE\Microsoft\Input\Settings\proc_1\loc_0409\im_1\PREDICTION","SUCCESS","Type: REG_DWORD, Length: 4, Data: 1"
"7:12:28.1022344 PM","ctfmon.exe","3980","RegCloseKey","HKLM\SOFTWARE\Microsoft\Input\Settings\proc_1\loc_0409\im_1","SUCCESS",""
"7:12:28.1022376 PM","Procmon64.exe","1132","CreateFileMapping","C:\Windows\System32\rpcrt4.dll","FILE LOCKED WITH ONLY READERS","SyncType: SyncTypeCreateSection, PageProtection: PAGE_EXECUTE_READWRITE|PAGE_NOCACHE"
"7:12:28.1022415 PM","ctfmon.exe","3980","RegCloseKey","HKLM\SOFTWARE\Microsoft\Input\Settings","SUCCESS",""
"7:12:28.1022460 PM","Procmon64.exe","1132","QueryStandardInformationFile","C:\Windows\System32\rpcrt4.dll","SUCCESS","AllocationSize: 1,204,224, EndOfFile: 1,200,944, NumberOfLinks: 2, DeletePending: False, Directory: False"
"7:12:28.1022486 PM","ctfmon.exe","3980","RegQueryKey","HKCU","SUCCESS","Query: HandleTags, HandleTags: 0x0"
"7:12:28.1022522 PM","Procmon64.exe","1132","FASTIO_RELEASE_FOR_SECTION_SYNCHRONIZATION","C:\Windows\System32\rpcrt4.dll","SUCCESS",""
"7:12:28.1022555 PM","ctfmon.exe","3980","RegOpenKey","HKCU\Software\Microsoft\TabletTip\1.7","SUCCESS","Desired Access: Query Value"
"7:12:28.1022592 PM","Procmon64.exe","1132","CreateFileMapping","C:\Windows\System32\rpcrt4.dll","SUCCESS","SyncType: SyncTypeOther"
"7:12:28.1022639 PM","ctfmon.exe","3980","RegQueryValue","HKCU\SOFTWARE\Microsoft\TabletTip\1.7\EnableAutoCorrection","NAME NOT FOUND","Length: 16"
"7:12:28.1022646 PM","Procmon64.exe","1132","FASTIO_RELEASE_FOR_SECTION_SYNCHRONIZATION","C:\Windows\System32\rpcrt4.dll","SUCCESS",""
"7:12:28.1022714 PM","ctfmon.exe","3980","RegCloseKey","HKCU\SOFTWARE\Microsoft\TabletTip\1.7","SUCCESS",""
"7:12:28.1022785 PM","ctfmon.exe","3980","RegQueryKey","HKLM","SUCCESS","Query: HandleTags, HandleTags: 0x0"
"7:12:28.1022852 PM","ctfmon.exe","3980","RegOpenKey","HKLM\Software\Microsoft\Input\Settings","SUCCESS","Desired Access: Read"
"7:12:28.1022942 PM","ctfmon.exe","3980","RegQueryKey","HKCU","SUCCESS","Query: HandleTags, HandleTags: 0x0"
"7:12:28.1023011 PM","ctfmon.exe","3980","RegOpenKey","HKCU\Software\Microsoft\Input\Settings","NAME NOT FOUND","Desired Access: Read"
"7:12:28.1023101 PM","ctfmon.exe","3980","RegQueryKey","HKLM\SOFTWARE\Microsoft\Input\Settings","SUCCESS","Query: HandleTags, HandleTags: 0x0"
"7:12:28.1023285 PM","ctfmon.exe","3980","RegOpenKey","HKLM\SOFTWARE\Microsoft\Input\Settings\proc_1\loc_0409\im_1","SUCCESS","Desired Access: Query Value"
"7:12:28.1023385 PM","Procmon64.exe","1132","CloseFile","C:\Windows\System32\rpcrt4.dll","SUCCESS",""
"7:12:28.1023398 PM","ctfmon.exe","3980","RegQueryValue","HKLM\SOFTWARE\Microsoft\Input\Settings\proc_1\loc_0409\im_1\AUTOCORRECTION","SUCCESS","Type: REG_DWORD, Length: 4, Data: 1"
"7:12:28.1023492 PM","ctfmon.exe","3980","RegCloseKey","HKLM\SOFTWARE\Microsoft\Input\Settings\proc_1\loc_0409\im_1","SUCCESS",""
"7:12:28.1023933 PM","Procmon64.exe","1132","IRP_MJ_CLOSE","C:\Windows\System32\rpcrt4.dll","SUCCESS",""
"7:12:28.1024694 PM","ctfmon.exe","3980","RegCloseKey","HKLM\SOFTWARE\Microsoft\Input\Settings","SUCCESS",""
"7:12:28.1024847 PM","ctfmon.exe","3980","RegQueryKey","HKLM","SUCCESS","Query: HandleTags, HandleTags: 0x0"
"7:12:28.1024939 PM","ctfmon.exe","3980","RegOpenKey","HKLM\Software\Microsoft\Input\Settings","SUCCESS","Desired Access: Read"
"7:12:28.1025069 PM","ctfmon.exe","3980","RegQueryKey","HKCU","SUCCESS","Query: HandleTags, HandleTags: 0x0"
"7:12:28.1025142 PM","ctfmon.exe","3980","RegOpenKey","HKCU\Software\Microsoft\Input\Settings","NAME NOT FOUND","Desired Access: Read"
"7:12:28.1025271 PM","ctfmon.exe","3980","RegQueryKey","HKLM\SOFTWARE\Microsoft\Input\Settings","SUCCESS","Query: HandleTags, HandleTags: 0x0"
"7:12:28.1025338 PM","ctfmon.exe","3980","RegOpenKey","HKLM\SOFTWARE\Microsoft\Input\Settings\proc_1\loc_0409\im_1","SUCCESS","Desired Access: Query Value"
"7:12:28.1025436 PM","ctfmon.exe","3980","RegQueryValue","HKLM\SOFTWARE\Microsoft\Input\Settings\proc_1\loc_0409\im_1\SPELLCHECK","SUCCESS","Type: REG_DWORD, Length: 4, Data: 1"
"7:12:28.1025524 PM","Procmon64.exe","1132","QueryOpen","C:\Windows\System32\user32.dll","FAST IO DISALLOWED",""
"7:12:28.1025542 PM","ctfmon.exe","3980","RegCloseKey","HKLM\SOFTWARE\Microsoft\Input\Settings\proc_1\loc_0409\im_1","SUCCESS",""
"7:12:28.1025615 PM","ctfmon.exe","3980","RegCloseKey","HKLM\SOFTWARE\Microsoft\Input\Settings","SUCCESS",""
"7:12:28.1025682 PM","ctfmon.exe","3980","RegQueryKey","HKLM","SUCCESS","Query: HandleTags, HandleTags: 0x0"
"7:12:28.1025752 PM","ctfmon.exe","3980","RegOpenKey","HKLM\Software\Microsoft\Input\Settings","SUCCESS","Desired Access: Read"
"7:12:28.1025894 PM","ctfmon.exe","3980","RegQueryKey","HKCU","SUCCESS","Query: HandleTags, HandleTags: 0x0"
"7:12:28.1025943 PM","Procmon64.exe","1132","CreateFile","C:\Windows\System32\user32.dll","SUCCESS","Desired Access: Read Attributes, Disposition: Open, Options: Open Reparse Point, Attributes: n/a, ShareMode: Read, Write, Delete, AllocationSize: n/a, OpenResult: Opened"
"7:12:28.1025962 PM","ctfmon.exe","3980","RegOpenKey","HKCU\Software\Microsoft\Input\Settings","NAME NOT FOUND","Desired Access: Read"
"7:12:28.1026054 PM","ctfmon.exe","3980","RegQueryKey","HKLM\SOFTWARE\Microsoft\Input\Settings","SUCCESS","Query: HandleTags, HandleTags: 0x0"
"7:12:28.1026122 PM","ctfmon.exe","3980","RegOpenKey","HKLM\SOFTWARE\Microsoft\Input\Settings\proc_1\loc_0409\im_1","SUCCESS","Desired Access: Query Value"
"7:12:28.1026155 PM","Procmon64.exe","1132","QueryBasicInformationFile","C:\Windows\System32\user32.dll","SUCCESS","CreationTime: 12/4/2023 4:48:50 AM, LastAccessTime: 3/9/2026 7:02:00 PM, LastWriteTime: 12/4/2023 4:48:50 AM, ChangeTime: 3/10/2026 12:49:06 AM, FileAttributes: A"
"7:12:28.1026207 PM","ctfmon.exe","3980","RegQueryValue","HKLM\SOFTWARE\Microsoft\Input\Settings\proc_1\loc_0409\im_1\SHAPEWRITING","SUCCESS","Type: REG_DWORD, Length: 4, Data: 1"
"7:12:28.1026262 PM","Explorer.EXE","4184","RegCloseKey","HKCU","SUCCESS",""
"7:12:28.1026326 PM","ctfmon.exe","3980","RegCloseKey","HKLM\SOFTWARE\Microsoft\Input\Settings\proc_1\loc_0409\im_1","SUCCESS",""
"7:12:28.1026405 PM","Procmon64.exe","1132","CloseFile","C:\Windows\System32\user32.dll","SUCCESS",""
"7:12:28.1026440 PM","ctfmon.exe","3980","RegCloseKey","HKLM\SOFTWARE\Microsoft\Input\Settings","SUCCESS",""
"7:12:28.1026534 PM","Procmon64.exe","1132","IRP_MJ_CLOSE","C:\Windows\System32\user32.dll","SUCCESS",""
"7:12:28.1026548 PM","ctfmon.exe","3980","RegQueryKey","HKCU","SUCCESS","Query: HandleTags, HandleTags: 0x0"
"7:12:28.1026657 PM","ctfmon.exe","3980","RegOpenKey","HKCU\Software\Microsoft\Input\Settings","NAME NOT FOUND","Desired Access: Query Value"
"7:12:28.1026985 PM","Procmon64.exe","1132","RegOpenKey","HKLM\Software\Microsoft\LanguageOverlay\OverlayPackages\en-US","NAME NOT FOUND","Desired Access: Read"
"7:12:28.1027370 PM","ctfmon.exe","3980","RegQueryKey","HKLM","SUCCESS","Query: HandleTags, HandleTags: 0x0"
"7:12:28.1027457 PM","ctfmon.exe","3980","RegOpenKey","HKLM\Software\Microsoft\Input\Settings","SUCCESS","Desired Access: Query Value"
"7:12:28.1027569 PM","ctfmon.exe","3980","RegQueryValue","HKLM\SOFTWARE\Microsoft\Input\Settings\MultilingualEnabled","SUCCESS","Type: REG_DWORD, Length: 4, Data: 0"
"7:12:28.1027676 PM","ctfmon.exe","3980","RegCloseKey","HKLM\SOFTWARE\Microsoft\Input\Settings","SUCCESS",""
"7:12:28.1027707 PM","Procmon64.exe","1132","CreateFile","C:\Windows\System32\en-US\user32.dll.mui","SUCCESS","Desired Access: Read Data/List Directory, Synchronize, Disposition: Open, Options: Synchronous IO Non-Alert, Non-Directory File, Attributes: n/a, ShareMode: Read, Delete, AllocationSize: n/a, OpenResult: Opened"
"7:12:28.1027748 PM","ctfmon.exe","3980","RegQueryKey","HKCU","SUCCESS","Query: HandleTags, HandleTags: 0x0"
"7:12:28.1027826 PM","ctfmon.exe","3980","RegOpenKey","HKCU\Software\Microsoft\Input\Settings","NAME NOT FOUND","Desired Access: Query Value"
"7:12:28.1027913 PM","ctfmon.exe","3980","RegQueryKey","HKLM","SUCCESS","Query: HandleTags, HandleTags: 0x0"
"7:12:28.1027961 PM","Procmon64.exe","1132","CreateFileMapping","C:\Windows\System32\en-US\user32.dll.mui","FILE LOCKED WITH ONLY READERS","SyncType: SyncTypeCreateSection, PageProtection: PAGE_EXECUTE_READWRITE|PAGE_NOCACHE"
"7:12:28.1027980 PM","ctfmon.exe","3980","RegOpenKey","HKLM\Software\Microsoft\Input\Settings","SUCCESS","Desired Access: Query Value"
"7:12:28.1028037 PM","Procmon64.exe","1132","QueryStandardInformationFile","C:\Windows\System32\en-US\user32.dll.mui","SUCCESS","AllocationSize: 20,480, EndOfFile: 17,408, NumberOfLinks: 4, DeletePending: False, Directory: False"
"7:12:28.1028061 PM","ctfmon.exe","3980","RegQueryValue","HKLM\SOFTWARE\Microsoft\Input\Settings\FLIPDebugOptions","NAME NOT FOUND","Length: 16"
"7:12:28.1028098 PM","Procmon64.exe","1132","FASTIO_RELEASE_FOR_SECTION_SYNCHRONIZATION","C:\Windows\System32\en-US\user32.dll.mui","SUCCESS",""
"7:12:28.1028151 PM","ctfmon.exe","3980","RegCloseKey","HKLM\SOFTWARE\Microsoft\Input\Settings","SUCCESS",""
"7:12:28.1028166 PM","Procmon64.exe","1132","CreateFileMapping","C:\Windows\System32\en-US\user32.dll.mui","SUCCESS","SyncType: SyncTypeOther"
"7:12:28.1028218 PM","Procmon64.exe","1132","FASTIO_RELEASE_FOR_SECTION_SYNCHRONIZATION","C:\Windows\System32\en-US\user32.dll.mui","SUCCESS",""
"7:12:28.1028228 PM","ctfmon.exe","3980","RegQueryKey","HKCU","SUCCESS","Query: HandleTags, HandleTags: 0x0"
"7:12:28.1028295 PM","ctfmon.exe","3980","RegOpenKey","HKCU\Software\Microsoft\TabletTip\1.7","SUCCESS","Desired Access: Query Value"
"7:12:28.1028380 PM","ctfmon.exe","3980","RegQueryValue","HKCU\SOFTWARE\Microsoft\TabletTip\1.7\EnableDoubleTapSpace","NAME NOT FOUND","Length: 16"
"7:12:28.1028453 PM","ctfmon.exe","3980","RegCloseKey","HKCU\SOFTWARE\Microsoft\TabletTip\1.7","SUCCESS",""
"7:12:28.1028523 PM","ctfmon.exe","3980","RegQueryKey","HKLM","SUCCESS","Query: HandleTags, HandleTags: 0x0"
"7:12:28.1028588 PM","ctfmon.exe","3980","RegOpenKey","HKLM\Software\Microsoft\Input\Settings","SUCCESS","Desired Access: Read"
"7:12:28.1028667 PM","ctfmon.exe","3980","RegQueryKey","HKCU","SUCCESS","Query: HandleTags, HandleTags: 0x0"
"7:12:28.1028734 PM","ctfmon.exe","3980","RegOpenKey","HKCU\Software\Microsoft\Input\Settings","NAME NOT FOUND","Desired Access: Read"
"7:12:28.1028831 PM","ctfmon.exe","3980","RegQueryKey","HKLM\SOFTWARE\Microsoft\Input\Settings","SUCCESS","Query: HandleTags, HandleTags: 0x0"
"7:12:28.1028897 PM","ctfmon.exe","3980","RegOpenKey","HKLM\SOFTWARE\Microsoft\Input\Settings\proc_1\loc_0409\im_1","SUCCESS","Desired Access: Query Value"
"7:12:28.1028981 PM","ctfmon.exe","3980","RegQueryValue","HKLM\SOFTWARE\Microsoft\Input\Settings\proc_1\loc_0409\im_1\PERIODSHORTCUT","SUCCESS","Type: REG_DWORD, Length: 4, Data: 1"
"7:12:28.1029063 PM","ctfmon.exe","3980","RegCloseKey","HKLM\SOFTWARE\Microsoft\Input\Settings\proc_1\loc_0409\im_1","SUCCESS",""
"7:12:28.1029134 PM","ctfmon.exe","3980","RegCloseKey","HKLM\SOFTWARE\Microsoft\Input\Settings","SUCCESS",""
"7:12:28.1029200 PM","ctfmon.exe","3980","RegQueryKey","HKLM","SUCCESS","Query: HandleTags, HandleTags: 0x0"
"7:12:28.1029265 PM","ctfmon.exe","3980","RegOpenKey","HKLM\Software\Microsoft\Input\Settings","SUCCESS","Desired Access: Read"
"7:12:28.1029345 PM","ctfmon.exe","3980","RegQueryKey","HKCU","SUCCESS","Query: HandleTags, HandleTags: 0x0"
"7:12:28.1029409 PM","ctfmon.exe","3980","RegOpenKey","HKCU\Software\Microsoft\Input\Settings","NAME NOT FOUND","Desired Access: Read"
"7:12:28.1029496 PM","ctfmon.exe","3980","RegQueryKey","HKLM\SOFTWARE\Microsoft\Input\Settings","SUCCESS","Query: HandleTags, HandleTags: 0x0"
"7:12:28.1029502 PM","Procmon64.exe","1132","QueryOpen","C:\Windows\System32\user32.dll","FAST IO DISALLOWED",""
"7:12:28.1029653 PM","ctfmon.exe","3980","RegOpenKey","HKLM\SOFTWARE\Microsoft\Input\Settings\is_0\loc_0409","NAME NOT FOUND","Desired Access: Query Value"
"7:12:28.1029799 PM","ctfmon.exe","3980","RegQueryKey","HKLM\SOFTWARE\Microsoft\Input\Settings","SUCCESS","Query: HandleTags, HandleTags: 0x0"
"7:12:28.1029873 PM","ctfmon.exe","3980","RegOpenKey","HKLM\SOFTWARE\Microsoft\Input\Settings\is_0","SUCCESS","Desired Access: Query Value"
"7:12:28.1029975 PM","ctfmon.exe","3980","RegQueryValue","HKLM\SOFTWARE\Microsoft\Input\Settings\is_0\PERIODSHORTCUT","SUCCESS","Type: REG_DWORD, Length: 4, Data: 1"
"7:12:28.1030073 PM","ctfmon.exe","3980","RegCloseKey","HKLM\SOFTWARE\Microsoft\Input\Settings\is_0","SUCCESS",""
"7:12:28.1030146 PM","ctfmon.exe","3980","RegCloseKey","HKLM\SOFTWARE\Microsoft\Input\Settings","SUCCESS",""
"7:12:28.1030218 PM","ctfmon.exe","3980","RegQueryKey","HKCU","SUCCESS","Query: HandleTags, HandleTags: 0x0"
"7:12:28.1030296 PM","ctfmon.exe","3980","RegOpenKey","HKCU\Software\Microsoft\TabletTip\1.7","SUCCESS","Desired Access: Query Value"
"7:12:28.1030397 PM","ctfmon.exe","3980","RegQueryValue","HKCU\SOFTWARE\Microsoft\TabletTip\1.7\EnableAutoShiftEngage","NAME NOT FOUND","Length: 16"
"7:12:28.1030470 PM","ctfmon.exe","3980","RegCloseKey","HKCU\SOFTWARE\Microsoft\TabletTip\1.7","SUCCESS",""
"7:12:28.1030541 PM","ctfmon.exe","3980","RegQueryKey","HKLM","SUCCESS","Query: HandleTags, HandleTags: 0x0"
"7:12:28.1030625 PM","ctfmon.exe","3980","RegOpenKey","HKLM\Software\Microsoft\Input\Settings","SUCCESS","Desired Access: Read"
"7:12:28.1030714 PM","ctfmon.exe","3980","RegQueryKey","HKCU","SUCCESS","Query: HandleTags, HandleTags: 0x0"
"7:12:28.1030778 PM","ctfmon.exe","3980","RegOpenKey","HKCU\Software\Microsoft\Input\Settings","NAME NOT FOUND","Desired Access: Read"
"7:12:28.1030876 PM","ctfmon.exe","3980","RegQueryKey","HKLM\SOFTWARE\Microsoft\Input\Settings","SUCCESS","Query: HandleTags, HandleTags: 0x0"
"7:12:28.1030943 PM","ctfmon.exe","3980","RegOpenKey","HKLM\SOFTWARE\Microsoft\Input\Settings\proc_1\loc_0409\im_1","SUCCESS","Desired Access: Query Value"
"7:12:28.1031002 PM","svchost.exe","2128","LockFile","C:\ProgramData\Microsoft\Windows\AppRepository\StateRepository-Machine.srd-shm","SUCCESS","Exclusive: False, Offset: 123, Length: 1, Fail Immediately: True"
"7:12:28.1031033 PM","ctfmon.exe","3980","RegQueryValue","HKLM\SOFTWARE\Microsoft\Input\Settings\proc_1\loc_0409\im_1\AUTOCAP","SUCCESS","Type: REG_DWORD, Length: 4, Data: 1"
"7:12:28.1031113 PM","ctfmon.exe","3980","RegCloseKey","HKLM\SOFTWARE\Microsoft\Input\Settings\proc_1\loc_0409\im_1","SUCCESS",""
"7:12:28.1031162 PM","svchost.exe","2128","QueryStandardInformationFile","C:\ProgramData\Microsoft\Windows\AppRepository\StateRepository-Machine.srd","SUCCESS","AllocationSize: 3,145,728, EndOfFile: 3,145,728, NumberOfLinks: 1, DeletePending: False, Directory: False"
"7:12:28.1031185 PM","ctfmon.exe","3980","RegCloseKey","HKLM\SOFTWARE\Microsoft\Input\Settings","SUCCESS",""
"7:12:28.1031254 PM","ctfmon.exe","3980","RegQueryKey","HKLM","SUCCESS","Query: HandleTags, HandleTags: 0x0"
"7:12:28.1031319 PM","ctfmon.exe","3980","RegOpenKey","HKLM\Software\Microsoft\Input\Settings","SUCCESS","Desired Access: Read"
"7:12:28.1031399 PM","ctfmon.exe","3980","RegQueryKey","HKCU","SUCCESS","Query: HandleTags, HandleTags: 0x0"
"7:12:28.1031463 PM","svchost.exe","2128","UnlockFileSingle","C:\ProgramData\Microsoft\Windows\AppRepository\StateRepository-Machine.srd-shm","SUCCESS","Offset: 123, Length: 1"
"7:12:28.1031468 PM","ctfmon.exe","3980","RegOpenKey","HKCU\Software\Microsoft\Input\Settings","NAME NOT FOUND","Desired Access: Read"
"7:12:28.1031552 PM","ctfmon.exe","3980","RegQueryKey","HKLM\SOFTWARE\Microsoft\Input\Settings","SUCCESS","Query: HandleTags, HandleTags: 0x0"
"7:12:28.1031616 PM","ctfmon.exe","3980","RegOpenKey","HKLM\SOFTWARE\Microsoft\Input\Settings\is_0\loc_0409","NAME NOT FOUND","Desired Access: Query Value"
"7:12:28.1031695 PM","ctfmon.exe","3980","RegQueryKey","HKLM\SOFTWARE\Microsoft\Input\Settings","SUCCESS","Query: HandleTags, HandleTags: 0x0"
"7:12:28.1031760 PM","ctfmon.exe","3980","RegOpenKey","HKLM\SOFTWARE\Microsoft\Input\Settings\is_0","SUCCESS","Desired Access: Query Value"
"7:12:28.1031838 PM","ctfmon.exe","3980","RegQueryValue","HKLM\SOFTWARE\Microsoft\Input\Settings\is_0\AUTOCAP","SUCCESS","Type: REG_DWORD, Length: 4, Data: 1"
"7:12:28.1031912 PM","ctfmon.exe","3980","RegCloseKey","HKLM\SOFTWARE\Microsoft\Input\Settings\is_0","SUCCESS",""
"7:12:28.1031984 PM","ctfmon.exe","3980","RegCloseKey","HKLM\SOFTWARE\Microsoft\Input\Settings","SUCCESS",""
"7:12:28.1032052 PM","ctfmon.exe","3980","RegQueryKey","HKLM","SUCCESS","Query: HandleTags, HandleTags: 0x0"
"7:12:28.1032116 PM","ctfmon.exe","3980","RegOpenKey","HKLM\Software\Microsoft\Input\Settings","SUCCESS","Desired Access: Read"
"7:12:28.1032197 PM","ctfmon.exe","3980","RegQueryKey","HKCU","SUCCESS","Query: HandleTags, HandleTags: 0x0"
"7:12:28.1032261 PM","ctfmon.exe","3980","RegOpenKey","HKCU\Software\Microsoft\Input\Settings","NAME NOT FOUND","Desired Access: Read"
"7:12:28.1032348 PM","ctfmon.exe","3980","RegQueryKey","HKLM\SOFTWARE\Microsoft\Input\Settings","SUCCESS","Query: HandleTags, HandleTags: 0x0"
"7:12:28.1032416 PM","ctfmon.exe","3980","RegOpenKey","HKLM\SOFTWARE\Microsoft\Input\Settings\is_0\loc_0409","NAME NOT FOUND","Desired Access: Query Value"
"7:12:28.1032491 PM","ctfmon.exe","3980","RegQueryKey","HKLM\SOFTWARE\Microsoft\Input\Settings","SUCCESS","Query: HandleTags, HandleTags: 0x0"
"7:12:28.1032554 PM","ctfmon.exe","3980","RegOpenKey","HKLM\SOFTWARE\Microsoft\Input\Settings\is_0","SUCCESS","Desired Access: Query Value"
"7:12:28.1032627 PM","ctfmon.exe","3980","RegQueryValue","HKLM\SOFTWARE\Microsoft\Input\Settings\is_0\AUTOCAPALLTOKENS","NAME NOT FOUND","Length: 144"
"7:12:28.1032705 PM","ctfmon.exe","3980","RegCloseKey","HKLM\SOFTWARE\Microsoft\Input\Settings\is_0","SUCCESS",""
"7:12:28.1032735 PM","Procmon64.exe","1132","CreateFile","C:\Windows\System32\user32.dll","SUCCESS","Desired Access: Read Attributes, Disposition: Open, Options: Open Reparse Point, Attributes: n/a, ShareMode: Read, Write, Delete, AllocationSize: n/a, OpenResult: Opened"
"7:12:28.1032770 PM","ctfmon.exe","3980","RegQueryValue","HKLM\SOFTWARE\Microsoft\Input\Settings\AUTOCAPALLTOKENS","SUCCESS","Type: REG_DWORD, Length: 4, Data: 0"
"7:12:28.1032843 PM","ctfmon.exe","3980","RegCloseKey","HKLM\SOFTWARE\Microsoft\Input\Settings","SUCCESS",""
"7:12:28.1032913 PM","ctfmon.exe","3980","RegQueryKey","HKLM","SUCCESS","Query: HandleTags, HandleTags: 0x0"
"7:12:28.1032958 PM","Procmon64.exe","1132","QueryBasicInformationFile","C:\Windows\System32\user32.dll","SUCCESS","CreationTime: 12/4/2023 4:48:50 AM, LastAccessTime: 3/9/2026 7:02:00 PM, LastWriteTime: 12/4/2023 4:48:50 AM, ChangeTime: 3/10/2026 12:49:06 AM, FileAttributes: A"
"7:12:28.1033011 PM","ctfmon.exe","3980","RegOpenKey","HKLM\Software\Microsoft\Input\Settings","SUCCESS","Desired Access: Read"
"7:12:28.1033103 PM","Procmon64.exe","1132","CloseFile","C:\Windows\System32\user32.dll","SUCCESS",""
"7:12:28.1033189 PM","ctfmon.exe","3980","RegQueryKey","HKCU","SUCCESS","Query: HandleTags, HandleTags: 0x0"
"7:12:28.1033211 PM","Procmon64.exe","1132","IRP_MJ_CLOSE","C:\Windows\System32\user32.dll","SUCCESS",""
"7:12:28.1033294 PM","ctfmon.exe","3980","RegOpenKey","HKCU\Software\Microsoft\Input\Settings","NAME NOT FOUND","Desired Access: Read"
"7:12:28.1033411 PM","ctfmon.exe","3980","RegQueryKey","HKLM\SOFTWARE\Microsoft\Input\Settings","SUCCESS","Query: HandleTags, HandleTags: 0x0"
"7:12:28.1033481 PM","ctfmon.exe","3980","RegOpenKey","HKLM\SOFTWARE\Microsoft\Input\Settings\proc_1\loc_0409\im_1","SUCCESS","Desired Access: Query Value"
"7:12:28.1033575 PM","ctfmon.exe","3980","RegQueryValue","HKLM\SOFTWARE\Microsoft\Input\Settings\proc_1\loc_0409\im_1\PERIODSHORTCUTDELAY","NAME NOT FOUND","Length: 144"
"7:12:28.1033680 PM","ctfmon.exe","3980","RegCloseKey","HKLM\SOFTWARE\Microsoft\Input\Settings\proc_1\loc_0409\im_1","SUCCESS",""
"7:12:28.1033761 PM","ctfmon.exe","3980","RegQueryKey","HKLM\SOFTWARE\Microsoft\Input\Settings","SUCCESS","Query: HandleTags, HandleTags: 0x0"
"7:12:28.1033828 PM","ctfmon.exe","3980","RegOpenKey","HKLM\SOFTWARE\Microsoft\Input\Settings\proc_1\loc_0409","SUCCESS","Desired Access: Query Value"
"7:12:28.1033907 PM","ctfmon.exe","3980","RegQueryValue","HKLM\SOFTWARE\Microsoft\Input\Settings\proc_1\loc_0409\PERIODSHORTCUTDELAY","NAME NOT FOUND","Length: 144"
"7:12:28.1033994 PM","ctfmon.exe","3980","RegCloseKey","HKLM\SOFTWARE\Microsoft\Input\Settings\proc_1\loc_0409","SUCCESS",""
"7:12:28.1034063 PM","ctfmon.exe","3980","RegQueryKey","HKLM\SOFTWARE\Microsoft\Input\Settings","SUCCESS","Query: HandleTags, HandleTags: 0x0"
"7:12:28.1034130 PM","ctfmon.exe","3980","RegOpenKey","HKLM\SOFTWARE\Microsoft\Input\Settings\proc_1","SUCCESS","Desired Access: Query Value"
"7:12:28.1034202 PM","ctfmon.exe","3980","RegQueryValue","HKLM\SOFTWARE\Microsoft\Input\Settings\proc_1\PERIODSHORTCUTDELAY","SUCCESS","Type: REG_DWORD, Length: 4, Data: 400"
"7:12:28.1034288 PM","ctfmon.exe","3980","RegCloseKey","HKLM\SOFTWARE\Microsoft\Input\Settings\proc_1","SUCCESS",""
"7:12:28.1034355 PM","ctfmon.exe","3980","RegCloseKey","HKLM\SOFTWARE\Microsoft\Input\Settings","SUCCESS",""
"7:12:28.1034427 PM","ctfmon.exe","3980","RegQueryKey","HKLM","SUCCESS","Query: HandleTags, HandleTags: 0x0"
"7:12:28.1034495 PM","ctfmon.exe","3980","RegOpenKey","HKLM\Software\Microsoft\Input\Settings","SUCCESS","Desired Access: Read"
"7:12:28.1034526 PM","Procmon64.exe","1132","CreateFile","C:\Windows\System32\user32.dll","SUCCESS","Desired Access: Generic Read, Disposition: Open, Options: Synchronous IO Non-Alert, Non-Directory File, Attributes: n/a, ShareMode: Read, AllocationSize: n/a, OpenResult: Opened"
"7:12:28.1034578 PM","ctfmon.exe","3980","RegQueryKey","HKCU","SUCCESS","Query: HandleTags, HandleTags: 0x0"
"7:12:28.1034646 PM","ctfmon.exe","3980","RegOpenKey","HKCU\Software\Microsoft\Input\Settings","NAME NOT FOUND","Desired Access: Read"
"7:12:28.1034731 PM","ctfmon.exe","3980","RegQueryKey","HKLM\SOFTWARE\Microsoft\Input\Settings","SUCCESS","Query: HandleTags, HandleTags: 0x0"
"7:12:28.1034798 PM","ctfmon.exe","3980","RegOpenKey","HKLM\SOFTWARE\Microsoft\Input\Settings\proc_1\loc_0409\im_1","SUCCESS","Desired Access: Query Value"
"7:12:28.1034808 PM","Procmon64.exe","1132","CreateFileMapping","C:\Windows\System32\user32.dll","FILE LOCKED WITH ONLY READERS","SyncType: SyncTypeCreateSection, PageProtection: PAGE_EXECUTE_READWRITE|PAGE_NOCACHE"
"7:12:28.1034884 PM","Procmon64.exe","1132","QueryStandardInformationFile","C:\Windows\System32\user32.dll","SUCCESS","AllocationSize: 1,699,840, EndOfFile: 1,698,912, NumberOfLinks: 2, DeletePending: False, Directory: False"
"7:12:28.1034940 PM","Procmon64.exe","1132","FASTIO_RELEASE_FOR_SECTION_SYNCHRONIZATION","C:\Windows\System32\user32.dll","SUCCESS",""
"7:12:28.1035001 PM","Procmon64.exe","1132","CreateFileMapping","C:\Windows\System32\user32.dll","SUCCESS","SyncType: SyncTypeOther"
"7:12:28.1035049 PM","Procmon64.exe","1132","FASTIO_RELEASE_FOR_SECTION_SYNCHRONIZATION","C:\Windows\System32\user32.dll","SUCCESS",""
"7:12:28.1035221 PM","ctfmon.exe","3980","RegQueryValue","HKLM\SOFTWARE\Microsoft\Input\Settings\proc_1\loc_0409\im_1\PERIODSHORTCUTDELAYCANDSELECTION","NAME NOT FOUND","Length: 144"
"7:12:28.1035321 PM","Procmon64.exe","1132","CloseFile","C:\Windows\System32\user32.dll","SUCCESS",""
"7:12:28.1035408 PM","ctfmon.exe","3980","RegCloseKey","HKLM\SOFTWARE\Microsoft\Input\Settings\proc_1\loc_0409\im_1","SUCCESS",""
"7:12:28.1035421 PM","Procmon64.exe","1132","IRP_MJ_CLOSE","C:\Windows\System32\user32.dll","SUCCESS",""
"7:12:28.1035528 PM","ctfmon.exe","3980","RegQueryKey","HKLM\SOFTWARE\Microsoft\Input\Settings","SUCCESS","Query: HandleTags, HandleTags: 0x0"
"7:12:28.1035615 PM","ctfmon.exe","3980","RegOpenKey","HKLM\SOFTWARE\Microsoft\Input\Settings\proc_1\loc_0409","SUCCESS","Desired Access: Query Value"
"7:12:28.1035727 PM","ctfmon.exe","3980","RegQueryValue","HKLM\SOFTWARE\Microsoft\Input\Settings\proc_1\loc_0409\PERIODSHORTCUTDELAYCANDSELECTION","NAME NOT FOUND","Length: 144"
"7:12:28.1035806 PM","ctfmon.exe","3980","RegCloseKey","HKLM\SOFTWARE\Microsoft\Input\Settings\proc_1\loc_0409","SUCCESS",""
"7:12:28.1035877 PM","ctfmon.exe","3980","RegQueryKey","HKLM\SOFTWARE\Microsoft\Input\Settings","SUCCESS","Query: HandleTags, HandleTags: 0x0"
"7:12:28.1035947 PM","ctfmon.exe","3980","RegOpenKey","HKLM\SOFTWARE\Microsoft\Input\Settings\proc_1","SUCCESS","Desired Access: Query Value"
"7:12:28.1036021 PM","ctfmon.exe","3980","RegQueryValue","HKLM\SOFTWARE\Microsoft\Input\Settings\proc_1\PERIODSHORTCUTDELAYCANDSELECTION","SUCCESS","Type: REG_DWORD, Length: 4, Data: 1000"
"7:12:28.1036109 PM","ctfmon.exe","3980","RegCloseKey","HKLM\SOFTWARE\Microsoft\Input\Settings\proc_1","SUCCESS",""
"7:12:28.1036176 PM","Procmon64.exe","1132","QueryOpen","C:\Windows\System32\win32u.dll","FAST IO DISALLOWED",""
"7:12:28.1036179 PM","ctfmon.exe","3980","RegCloseKey","HKLM\SOFTWARE\Microsoft\Input\Settings","SUCCESS",""
"7:12:28.1036262 PM","ctfmon.exe","3980","RegQueryKey","HKLM","SUCCESS","Query: HandleTags, HandleTags: 0x0"
"7:12:28.1036332 PM","ctfmon.exe","3980","RegOpenKey","HKLM\Software\Microsoft\Input\Settings","SUCCESS","Desired Access: Read"
"7:12:28.1036423 PM","ctfmon.exe","3980","RegQueryKey","HKCU","SUCCESS","Query: HandleTags, HandleTags: 0x0"
"7:12:28.1036489 PM","ctfmon.exe","3980","RegOpenKey","HKCU\Software\Microsoft\Input\Settings","NAME NOT FOUND","Desired Access: Read"
"7:12:28.1036530 PM","Procmon64.exe","1132","CreateFile","C:\Windows\System32\win32u.dll","SUCCESS","Desired Access: Read Attributes, Disposition: Open, Options: Open Reparse Point, Attributes: n/a, ShareMode: Read, Write, Delete, AllocationSize: n/a, OpenResult: Opened"
"7:12:28.1036587 PM","ctfmon.exe","3980","RegQueryKey","HKLM\SOFTWARE\Microsoft\Input\Settings","SUCCESS","Query: HandleTags, HandleTags: 0x0"
"7:12:28.1036654 PM","ctfmon.exe","3980","RegOpenKey","HKLM\SOFTWARE\Microsoft\Input\Settings\proc_1\loc_0409\im_1","SUCCESS","Desired Access: Query Value"
"7:12:28.1036716 PM","Procmon64.exe","1132","QueryBasicInformationFile","C:\Windows\System32\win32u.dll","SUCCESS","CreationTime: 12/4/2023 4:48:50 AM, LastAccessTime: 3/9/2026 7:02:00 PM, LastWriteTime: 12/4/2023 4:48:50 AM, ChangeTime: 3/10/2026 12:49:06 AM, FileAttributes: A"
"7:12:28.1036737 PM","ctfmon.exe","3980","RegQueryValue","HKLM\SOFTWARE\Microsoft\Input\Settings\proc_1\loc_0409\im_1\AUTOCORRECTION","SUCCESS","Type: REG_DWORD, Length: 4, Data: 1"
"7:12:28.1036782 PM","Procmon64.exe","1132","CloseFile","C:\Windows\System32\win32u.dll","SUCCESS",""
"7:12:28.1036823 PM","ctfmon.exe","3980","RegCloseKey","HKLM\SOFTWARE\Microsoft\Input\Settings\proc_1\loc_0409\im_1","SUCCESS",""
"7:12:28.1036873 PM","Procmon64.exe","1132","IRP_MJ_CLOSE","C:\Windows\System32\win32u.dll","SUCCESS",""
"7:12:28.1036896 PM","ctfmon.exe","3980","RegCloseKey","HKLM\SOFTWARE\Microsoft\Input\Settings","SUCCESS",""
"7:12:28.1036963 PM","ctfmon.exe","3980","RegQueryKey","HKLM","SUCCESS","Query: HandleTags, HandleTags: 0x0"
"7:12:28.1037030 PM","ctfmon.exe","3980","RegOpenKey","HKLM\Software\Microsoft\Input\Settings","SUCCESS","Desired Access: Read"
"7:12:28.1037111 PM","ctfmon.exe","3980","RegQueryKey","HKCU","SUCCESS","Query: HandleTags, HandleTags: 0x0"
"7:12:28.1037176 PM","ctfmon.exe","3980","RegOpenKey","HKCU\Software\Microsoft\Input\Settings","NAME NOT FOUND","Desired Access: Read"
"7:12:28.1037258 PM","ctfmon.exe","3980","RegQueryKey","HKLM\SOFTWARE\Microsoft\Input\Settings","SUCCESS","Query: HandleTags, HandleTags: 0x0"
"7:12:28.1037322 PM","ctfmon.exe","3980","RegOpenKey","HKLM\SOFTWARE\Microsoft\Input\Settings\is_0\loc_0409","NAME NOT FOUND","Desired Access: Query Value"
"7:12:28.1037406 PM","ctfmon.exe","3980","RegQueryKey","HKLM\SOFTWARE\Microsoft\Input\Settings","SUCCESS","Query: HandleTags, HandleTags: 0x0"
"7:12:28.1037411 PM","Procmon64.exe","1132","QueryOpen","C:\Windows\System32\win32u.dll","FAST IO DISALLOWED",""
"7:12:28.1037474 PM","ctfmon.exe","3980","RegOpenKey","HKLM\SOFTWARE\Microsoft\Input\Settings\is_0","SUCCESS","Desired Access: Query Value"
"7:12:28.1037549 PM","ctfmon.exe","3980","RegQueryValue","HKLM\SOFTWARE\Microsoft\Input\Settings\is_0\AUTOAPOSTROPHE","SUCCESS","Type: REG_DWORD, Length: 4, Data: 1"
"7:12:28.1037625 PM","ctfmon.exe","3980","RegCloseKey","HKLM\SOFTWARE\Microsoft\Input\Settings\is_0","SUCCESS",""
"7:12:28.1037699 PM","ctfmon.exe","3980","RegCloseKey","HKLM\SOFTWARE\Microsoft\Input\Settings","SUCCESS",""
"7:12:28.1037751 PM","Procmon64.exe","1132","CreateFile","C:\Windows\System32\win32u.dll","SUCCESS","Desired Access: Read Attributes, Disposition: Open, Options: Open Reparse Point, Attributes: n/a, ShareMode: Read, Write, Delete, AllocationSize: n/a, OpenResult: Opened"
"7:12:28.1037771 PM","ctfmon.exe","3980","RegQueryKey","HKLM","SUCCESS","Query: HandleTags, HandleTags: 0x0"
"7:12:28.1037838 PM","ctfmon.exe","3980","RegOpenKey","HKLM\Software\Microsoft\Input\Settings","SUCCESS","Desired Access: Read"
"7:12:28.1038114 PM","Procmon64.exe","1132","QueryBasicInformationFile","C:\Windows\System32\win32u.dll","SUCCESS","CreationTime: 12/4/2023 4:48:50 AM, LastAccessTime: 3/9/2026 7:02:00 PM, LastWriteTime: 12/4/2023 4:48:50 AM, ChangeTime: 3/10/2026 12:49:06 AM, FileAttributes: A"
"7:12:28.1038159 PM","ctfmon.exe","3980","RegQueryKey","HKCU","SUCCESS","Query: HandleTags, HandleTags: 0x0"
"7:12:28.1038200 PM","Procmon64.exe","1132","CloseFile","C:\Windows\System32\win32u.dll","SUCCESS",""
"7:12:28.1038266 PM","ctfmon.exe","3980","RegOpenKey","HKCU\Software\Microsoft\Input\Settings","NAME NOT FOUND","Desired Access: Read"
"7:12:28.1038311 PM","Procmon64.exe","1132","IRP_MJ_CLOSE","C:\Windows\System32\win32u.dll","SUCCESS",""
"7:12:28.1038390 PM","ctfmon.exe","3980","RegQueryKey","HKLM\SOFTWARE\Microsoft\Input\Settings","SUCCESS","Query: HandleTags, HandleTags: 0x0"
"7:12:28.1038460 PM","ctfmon.exe","3980","RegOpenKey","HKLM\SOFTWARE\Microsoft\Input\Settings\proc_1\loc_0409\im_1","SUCCESS","Desired Access: Query Value"
"7:12:28.1038561 PM","ctfmon.exe","3980","RegQueryValue","HKLM\SOFTWARE\Microsoft\Input\Settings\proc_1\loc_0409\im_1\AUTOCORRECTION","SUCCESS","Type: REG_DWORD, Length: 4, Data: 1"
"7:12:28.1038656 PM","ctfmon.exe","3980","RegCloseKey","HKLM\SOFTWARE\Microsoft\Input\Settings\proc_1\loc_0409\im_1","SUCCESS",""
"7:12:28.1038730 PM","ctfmon.exe","3980","RegCloseKey","HKLM\SOFTWARE\Microsoft\Input\Settings","SUCCESS",""
"7:12:28.1038798 PM","ctfmon.exe","3980","RegQueryKey","HKLM","SUCCESS","Query: HandleTags, HandleTags: 0x0"
"7:12:28.1038864 PM","ctfmon.exe","3980","RegOpenKey","HKLM\Software\Microsoft\Input\Settings","SUCCESS","Desired Access: Read"
"7:12:28.1038956 PM","ctfmon.exe","3980","RegQueryKey","HKCU","SUCCESS","Query: HandleTags, HandleTags: 0x0"
"7:12:28.1039029 PM","Procmon64.exe","1132","CreateFile","C:\Windows\System32\win32u.dll","SUCCESS","Desired Access: Generic Read, Disposition: Open, Options: Synchronous IO Non-Alert, Non-Directory File, Attributes: n/a, ShareMode: Read, AllocationSize: n/a, OpenResult: Opened"
"7:12:28.1039061 PM","ctfmon.exe","3980","RegOpenKey","HKCU\Software\Microsoft\Input\Settings","NAME NOT FOUND","Desired Access: Read"
"7:12:28.1039433 PM","ctfmon.exe","3980","RegQueryKey","HKLM\SOFTWARE\Microsoft\Input\Settings","SUCCESS","Query: HandleTags, HandleTags: 0x0"
"7:12:28.1039527 PM","ctfmon.exe","3980","RegOpenKey","HKLM\SOFTWARE\Microsoft\Input\Settings\is_0\loc_0409","NAME NOT FOUND","Desired Access: Query Value"
"7:12:28.1039568 PM","Procmon64.exe","1132","CreateFileMapping","C:\Windows\System32\win32u.dll","FILE LOCKED WITH ONLY READERS","SyncType: SyncTypeCreateSection, PageProtection: PAGE_EXECUTE_READWRITE|PAGE_NOCACHE"
"7:12:28.1039623 PM","ctfmon.exe","3980","RegQueryKey","HKLM\SOFTWARE\Microsoft\Input\Settings","SUCCESS","Query: HandleTags, HandleTags: 0x0"
"7:12:28.1039662 PM","Procmon64.exe","1132","QueryStandardInformationFile","C:\Windows\System32\win32u.dll","SUCCESS","AllocationSize: 135,168, EndOfFile: 133,920, NumberOfLinks: 2, DeletePending: False, Directory: False"
"7:12:28.1039692 PM","ctfmon.exe","3980","RegOpenKey","HKLM\SOFTWARE\Microsoft\Input\Settings\is_0","SUCCESS","Desired Access: Query Value"
"7:12:28.1039725 PM","Procmon64.exe","1132","FASTIO_RELEASE_FOR_SECTION_SYNCHRONIZATION","C:\Windows\System32\win32u.dll","SUCCESS",""
"7:12:28.1039789 PM","Procmon64.exe","1132","CreateFileMapping","C:\Windows\System32\win32u.dll","SUCCESS","SyncType: SyncTypeOther"
"7:12:28.1039843 PM","Procmon64.exe","1132","FASTIO_RELEASE_FOR_SECTION_SYNCHRONIZATION","C:\Windows\System32\win32u.dll","SUCCESS",""
"7:12:28.1040090 PM","ctfmon.exe","3980","RegQueryValue","HKLM\SOFTWARE\Microsoft\Input\Settings\is_0\AUTOACCENT","SUCCESS","Type: REG_DWORD, Length: 4, Data: 1"
"7:12:28.1040257 PM","ctfmon.exe","3980","RegCloseKey","HKLM\SOFTWARE\Microsoft\Input\Settings\is_0","SUCCESS",""
"7:12:28.1040354 PM","ctfmon.exe","3980","RegCloseKey","HKLM\SOFTWARE\Microsoft\Input\Settings","SUCCESS",""
"7:12:28.1040443 PM","ctfmon.exe","3980","RegQueryKey","HKLM","SUCCESS","Query: HandleTags, HandleTags: 0x0"
"7:12:28.1040526 PM","ctfmon.exe","3980","RegOpenKey","HKLM\Software\Microsoft\Input\Settings","SUCCESS","Desired Access: Read"
"7:12:28.1040716 PM","Procmon64.exe","1132","CloseFile","C:\Windows\System32\win32u.dll","SUCCESS",""
"7:12:28.1040935 PM","ctfmon.exe","3980","RegQueryKey","HKCU","SUCCESS","Query: HandleTags, HandleTags: 0x0"
"7:12:28.1041014 PM","Procmon64.exe","1132","IRP_MJ_CLOSE","C:\Windows\System32\win32u.dll","SUCCESS",""
"7:12:28.1041079 PM","ctfmon.exe","3980","RegOpenKey","HKCU\Software\Microsoft\Input\Settings","NAME NOT FOUND","Desired Access: Read"
"7:12:28.1041228 PM","ctfmon.exe","3980","RegQueryKey","HKLM\SOFTWARE\Microsoft\Input\Settings","SUCCESS","Query: HandleTags, HandleTags: 0x0"
"7:12:28.1041303 PM","ctfmon.exe","3980","RegOpenKey","HKLM\SOFTWARE\Microsoft\Input\Settings\proc_1\loc_0409\im_1","SUCCESS","Desired Access: Query Value"
"7:12:28.1041410 PM","ctfmon.exe","3980","RegQueryValue","HKLM\SOFTWARE\Microsoft\Input\Settings\proc_1\loc_0409\im_1\AUTOCORRECTION","SUCCESS","Type: REG_DWORD, Length: 4, Data: 1"
"7:12:28.1041509 PM","ctfmon.exe","3980","RegCloseKey","HKLM\SOFTWARE\Microsoft\Input\Settings\proc_1\loc_0409\im_1","SUCCESS",""
"7:12:28.1041583 PM","ctfmon.exe","3980","RegCloseKey","HKLM\SOFTWARE\Microsoft\Input\Settings","SUCCESS",""
"7:12:28.1041656 PM","ctfmon.exe","3980","RegQueryKey","HKLM","SUCCESS","Query: HandleTags, HandleTags: 0x0"
"7:12:28.1041727 PM","ctfmon.exe","3980","RegOpenKey","HKLM\Software\Microsoft\Input\Settings","SUCCESS","Desired Access: Read"
"7:12:28.1041814 PM","ctfmon.exe","3980","RegQueryKey","HKCU","SUCCESS","Query: HandleTags, HandleTags: 0x0"
"7:12:28.1041880 PM","ctfmon.exe","3980","RegOpenKey","HKCU\Software\Microsoft\Input\Settings","NAME NOT FOUND","Desired Access: Read"
"7:12:28.1041967 PM","Procmon64.exe","1132","QueryOpen","C:\Windows\System32\gdi32.dll","FAST IO DISALLOWED",""
"7:12:28.1041969 PM","ctfmon.exe","3980","RegQueryKey","HKLM\SOFTWARE\Microsoft\Input\Settings","SUCCESS","Query: HandleTags, HandleTags: 0x0"
"7:12:28.1042125 PM","ctfmon.exe","3980","RegOpenKey","HKLM\SOFTWARE\Microsoft\Input\Settings\is_0\loc_0409","NAME NOT FOUND","Desired Access: Query Value"
"7:12:28.1042278 PM","ctfmon.exe","3980","RegQueryKey","HKLM\SOFTWARE\Microsoft\Input\Settings","SUCCESS","Query: HandleTags, HandleTags: 0x0"
"7:12:28.1042358 PM","ctfmon.exe","3980","RegOpenKey","HKLM\SOFTWARE\Microsoft\Input\Settings\is_0","SUCCESS","Desired Access: Query Value"
"7:12:28.1042456 PM","ctfmon.exe","3980","RegQueryValue","HKLM\SOFTWARE\Microsoft\Input\Settings\is_0\AUTOCORRECTFIRSTWORD","NAME NOT FOUND","Length: 144"
"7:12:28.1042551 PM","ctfmon.exe","3980","RegCloseKey","HKLM\SOFTWARE\Microsoft\Input\Settings\is_0","SUCCESS",""
"7:12:28.1042620 PM","ctfmon.exe","3980","RegQueryValue","HKLM\SOFTWARE\Microsoft\Input\Settings\AUTOCORRECTFIRSTWORD","SUCCESS","Type: REG_DWORD, Length: 4, Data: 1"
"7:12:28.1042701 PM","ctfmon.exe","3980","RegCloseKey","HKLM\SOFTWARE\Microsoft\Input\Settings","SUCCESS",""
"7:12:28.1042782 PM","ctfmon.exe","3980","RegQueryKey","HKLM","SUCCESS","Query: HandleTags, HandleTags: 0x0"
"7:12:28.1042854 PM","Procmon64.exe","1132","CreateFile","C:\Windows\System32\gdi32.dll","SUCCESS","Desired Access: Read Attributes, Disposition: Open, Options: Open Reparse Point, Attributes: n/a, ShareMode: Read, Write, Delete, AllocationSize: n/a, OpenResult: Opened"
"7:12:28.1042880 PM","ctfmon.exe","3980","RegOpenKey","HKLM\Software\Microsoft\Input\Settings","SUCCESS","Desired Access: Read"
"7:12:28.1043064 PM","ctfmon.exe","3980","RegQueryKey","HKCU","SUCCESS","Query: HandleTags, HandleTags: 0x0"
"7:12:28.1043154 PM","ctfmon.exe","3980","RegOpenKey","HKCU\Software\Microsoft\Input\Settings","NAME NOT FOUND","Desired Access: Read"
"7:12:28.1043272 PM","ctfmon.exe","3980","RegQueryKey","HKLM\SOFTWARE\Microsoft\Input\Settings","SUCCESS","Query: HandleTags, HandleTags: 0x0"
"7:12:28.1043339 PM","ctfmon.exe","3980","RegOpenKey","HKLM\SOFTWARE\Microsoft\Input\Settings\proc_1\loc_0409\im_1","SUCCESS","Desired Access: Query Value"
"7:12:28.1043438 PM","ctfmon.exe","3980","RegQueryValue","HKLM\SOFTWARE\Microsoft\Input\Settings\proc_1\loc_0409\im_1\EMOJISUGGESTION","SUCCESS","Type: REG_DWORD, Length: 4, Data: 1"
"7:12:28.1043534 PM","ctfmon.exe","3980","RegCloseKey","HKLM\SOFTWARE\Microsoft\Input\Settings\proc_1\loc_0409\im_1","SUCCESS",""
"7:12:28.1043607 PM","ctfmon.exe","3980","RegCloseKey","HKLM\SOFTWARE\Microsoft\Input\Settings","SUCCESS",""
"7:12:28.1043676 PM","ctfmon.exe","3980","RegQueryKey","HKLM","SUCCESS","Query: HandleTags, HandleTags: 0x0"
"7:12:28.1043743 PM","ctfmon.exe","3980","RegOpenKey","HKLM\Software\Microsoft\Input\Settings","SUCCESS","Desired Access: Read"
"7:12:28.1043823 PM","ctfmon.exe","3980","RegQueryKey","HKCU","SUCCESS","Query: HandleTags, HandleTags: 0x0"
"7:12:28.1043888 PM","ctfmon.exe","3980","RegOpenKey","HKCU\Software\Microsoft\Input\Settings","NAME NOT FOUND","Desired Access: Read"
"7:12:28.1043971 PM","ctfmon.exe","3980","RegQueryKey","HKLM\SOFTWARE\Microsoft\Input\Settings","SUCCESS","Query: HandleTags, HandleTags: 0x0"
"7:12:28.1044035 PM","ctfmon.exe","3980","RegOpenKey","HKLM\SOFTWARE\Microsoft\Input\Settings\is_0\loc_0409","NAME NOT FOUND","Desired Access: Query Value"
"7:12:28.1044116 PM","ctfmon.exe","3980","RegQueryKey","HKLM\SOFTWARE\Microsoft\Input\Settings","SUCCESS","Query: HandleTags, HandleTags: 0x0"
"7:12:28.1044180 PM","ctfmon.exe","3980","RegOpenKey","HKLM\SOFTWARE\Microsoft\Input\Settings\is_0","SUCCESS","Desired Access: Query Value"
"7:12:28.1044257 PM","ctfmon.exe","3980","RegQueryValue","HKLM\SOFTWARE\Microsoft\Input\Settings\is_0\EMOJISUGGESTION","SUCCESS","Type: REG_DWORD, Length: 4, Data: 1"
"7:12:28.1044333 PM","ctfmon.exe","3980","RegCloseKey","HKLM\SOFTWARE\Microsoft\Input\Settings\is_0","SUCCESS",""
"7:12:28.1044400 PM","ctfmon.exe","3980","RegCloseKey","HKLM\SOFTWARE\Microsoft\Input\Settings","SUCCESS",""
"7:12:28.1044465 PM","ctfmon.exe","3980","RegQueryKey","HKLM","SUCCESS","Query: HandleTags, HandleTags: 0x0"
"7:12:28.1044531 PM","ctfmon.exe","3980","RegOpenKey","HKLM\Software\Microsoft\Input\Settings","SUCCESS","Desired Access: Read"
"7:12:28.1044611 PM","ctfmon.exe","3980","RegQueryKey","HKCU","SUCCESS","Query: HandleTags, HandleTags: 0x0"
"7:12:28.1044677 PM","ctfmon.exe","3980","RegOpenKey","HKCU\Software\Microsoft\Input\Settings","NAME NOT FOUND","Desired Access: Read"
"7:12:28.1044759 PM","ctfmon.exe","3980","RegQueryKey","HKLM\SOFTWARE\Microsoft\Input\Settings","SUCCESS","Query: HandleTags, HandleTags: 0x0"
"7:12:28.1044826 PM","ctfmon.exe","3980","RegOpenKey","HKLM\SOFTWARE\Microsoft\Input\Settings\proc_1\loc_0409\im_1","SUCCESS","Desired Access: Query Value"
"7:12:28.1044903 PM","ctfmon.exe","3980","RegQueryValue","HKLM\SOFTWARE\Microsoft\Input\Settings\proc_1\loc_0409\im_1\EMOJISUGGESTION","SUCCESS","Type: REG_DWORD, Length: 4, Data: 1"
"7:12:28.1044982 PM","ctfmon.exe","3980","RegCloseKey","HKLM\SOFTWARE\Microsoft\Input\Settings\proc_1\loc_0409\im_1","SUCCESS",""
"7:12:28.1045051 PM","ctfmon.exe","3980","RegCloseKey","HKLM\SOFTWARE\Microsoft\Input\Settings","SUCCESS",""
"7:12:28.1045120 PM","ctfmon.exe","3980","RegQueryKey","HKLM","SUCCESS","Query: HandleTags, HandleTags: 0x0"
"7:12:28.1045185 PM","ctfmon.exe","3980","RegOpenKey","HKLM\Software\Microsoft\Input\Settings","SUCCESS","Desired Access: Read"
"7:12:28.1045208 PM","Explorer.EXE","4184","RegOpenKey","HKCU","SUCCESS","Desired Access: Query Value"
"7:12:28.1045268 PM","ctfmon.exe","3980","RegQueryKey","HKCU","SUCCESS","Query: HandleTags, HandleTags: 0x0"
"7:12:28.1045337 PM","ctfmon.exe","3980","RegOpenKey","HKCU\Software\Microsoft\Input\Settings","NAME NOT FOUND","Desired Access: Read"
"7:12:28.1045395 PM","Explorer.EXE","4184","RegCloseKey","HKCU","SUCCESS",""
"7:12:28.1045424 PM","ctfmon.exe","3980","RegQueryKey","HKLM\SOFTWARE\Microsoft\Input\Settings","SUCCESS","Query: HandleTags, HandleTags: 0x0"
"7:12:28.1045490 PM","ctfmon.exe","3980","RegOpenKey","HKLM\SOFTWARE\Microsoft\Input\Settings\proc_1\loc_0409\im_1","SUCCESS","Desired Access: Query Value"
"7:12:28.1045566 PM","ctfmon.exe","3980","RegQueryValue","HKLM\SOFTWARE\Microsoft\Input\Settings\proc_1\loc_0409\im_1\EMOJITRANSLATION","SUCCESS","Type: REG_DWORD, Length: 4, Data: 1"
"7:12:28.1045645 PM","ctfmon.exe","3980","RegCloseKey","HKLM\SOFTWARE\Microsoft\Input\Settings\proc_1\loc_0409\im_1","SUCCESS",""
"7:12:28.1045714 PM","ctfmon.exe","3980","RegCloseKey","HKLM\SOFTWARE\Microsoft\Input\Settings","SUCCESS",""
"7:12:28.1045779 PM","ctfmon.exe","3980","RegQueryKey","HKLM","SUCCESS","Query: HandleTags, HandleTags: 0x0"
"7:12:28.1045844 PM","ctfmon.exe","3980","RegOpenKey","HKLM\Software\Microsoft\Input\Settings","SUCCESS","Desired Access: Read"
"7:12:28.1045923 PM","ctfmon.exe","3980","RegQueryKey","HKCU","SUCCESS","Query: HandleTags, HandleTags: 0x0"
"7:12:28.1045987 PM","ctfmon.exe","3980","RegOpenKey","HKCU\Software\Microsoft\Input\Settings","NAME NOT FOUND","Desired Access: Read"
"7:12:28.1046081 PM","ctfmon.exe","3980","RegQueryKey","HKLM\SOFTWARE\Microsoft\Input\Settings","SUCCESS","Query: HandleTags, HandleTags: 0x0"
"7:12:28.1046148 PM","ctfmon.exe","3980","RegOpenKey","HKLM\SOFTWARE\Microsoft\Input\Settings\is_0\loc_0409","NAME NOT FOUND","Desired Access: Query Value"
"7:12:28.1046226 PM","ctfmon.exe","3980","RegQueryKey","HKLM\SOFTWARE\Microsoft\Input\Settings","SUCCESS","Query: HandleTags, HandleTags: 0x0"
"7:12:28.1046292 PM","ctfmon.exe","3980","RegOpenKey","HKLM\SOFTWARE\Microsoft\Input\Settings\is_0","SUCCESS","Desired Access: Query Value"
"7:12:28.1046372 PM","ctfmon.exe","3980","RegQueryValue","HKLM\SOFTWARE\Microsoft\Input\Settings\is_0\EMOJITRANSLATION","SUCCESS","Type: REG_DWORD, Length: 4, Data: 1"
"7:12:28.1046416 PM","Explorer.EXE","4184","RegQueryKey","HKCU\Software\Classes","SUCCESS","Query: Name"
"7:12:28.1046451 PM","ctfmon.exe","3980","RegCloseKey","HKLM\SOFTWARE\Microsoft\Input\Settings\is_0","SUCCESS",""
"7:12:28.1046529 PM","ctfmon.exe","3980","RegCloseKey","HKLM\SOFTWARE\Microsoft\Input\Settings","SUCCESS",""
"7:12:28.1046579 PM","Explorer.EXE","4184","RegQueryKey","HKCU\Software\Classes","SUCCESS","Query: HandleTags, HandleTags: 0x0"
"7:12:28.1046599 PM","ctfmon.exe","3980","RegQueryKey","HKLM","SUCCESS","Query: HandleTags, HandleTags: 0x0"
"7:12:28.1046662 PM","Explorer.EXE","4184","RegQueryKey","HKCU\Software\Classes","SUCCESS","Query: HandleTags, HandleTags: 0x0"
"7:12:28.1046702 PM","ctfmon.exe","3980","RegOpenKey","HKLM\Software\Microsoft\Input\Settings","SUCCESS","Desired Access: Read"
"7:12:28.1046879 PM","ctfmon.exe","3980","RegQueryKey","HKCU","SUCCESS","Query: HandleTags, HandleTags: 0x0"
"7:12:28.1046992 PM","ctfmon.exe","3980","RegOpenKey","HKCU\Software\Microsoft\Input\Settings","NAME NOT FOUND","Desired Access: Read"
"7:12:28.1047011 PM","Procmon64.exe","1132","QueryBasicInformationFile","C:\Windows\System32\gdi32.dll","SUCCESS","CreationTime: 12/4/2023 4:48:44 AM, LastAccessTime: 3/9/2026 7:02:00 PM, LastWriteTime: 12/4/2023 4:48:44 AM, ChangeTime: 3/10/2026 12:49:06 AM, FileAttributes: A"
"7:12:28.1047090 PM","Procmon64.exe","1132","CloseFile","C:\Windows\System32\gdi32.dll","SUCCESS",""
"7:12:28.1047124 PM","ctfmon.exe","3980","RegQueryKey","HKLM\SOFTWARE\Microsoft\Input\Settings","SUCCESS","Query: HandleTags, HandleTags: 0x0"
"7:12:28.1047387 PM","ctfmon.exe","3980","RegOpenKey","HKLM\SOFTWARE\Microsoft\Input\Settings\is_0\loc_0409","NAME NOT FOUND","Desired Access: Query Value"
"7:12:28.1047445 PM","Procmon64.exe","1132","IRP_MJ_CLOSE","C:\Windows\System32\gdi32.dll","SUCCESS",""
"7:12:28.1047493 PM","ctfmon.exe","3980","RegQueryKey","HKLM\SOFTWARE\Microsoft\Input\Settings","SUCCESS","Query: HandleTags, HandleTags: 0x0"
"7:12:28.1047563 PM","ctfmon.exe","3980","RegOpenKey","HKLM\SOFTWARE\Microsoft\Input\Settings\is_0","SUCCESS","Desired Access: Query Value"
"7:12:28.1047660 PM","ctfmon.exe","3980","RegQueryValue","HKLM\SOFTWARE\Microsoft\Input\Settings\is_0\PRIVATE","SUCCESS","Type: REG_DWORD, Length: 4, Data: 0"
"7:12:28.1047755 PM","ctfmon.exe","3980","RegCloseKey","HKLM\SOFTWARE\Microsoft\Input\Settings\is_0","SUCCESS",""
"7:12:28.1047828 PM","ctfmon.exe","3980","RegCloseKey","HKLM\SOFTWARE\Microsoft\Input\Settings","SUCCESS",""
"7:12:28.1047899 PM","ctfmon.exe","3980","RegQueryKey","HKLM","SUCCESS","Query: HandleTags, HandleTags: 0x0"
"7:12:28.1047967 PM","ctfmon.exe","3980","RegOpenKey","HKLM\Software\Microsoft\Input\Settings","SUCCESS","Desired Access: Read"
"7:12:28.1048052 PM","ctfmon.exe","3980","RegQueryKey","HKCU","SUCCESS","Query: HandleTags, HandleTags: 0x0"
"7:12:28.1048117 PM","ctfmon.exe","3980","RegOpenKey","HKCU\Software\Microsoft\Input\Settings","NAME NOT FOUND","Desired Access: Read"
"7:12:28.1048202 PM","Procmon64.exe","1132","QueryOpen","C:\Windows\System32\gdi32.dll","FAST IO DISALLOWED",""
"7:12:28.1048206 PM","ctfmon.exe","3980","RegQueryKey","HKLM\SOFTWARE\Microsoft\Input\Settings","SUCCESS","Query: HandleTags, HandleTags: 0x0"
"7:12:28.1048272 PM","ctfmon.exe","3980","RegOpenKey","HKLM\SOFTWARE\Microsoft\Input\Settings\proc_1\loc_0409\im_1","SUCCESS","Desired Access: Query Value"
"7:12:28.1048355 PM","ctfmon.exe","3980","RegQueryValue","HKLM\SOFTWARE\Microsoft\Input\Settings\proc_1\loc_0409\im_1\AUTOCORRECTIONTRIGGERS","NAME NOT FOUND","Length: 144"
"7:12:28.1048442 PM","ctfmon.exe","3980","RegCloseKey","HKLM\SOFTWARE\Microsoft\Input\Settings\proc_1\loc_0409\im_1","SUCCESS",""
"7:12:28.1048514 PM","ctfmon.exe","3980","RegQueryKey","HKLM\SOFTWARE\Microsoft\Input\Settings","SUCCESS","Query: HandleTags, HandleTags: 0x0"
"7:12:28.1048553 PM","Procmon64.exe","1132","CreateFile","C:\Windows\System32\gdi32.dll","SUCCESS","Desired Access: Read Attributes, Disposition: Open, Options: Open Reparse Point, Attributes: n/a, ShareMode: Read, Write, Delete, AllocationSize: n/a, OpenResult: Opened"
"7:12:28.1048582 PM","ctfmon.exe","3980","RegOpenKey","HKLM\SOFTWARE\Microsoft\Input\Settings\proc_1\loc_0409","SUCCESS","Desired Access: Query Value"
"7:12:28.1048656 PM","ctfmon.exe","3980","RegQueryValue","HKLM\SOFTWARE\Microsoft\Input\Settings\proc_1\loc_0409\AUTOCORRECTIONTRIGGERS","NAME NOT FOUND","Length: 144"
"7:12:28.1048726 PM","Procmon64.exe","1132","QueryBasicInformationFile","C:\Windows\System32\gdi32.dll","SUCCESS","CreationTime: 12/4/2023 4:48:44 AM, LastAccessTime: 3/9/2026 7:02:00 PM, LastWriteTime: 12/4/2023 4:48:44 AM, ChangeTime: 3/10/2026 12:49:06 AM, FileAttributes: A"
"7:12:28.1048728 PM","ctfmon.exe","3980","RegCloseKey","HKLM\SOFTWARE\Microsoft\Input\Settings\proc_1\loc_0409","SUCCESS",""
"7:12:28.1048794 PM","Procmon64.exe","1132","CloseFile","C:\Windows\System32\gdi32.dll","SUCCESS",""
"7:12:28.1048797 PM","ctfmon.exe","3980","RegQueryKey","HKLM\SOFTWARE\Microsoft\Input\Settings","SUCCESS","Query: HandleTags, HandleTags: 0x0"
"7:12:28.1048865 PM","ctfmon.exe","3980","RegOpenKey","HKLM\SOFTWARE\Microsoft\Input\Settings\proc_1","SUCCESS","Desired Access: Query Value"
"7:12:28.1048884 PM","Procmon64.exe","1132","IRP_MJ_CLOSE","C:\Windows\System32\gdi32.dll","SUCCESS",""
"7:12:28.1048941 PM","ctfmon.exe","3980","RegQueryValue","HKLM\SOFTWARE\Microsoft\Input\Settings\proc_1\AUTOCORRECTIONTRIGGERS","SUCCESS","Type: REG_SZ, Length: 30, Data:  .,!?;:)""؟،؛।॥"
"7:12:28.1049037 PM","ctfmon.exe","3980","RegCloseKey","HKLM\SOFTWARE\Microsoft\Input\Settings\proc_1","SUCCESS",""
"7:12:28.1049105 PM","ctfmon.exe","3980","RegCloseKey","HKLM\SOFTWARE\Microsoft\Input\Settings","SUCCESS",""
"7:12:28.1049190 PM","ctfmon.exe","3980","RegQueryKey","HKLM","SUCCESS","Query: HandleTags, HandleTags: 0x0"
"7:12:28.1049257 PM","ctfmon.exe","3980","RegOpenKey","HKLM\Software\Microsoft\Input\Settings","SUCCESS","Desired Access: Read"
"7:12:28.1049339 PM","ctfmon.exe","3980","RegQueryKey","HKCU","SUCCESS","Query: HandleTags, HandleTags: 0x0"
"7:12:28.1049404 PM","ctfmon.exe","3980","RegOpenKey","HKCU\Software\Microsoft\Input\Settings","NAME NOT FOUND","Desired Access: Read"
"7:12:28.1049489 PM","ctfmon.exe","3980","RegQueryKey","HKLM\SOFTWARE\Microsoft\Input\Settings","SUCCESS","Query: HandleTags, HandleTags: 0x0"
"7:12:28.1049529 PM","Procmon64.exe","1132","CreateFile","C:\Windows\System32\gdi32.dll","SUCCESS","Desired Access: Generic Read, Disposition: Open, Options: Synchronous IO Non-Alert, Non-Directory File, Attributes: n/a, ShareMode: Read, AllocationSize: n/a, OpenResult: Opened"
"7:12:28.1049556 PM","ctfmon.exe","3980","RegOpenKey","HKLM\SOFTWARE\Microsoft\Input\Settings\proc_1\loc_0409\im_1","SUCCESS","Desired Access: Query Value"
"7:12:28.1049634 PM","ctfmon.exe","3980","RegQueryValue","HKLM\SOFTWARE\Microsoft\Input\Settings\proc_1\loc_0409\im_1\PERIODSHORTCUTCHARS","NAME NOT FOUND","Length: 144"
"7:12:28.1049717 PM","ctfmon.exe","3980","RegCloseKey","HKLM\SOFTWARE\Microsoft\Input\Settings\proc_1\loc_0409\im_1","SUCCESS",""
"7:12:28.1049778 PM","Procmon64.exe","1132","CreateFileMapping","C:\Windows\System32\gdi32.dll","FILE LOCKED WITH ONLY READERS","SyncType: SyncTypeCreateSection, PageProtection: PAGE_EXECUTE_READWRITE|PAGE_NOCACHE"
"7:12:28.1049789 PM","ctfmon.exe","3980","RegQueryKey","HKLM\SOFTWARE\Microsoft\Input\Settings","SUCCESS","Query: HandleTags, HandleTags: 0x0"
"7:12:28.1049854 PM","Procmon64.exe","1132","QueryStandardInformationFile","C:\Windows\System32\gdi32.dll","SUCCESS","AllocationSize: 172,032, EndOfFile: 168,464, NumberOfLinks: 2, DeletePending: False, Directory: False"
"7:12:28.1049856 PM","ctfmon.exe","3980","RegOpenKey","HKLM\SOFTWARE\Microsoft\Input\Settings\proc_1\loc_0409","SUCCESS","Desired Access: Query Value"
"7:12:28.1049912 PM","Procmon64.exe","1132","FASTIO_RELEASE_FOR_SECTION_SYNCHRONIZATION","C:\Windows\System32\gdi32.dll","SUCCESS",""
"7:12:28.1049934 PM","ctfmon.exe","3980","RegQueryValue","HKLM\SOFTWARE\Microsoft\Input\Settings\proc_1\loc_0409\PERIODSHORTCUTCHARS","NAME NOT FOUND","Length: 144"
"7:12:28.1049980 PM","Procmon64.exe","1132","CreateFileMapping","C:\Windows\System32\gdi32.dll","SUCCESS","SyncType: SyncTypeOther"
"7:12:28.1050010 PM","ctfmon.exe","3980","RegCloseKey","HKLM\SOFTWARE\Microsoft\Input\Settings\proc_1\loc_0409","SUCCESS",""
"7:12:28.1050030 PM","Procmon64.exe","1132","FASTIO_RELEASE_FOR_SECTION_SYNCHRONIZATION","C:\Windows\System32\gdi32.dll","SUCCESS",""
"7:12:28.1050078 PM","ctfmon.exe","3980","RegQueryKey","HKLM\SOFTWARE\Microsoft\Input\Settings","SUCCESS","Query: HandleTags, HandleTags: 0x0"
"7:12:28.1050144 PM","ctfmon.exe","3980","RegOpenKey","HKLM\SOFTWARE\Microsoft\Input\Settings\proc_1","SUCCESS","Desired Access: Query Value"
"7:12:28.1050216 PM","ctfmon.exe","3980","RegQueryValue","HKLM\SOFTWARE\Microsoft\Input\Settings\proc_1\PERIODSHORTCUTCHARS","SUCCESS","Type: REG_SZ, Length: 20, Data:  .,!?;:-।"
"7:12:28.1050301 PM","ctfmon.exe","3980","RegCloseKey","HKLM\SOFTWARE\Microsoft\Input\Settings\proc_1","SUCCESS",""
"7:12:28.1050368 PM","ctfmon.exe","3980","RegCloseKey","HKLM\SOFTWARE\Microsoft\Input\Settings","SUCCESS",""
"7:12:28.1050440 PM","ctfmon.exe","3980","RegQueryKey","HKLM","SUCCESS","Query: HandleTags, HandleTags: 0x0"
"7:12:28.1050505 PM","ctfmon.exe","3980","RegOpenKey","HKLM\Software\Microsoft\Input\Settings","SUCCESS","Desired Access: Read"
"7:12:28.1050584 PM","ctfmon.exe","3980","RegQueryKey","HKCU","SUCCESS","Query: HandleTags, HandleTags: 0x0"
"7:12:28.1050630 PM","Procmon64.exe","1132","CloseFile","C:\Windows\System32\gdi32.dll","SUCCESS",""
"7:12:28.1050652 PM","ctfmon.exe","3980","RegOpenKey","HKCU\Software\Microsoft\Input\Settings","NAME NOT FOUND","Desired Access: Read"
"7:12:28.1050735 PM","ctfmon.exe","3980","RegQueryKey","HKLM\SOFTWARE\Microsoft\Input\Settings","SUCCESS","Query: HandleTags, HandleTags: 0x0"
"7:12:28.1050749 PM","Procmon64.exe","1132","IRP_MJ_CLOSE","C:\Windows\System32\gdi32.dll","SUCCESS",""
"7:12:28.1050804 PM","ctfmon.exe","3980","RegOpenKey","HKLM\SOFTWARE\Microsoft\Input\Settings\proc_1\loc_0409\im_1","SUCCESS","Desired Access: Query Value"
"7:12:28.1050878 PM","ctfmon.exe","3980","RegQueryValue","HKLM\SOFTWARE\Microsoft\Input\Settings\proc_1\loc_0409\im_1\COMMONEMOJITERMINATORS","NAME NOT FOUND","Length: 144"
"7:12:28.1050957 PM","ctfmon.exe","3980","RegCloseKey","HKLM\SOFTWARE\Microsoft\Input\Settings\proc_1\loc_0409\im_1","SUCCESS",""
"7:12:28.1051027 PM","ctfmon.exe","3980","RegQueryKey","HKLM\SOFTWARE\Microsoft\Input\Settings","SUCCESS","Query: HandleTags, HandleTags: 0x0"
"7:12:28.1051093 PM","ctfmon.exe","3980","RegOpenKey","HKLM\SOFTWARE\Microsoft\Input\Settings\proc_1\loc_0409","SUCCESS","Desired Access: Query Value"
"7:12:28.1051165 PM","ctfmon.exe","3980","RegQueryValue","HKLM\SOFTWARE\Microsoft\Input\Settings\proc_1\loc_0409\COMMONEMOJITERMINATORS","NAME NOT FOUND","Length: 144"
"7:12:28.1051234 PM","ctfmon.exe","3980","RegCloseKey","HKLM\SOFTWARE\Microsoft\Input\Settings\proc_1\loc_0409","SUCCESS",""
"7:12:28.1051300 PM","ctfmon.exe","3980","RegQueryKey","HKLM\SOFTWARE\Microsoft\Input\Settings","SUCCESS","Query: HandleTags, HandleTags: 0x0"
"7:12:28.1051365 PM","ctfmon.exe","3980","RegOpenKey","HKLM\SOFTWARE\Microsoft\Input\Settings\proc_1","SUCCESS","Desired Access: Query Value"
"7:12:28.1051442 PM","ctfmon.exe","3980","RegQueryValue","HKLM\SOFTWARE\Microsoft\Input\Settings\proc_1\COMMONEMOJITERMINATORS","SUCCESS","Type: REG_SZ, Length: 18, Data: )(][^\/|"
"7:12:28.1051527 PM","ctfmon.exe","3980","RegCloseKey","HKLM\SOFTWARE\Microsoft\Input\Settings\proc_1","SUCCESS",""
"7:12:28.1051649 PM","ctfmon.exe","3980","RegCloseKey","HKLM\SOFTWARE\Microsoft\Input\Settings","SUCCESS",""
"7:12:28.1051779 PM","ctfmon.exe","3980","RegQueryKey","HKLM","SUCCESS","Query: HandleTags, HandleTags: 0x0"
"7:12:28.1051864 PM","ctfmon.exe","3980","RegOpenKey","HKLM\Software\Microsoft\Input\Settings","SUCCESS","Desired Access: Read"
"7:12:28.1051907 PM","Procmon64.exe","1132","QueryOpen","C:\Windows\System32\gdi32full.dll","FAST IO DISALLOWED",""
"7:12:28.1052065 PM","ctfmon.exe","3980","RegQueryKey","HKCU","SUCCESS","Query: HandleTags, HandleTags: 0x0"
"7:12:28.1052131 PM","Explorer.EXE","4184","RegOpenKey","HKCU\Software\Classes\CLSID\{56AD4C5D-B908-4F85-8FF1-7940C29B3BCF}\Instance","NAME NOT FOUND","Desired Access: Read"
"7:12:28.1052164 PM","ctfmon.exe","3980","RegOpenKey","HKCU\Software\Microsoft\Input\Settings","NAME NOT FOUND","Desired Access: Read"
"7:12:28.1052297 PM","ctfmon.exe","3980","RegQueryKey","HKLM\SOFTWARE\Microsoft\Input\Settings","SUCCESS","Query: HandleTags, HandleTags: 0x0"
"7:12:28.1052325 PM","Explorer.EXE","4184","RegOpenKey","HKCR\CLSID\{56AD4C5D-B908-4F85-8FF1-7940C29B3BCF}\Instance","NAME NOT FOUND","Desired Access: Read"
"7:12:28.1052368 PM","ctfmon.exe","3980","RegOpenKey","HKLM\SOFTWARE\Microsoft\Input\Settings\proc_1\loc_0409\im_1","SUCCESS","Desired Access: Query Value"
"7:12:28.1052475 PM","ctfmon.exe","3980","RegQueryValue","HKLM\SOFTWARE\Microsoft\Input\Settings\proc_1\loc_0409\im_1\COMMONEMOJIPRETERMINATORS","NAME NOT FOUND","Length: 144"
"7:12:28.1052579 PM","ctfmon.exe","3980","RegCloseKey","HKLM\SOFTWARE\Microsoft\Input\Settings\proc_1\loc_0409\im_1","SUCCESS",""
"7:12:28.1052661 PM","ctfmon.exe","3980","RegQueryKey","HKLM\SOFTWARE\Microsoft\Input\Settings","SUCCESS","Query: HandleTags, HandleTags: 0x0"
"7:12:28.1052731 PM","ctfmon.exe","3980","RegOpenKey","HKLM\SOFTWARE\Microsoft\Input\Settings\proc_1\loc_0409","SUCCESS","Desired Access: Query Value"
"7:12:28.1052808 PM","ctfmon.exe","3980","RegQueryValue","HKLM\SOFTWARE\Microsoft\Input\Settings\proc_1\loc_0409\COMMONEMOJIPRETERMINATORS","NAME NOT FOUND","Length: 144"
"7:12:28.1052882 PM","ctfmon.exe","3980","RegCloseKey","HKLM\SOFTWARE\Microsoft\Input\Settings\proc_1\loc_0409","SUCCESS",""
"7:12:28.1052950 PM","ctfmon.exe","3980","RegQueryKey","HKLM\SOFTWARE\Microsoft\Input\Settings","SUCCESS","Query: HandleTags, HandleTags: 0x0"
"7:12:28.1053016 PM","ctfmon.exe","3980","RegOpenKey","HKLM\SOFTWARE\Microsoft\Input\Settings\proc_1","SUCCESS","Desired Access: Query Value"
"7:12:28.1053087 PM","ctfmon.exe","3980","RegQueryValue","HKLM\SOFTWARE\Microsoft\Input\Settings\proc_1\COMMONEMOJIPRETERMINATORS","SUCCESS","Type: REG_SZ, Length: 14, Data: :;.-_="
"7:12:28.1053169 PM","ctfmon.exe","3980","RegCloseKey","HKLM\SOFTWARE\Microsoft\Input\Settings\proc_1","SUCCESS",""
"7:12:28.1053236 PM","ctfmon.exe","3980","RegCloseKey","HKLM\SOFTWARE\Microsoft\Input\Settings","SUCCESS",""
"7:12:28.1053319 PM","ctfmon.exe","3980","RegQueryKey","HKLM","SUCCESS","Query: HandleTags, HandleTags: 0x0"
"7:12:28.1053386 PM","ctfmon.exe","3980","RegOpenKey","HKLM\Software\Microsoft\Input\Settings","SUCCESS","Desired Access: Read"
"7:12:28.1053467 PM","ctfmon.exe","3980","RegQueryKey","HKCU","SUCCESS","Query: HandleTags, HandleTags: 0x0"
"7:12:28.1053533 PM","ctfmon.exe","3980","RegOpenKey","HKCU\Software\Microsoft\Input\Settings","NAME NOT FOUND","Desired Access: Read"
"7:12:28.1053619 PM","ctfmon.exe","3980","RegQueryKey","HKLM\SOFTWARE\Microsoft\Input\Settings","SUCCESS","Query: HandleTags, HandleTags: 0x0"
"7:12:28.1053685 PM","ctfmon.exe","3980","RegOpenKey","HKLM\SOFTWARE\Microsoft\Input\Settings\proc_1\loc_0409\im_1","SUCCESS","Desired Access: Query Value"
"7:12:28.1053764 PM","ctfmon.exe","3980","RegQueryValue","HKLM\SOFTWARE\Microsoft\Input\Settings\proc_1\loc_0409\im_1\AUTOCORRECTSUPPRESSPREVCHARS","NAME NOT FOUND","Length: 144"
"7:12:28.1053859 PM","ctfmon.exe","3980","RegCloseKey","HKLM\SOFTWARE\Microsoft\Input\Settings\proc_1\loc_0409\im_1","SUCCESS",""
"7:12:28.1053938 PM","ctfmon.exe","3980","RegQueryKey","HKLM\SOFTWARE\Microsoft\Input\Settings","SUCCESS","Query: HandleTags, HandleTags: 0x0"
"7:12:28.1054010 PM","ctfmon.exe","3980","RegOpenKey","HKLM\SOFTWARE\Microsoft\Input\Settings\proc_1\loc_0409","SUCCESS","Desired Access: Query Value"
"7:12:28.1054090 PM","ctfmon.exe","3980","RegQueryValue","HKLM\SOFTWARE\Microsoft\Input\Settings\proc_1\loc_0409\AUTOCORRECTSUPPRESSPREVCHARS","NAME NOT FOUND","Length: 144"
"7:12:28.1054166 PM","ctfmon.exe","3980","RegCloseKey","HKLM\SOFTWARE\Microsoft\Input\Settings\proc_1\loc_0409","SUCCESS",""
"7:12:28.1054236 PM","ctfmon.exe","3980","RegQueryKey","HKLM\SOFTWARE\Microsoft\Input\Settings","SUCCESS","Query: HandleTags, HandleTags: 0x0"
"7:12:28.1054309 PM","ctfmon.exe","3980","RegOpenKey","HKLM\SOFTWARE\Microsoft\Input\Settings\proc_1","SUCCESS","Desired Access: Query Value"
"7:12:28.1054382 PM","ctfmon.exe","3980","RegQueryValue","HKLM\SOFTWARE\Microsoft\Input\Settings\proc_1\AUTOCORRECTSUPPRESSPREVCHARS","SUCCESS","Type: REG_SZ, Length: 10, Data: ./@\"
"7:12:28.1054464 PM","ctfmon.exe","3980","RegCloseKey","HKLM\SOFTWARE\Microsoft\Input\Settings\proc_1","SUCCESS",""
"7:12:28.1054532 PM","ctfmon.exe","3980","RegCloseKey","HKLM\SOFTWARE\Microsoft\Input\Settings","SUCCESS",""
"7:12:28.1054605 PM","ctfmon.exe","3980","RegQueryKey","HKLM","SUCCESS","Query: HandleTags, HandleTags: 0x0"
"7:12:28.1054683 PM","ctfmon.exe","3980","RegOpenKey","HKLM\Software\Microsoft\Input\Settings","SUCCESS","Desired Access: Read"
"7:12:28.1054764 PM","ctfmon.exe","3980","RegQueryKey","HKCU","SUCCESS","Query: HandleTags, HandleTags: 0x0"
"7:12:28.1054829 PM","ctfmon.exe","3980","RegOpenKey","HKCU\Software\Microsoft\Input\Settings","NAME NOT FOUND","Desired Access: Read"
"7:12:28.1054914 PM","ctfmon.exe","3980","RegQueryKey","HKLM\SOFTWARE\Microsoft\Input\Settings","SUCCESS","Query: HandleTags, HandleTags: 0x0"
"7:12:28.1054979 PM","ctfmon.exe","3980","RegOpenKey","HKLM\SOFTWARE\Microsoft\Input\Settings\proc_1\loc_0409\im_1","SUCCESS","Desired Access: Query Value"
"7:12:28.1055058 PM","ctfmon.exe","3980","RegQueryValue","HKLM\SOFTWARE\Microsoft\Input\Settings\proc_1\loc_0409\im_1\TRANSLITERATIONSYMBOLS","NAME NOT FOUND","Length: 144"
"7:12:28.1055141 PM","ctfmon.exe","3980","RegCloseKey","HKLM\SOFTWARE\Microsoft\Input\Settings\proc_1\loc_0409\im_1","SUCCESS",""
"7:12:28.1055214 PM","ctfmon.exe","3980","RegQueryKey","HKLM\SOFTWARE\Microsoft\Input\Settings","SUCCESS","Query: HandleTags, HandleTags: 0x0"
"7:12:28.1055241 PM","Procmon64.exe","1132","CreateFile","C:\Windows\System32\gdi32full.dll","SUCCESS","Desired Access: Read Attributes, Disposition: Open, Options: Open Reparse Point, Attributes: n/a, ShareMode: Read, Write, Delete, AllocationSize: n/a, OpenResult: Opened"
"7:12:28.1055280 PM","ctfmon.exe","3980","RegOpenKey","HKLM\SOFTWARE\Microsoft\Input\Settings\proc_1\loc_0409","SUCCESS","Desired Access: Query Value"
"7:12:28.1055353 PM","ctfmon.exe","3980","RegQueryValue","HKLM\SOFTWARE\Microsoft\Input\Settings\proc_1\loc_0409\TRANSLITERATIONSYMBOLS","NAME NOT FOUND","Length: 144"
"7:12:28.1055380 PM","Procmon64.exe","1132","QueryBasicInformationFile","C:\Windows\System32\gdi32full.dll","SUCCESS","CreationTime: 12/4/2023 4:49:15 AM, LastAccessTime: 3/9/2026 7:02:00 PM, LastWriteTime: 12/4/2023 4:49:15 AM, ChangeTime: 3/10/2026 12:49:06 AM, FileAttributes: A"
"7:12:28.1055425 PM","ctfmon.exe","3980","RegCloseKey","HKLM\SOFTWARE\Microsoft\Input\Settings\proc_1\loc_0409","SUCCESS",""
